id,industry_driver,name,gender,person_characteristics,event_date,event_country,involvement_perpetrator_type,event_continent,act_type,year
recX3dxigUJx6cawV,Land,Celestina Jara,Female,Indigenous Peoples,2012-12-10,Argentina,Police,Americas,Murder,2012
rectNwUnWnra6CrB7,Land,Rafael Nahuel,Male,Indigenous Peoples,2017-11-25,Argentina,Police,Americas,Murder,2017
recGzhVTQVC6Vk4TD,Agribusiness,Miguel Galván,Male,Indigenous Peoples,2012-10-10,Argentina,Hitmen,Americas,Murder,2012
recSKV5PGSRCCqHCC,Land,Lila Coyipé,Female,Indigenous Peoples,2012-12-10,Argentina,Police,Americas,Murder,2012
recblmJBV1RWYu1sp,Agribusiness,Santiago Maldonado,Male,Demonstrators,2017-08-01,Argentina,Police,Americas,Murder,2017
recG5JS5WOLkd0KCM,Agribusiness,Juan Carlos González,Male,Small-scale farmer,2020-09-15,Argentina,Other,Americas,Murder,2020
recPxGClUTBGciNUc,Land,Elías Garay,Male,Indigenous Peoples,2021-11-21,Argentina,Hitmen,Americas,Murder,2021
recBOI5i1AcYOQqlX,Agribusiness,Luis Antonio Martínez,Male,Indigenous Peoples,2024-04-05,Argentina,Private security guards,Americas,Murder,2024
recCtQtbHzyQOHarn,Land,Ronald Aceituno Romero,Male,Small-scale farmer,2019-09-28,Bolivia,Hitmen,Americas,Murder,2019
recuBii8CuqdO1zF3,Land,Lino Peña Vaca,Male,Indigenous Peoples,2021-07-05,Bolivia,Other,Americas,Murder,2021
recT4N2kxjEghGoGn,Agribusiness,Geusivan Silva de Lima,Male,Indigenous Peoples,2012-07-31,Brazil,Hitmen,Americas,Murder,2012
recTlF5YudDLWUbCO,Land,Paulo Sérgio Santos,Male,Afrodescendant,2014-07-06,Brazil,Unknown,Americas,Murder,2014
recTlP8RU8HywySv3,Land,Indigenous Yanomami 1,Male,Indigenous Peoples,2013-04-14,Brazil,Unknown,Americas,Murder,2013
recTHpokyildPEKxC,Logging,Joel Martins Gavião Krenyê,Male,Indigenous Peoples,2016-04-21,Brazil,Unknown,Americas,Murder,2016
recU100r9uNywXAUb,Land,Eraldo Moreira Luz,Male,Small-scale farmer,2017-09-13,Brazil,Hitmen,Americas,Murder,2017
recUlTrvE4mVuQbrE,Agribusiness,Ozeir Rodrigues da Silva,Male,Small-scale farmer,2017-05-24,Brazil,Police,Americas,Murder,2017
recUJi2hmhy4QugnF,Land,João Fernandes da Silva,Male,Small-scale farmer,2015-10-17,Brazil,Other,Americas,Murder,2015
recUVhuvTwArczWae,Land,Maria da Lurdes Fernandes Silva,Female,Small-scale farmer,2017-07-25,Brazil,Unknown,Americas,Murder,2017
recVuFRaHZeQwPfeV,Land,Jailson de Jesus Santos,Male,Other,2014-02-06,Brazil,Unknown,Americas,Murder,2014
recVuxJkPE4VBS2XQ,Logging,Valmir Rangeu do Nascimento,Male,Small-scale farmer,2017-04-19,Brazil,Organised crime / mafias,Americas,Murder,2017
recV4ndIvDiiR5bRv,Land,Lelo Akay Munduruku,Male,Indigenous Peoples,2012-06-23,Brazil,Unknown,Americas,Murder,2012
recV6dx0B2ZllPpXs,Land,Manoel Índio Arruda,Male,Small-scale farmer,2017-07-25,Brazil,Unknown,Americas,Murder,2017
recV7ABNrDIabK6lM,Land,Anderson Mateus André dos Santos,Male,Small-scale farmer,2015-11-22,Brazil,Unknown,Americas,Murder,2015
recVlRFgmtt7y1HKS,Agribusiness,Regivaldo Pereira da Silva,Male,Small-scale farmer,2017-05-24,Brazil,Police,Americas,Murder,2017
recVTHhDYwuxZ2RZr,Logging,Fernando Gamela,Male,Indigenous Peoples,2016-04-07,Brazil,Unknown,Americas,Murder,2016
recVTVClyuHvMj6x4,Land,Odair Ruiz,Male,Other,2014-09-04,Brazil,Unknown,Americas,Murder,2014
recWDIi7co0fVYLxl,Logging,Manoel Quintino da Silva Kaxarari,Male,Indigenous Peoples,2017-06-26,Brazil,Hitmen,Americas,Murder,2017
recXvZTMqnCNEedN2,Land,Leandro Soares de França Silva,Male,Other,2013-01-06,Brazil,Unknown,Americas,Murder,2013
recX4MJq8q2wpeO1F,Land,Maria das Dores dos Santos Salvador,Female,Other,2015-08-12,Brazil,Other,Americas,Murder,2015
recXh7gTPfWYwaNZE,Land,"Raimundo Alves Borges, ""Cabeça""",Male,Other,2012-04-14,Brazil,Hitmen,Americas,Murder,2012
recXOYYtwr2IYkw9o,Land,José Aldenício da Silva,Male,Indigenous Peoples,2015-10-08,Brazil,Unknown,Americas,Murder,2015
recXYTq8U5QMC1UEe,Agribusiness,Julia Venezuela Almeida Guarani Kaiowá,Female,Indigenous Peoples,2014-12-08,Brazil,Other,Americas,Murder,2014
recYjsn3bQhVrTDzA,Land,Fabiana Pereira de Souza,Female,Other,2012-12-31,Brazil,Unknown,Americas,Murder,2012
recYkvrZNnuVk74LH,Logging,Leomar Bhorbak,Male,,2016-04-07,Brazil,Police,Americas,Murder,2016
recYBcxfFnDVZtlzh,Agribusiness,Genivaldo Braz do Nascimento,Male,Small-scale farmer,2016-07-08,Brazil,Unknown,Americas,Murder,2016
recYV8gStQc72WfHQ,Land,Raimundo Rodrigues da Silva,Male,Small-scale farmer,2014-02-24,Brazil,Unknown,Americas,Murder,2014
recZwv1VbNaYDcyC2,Land,Nilton Santos Nunes,Male,Other,2012-03-23,Brazil,Hitmen,Americas,Murder,2012
recZ13cB3NsPWRnMY,Land,Pedro Bruno,Male,Other,2012-04-02,Brazil,Hitmen,Americas,Murder,2012
recZp7aNxcrMsIaDs,Land,Aurino Santos Calazans,Male,Indigenous Peoples,2013-11-08,Brazil,Landowners,Americas,Murder,2013
recZIPHhVMKnZv4Es,Mining & Extractives,Paulo Sérgio Almeida Nascimento,Male,Other,2018-03-12,Brazil,Unknown,Americas,Murder,2018
rec0wMBybJBesPP9h,Logging,Assis Guajajara,Male,Indigenous Peoples,2016-04-22,Brazil,Unknown,Americas,Murder,2016
rec0yYiIPEpxpb7Qm,Mining & Extractives,Fernando Pereira,Male,Other,2017-12-22,Brazil,Unknown,Americas,Murder,2017
rec06GvmhOXS6A0z2,Land,Carlos Eduardo Cabral Francisco,Male,Small-scale farmer,2014-02-22,Brazil,Unknown,Americas,Murder,2014
rec0iWdN3AKpSqecA,Land,Aguinaldo Ribeiro Queiroz,Male,Small-scale farmer,2014-09-17,Brazil,Landowners,Americas,Murder,2014
rec0kbQOF2MzUaABT,Agribusiness,Clodiodi Aquileu Rodrigues de Souza,Male,Indigenous Peoples,2016-06-14,Brazil,Private security guards,Americas,Murder,2016
rec0mRZ6ee2WbLOD6,Land,João Pereira de Oliveira,Male,Afrodescendant,2016-04-15,Brazil,Hitmen,Americas,Murder,2016
rec0EfdlMKTtg26LO,Land,Antônio Carlos Biazini,Male,Other,2012-11-30,Brazil,Unknown,Americas,Murder,2012
rec0JyHXVZ8vy25qX,Land,Rubens Santiago do Nascimento,Male,Other,2014-04-24,Brazil,Unknown,Americas,Murder,2014
rec0LHrbrFsVhFlGX,Land,Silvino Nunes Gouveia,Male,Small-scale farmer,2017-04-23,Brazil,Unknown,Americas,Murder,2017
rec0ThxG3lhLOcvjG,Hydropower,Nilce de Souza Magalhães,Female,Small-scale farmer,2016-01-07,Brazil,Unknown,Americas,Murder,2016
rec0Uq16WxJ6PIacG,Land,Amauri Pereira Silva,Male,Afrodescendant,2017-08-06,Brazil,Organised crime / mafias,Americas,Murder,2017
rec0Wr06CUNYgpOWP,Land,Orlando Pereira Sales,Male,Other,2012-11-29,Brazil,Unknown,Americas,Murder,2012
rec1xGm0IOUQuX0ai,Land,Luis Antônio Bonfim,Male,Small-scale farmer,2016-02-12,Brazil,Hitmen,Americas,Murder,2016
rec1P2afkDkuYMuPd,Land,Matheus Sousa Barros,Male,Children,2015-02-17,Brazil,Other,Americas,Murder,2015
rec1SNHUoo7UvrayC,Land,José Pontes da Silva,Male,Other,2012-10-23,Brazil,Unknown,Americas,Murder,2012
rec1VboANXOkj1uyA,Land,Waldomiro Costa Pereira,Male,Other,2017-03-20,Brazil,Unknown,Americas,Murder,2017
rec28obppVJ5299uH,Mining & Extractives,Jander Borges Farias,Male,Other,2015-04-17,Brazil,Unknown,Americas,Murder,2015
rec2mpPSYMiN17mT3,Logging,José Queiros Guajajara,Male,Indigenous Peoples,2016-09-23,Brazil,Landowners,Americas,Murder,2016
rec20twwshXk2NFPb,Poaching,Edilson Pereira dos Santos,Male,State official,2017-08-18,Brazil,Poachers,Americas,Murder,2017
rectak1Fq71NNYO0h,Logging,José Caneta Gavião,Male,Indigenous Peoples,2017-03-03,Brazil,Organised crime / mafias,Americas,Murder,2017
rectgTvWxZRu3iShV,Logging,Candide Zaraky Tenetehar/Guajajara,Male,Indigenous Peoples,2016-07-28,Brazil,Other,Americas,Murder,2016
rectWfUazCfH7RxEE,Land,Sebastião Pereira dos Santos,Male,Small-scale farmer,2016-09-28,Brazil,Unknown,Americas,Murder,2016
rect0H6iINMkvRtG0,Agribusiness,Edilene Mateus Porto,Female,Small-scale farmer,2016-09-13,Brazil,Police,Americas,Murder,2016
rect00N6JJf8ZLlqk,Land,João Natalício Xukuru-Kariri,Male,Indigenous Peoples,2016-10-11,Brazil,Unknown,Americas,Murder,2016
recuz9eb0yt6V3Dm5,Land,Daniel Aciari,Male,Small-scale farmer,2015-10-17,Brazil,Other,Americas,Murder,2015
recu7hVxJhRwp77fI,Land,Luís Carlos da Silva,Male,Small-scale farmer,2016-05-22,Brazil,Unknown,Americas,Murder,2016
recu9JWEvJahDDryp,Land,Maria Paciência dos Santos,Female,Other,2014-08-12,Brazil,Other,Americas,Murder,2014
recupMxU7TerAFYLi,Land,Gilberto Tiago Brandão,Male,Other,2012-02-25,Brazil,Hitmen,Americas,Murder,2012
recvt9UNDOzgcVoaU,Mining & Extractives,Adenilson Kirixi Munduruku,Male,Indigenous Peoples,2012-11-07,Brazil,Police,Americas,Murder,2012
recvzLuBMxKktUqlY,Land,Reginaldo Alves Pereira,Male,Small-scale farmer,2013-10-25,Brazil,Unknown,Americas,Murder,2013
recvdkWJVrLRcTkBZ,Land,Valdir Pereira Silva,Male,Afrodescendant,2017-08-06,Brazil,Organised crime / mafias,Americas,Murder,2017
recvW6l1EihHab5HC,Land,Indigenous Yanomami 2,Male,Indigenous Peoples,2013-04-14,Brazil,Unknown,Americas,Murder,2013
recwrLdk68q2VSXqB,Land,Carvalino Kaiowá,Male,Indigenous Peoples,2014-06-07,Brazil,Private security guards,Americas,Murder,2014
recwhIFhD1o5B8Xv8,Land,Luiz Jorge Araújo,Male,Small-scale farmer,2016-08-05,Brazil,Landowners,Americas,Murder,2016
recwjxdjnu54ivihI,Logging,Raimundo Nonato da Silva Chalub,Male,Small-scale farmer,2012-11-21,Brazil,Unknown,Americas,Murder,2012
recwDyjAPR1PHYzVW,Land,Maria José Amorim Silva Lima,Female,Other,2014-07-10,Brazil,Unknown,Americas,Murder,2014
recwIPpVuEvGTt4Vf,Land,João Pereira Sobrinho,Male,Other,2015-10-17,Brazil,Other,Americas,Murder,2015
recwWPKWs7J0qlAeo,Land,Valdemir Resplandes,Male,Small-scale farmer,2018-01-09,Brazil,Hitmen,Americas,Murder,2018
recxAHG3WFXI5BCFQ,Land,Zilquenia Machado Queiroz,Female,Other,2015-06-30,Brazil,Unknown,Americas,Murder,2015
recy1PVszaX9l4exg,Agribusiness,Isaque Dias Ferreira,Male,Small-scale farmer,2016-09-13,Brazil,Police,Americas,Murder,2016
recylpAYB7yHDsEVr,Land,Maria Lúcia do Nascimento,Female,Other,2014-08-13,Brazil,Landowners,Americas,Murder,2014
recypnxuvb1KBnRQK,Land,Delson Mota,Male,Other,2015-07-15,Brazil,Unknown,Americas,Murder,2015
recyGB955xB00iJPb,Land,Lúcio Gonçalves dos Santos,Male,Small-scale farmer,2014-12-18,Brazil,Landowners,Americas,Murder,2014
reczusFxykXygpB8r,Land,Claudio Bezerra da Costa,Male,Small-scale farmer,2015-10-31,Brazil,Unknown,Americas,Murder,2015
recz96TLIXTZCbO43,Logging,João Oliveira da Silva Kaxarari,Male,Indigenous Peoples,2012-08-26,Brazil,Unknown,Americas,Murder,2012
reczTiQaUpPJJCUZd,Land,Paulo César Cordoval Ferreira,Male,Small-scale farmer,2013-05-09,Brazil,Unknown,Americas,Murder,2013
reczWS3Y2IC6dz5tw,Land,Antônio Maciel,Male,Other,2013-11-30,Brazil,Unknown,Americas,Murder,2013
recA2Xz6naQpPKlyi,Land,Rosenilton de Almeida,Male,Afrodescendant,2017-07-07,Brazil,Hitmen,Americas,Murder,2017
recAGY83ZXpAvpZ3m,Land,Elivelton Castelo Nascimento,Male,Other,2017-02-15,Brazil,Unknown,Americas,Murder,2017
recAKhbGb526ze70t,Land,José Ribeiro dos Santos,Male,,2013-02-14,Brazil,Landowners,Americas,Murder,2013
recASnhwXSDqBEf5O,Land,Marinalva Manoel,Female,Indigenous Peoples,2014-11-01,Brazil,Unknown,Americas,Murder,2014
recB6h11HY95cWB2Y,Logging,Edson Alves Antunes,Male,Small-scale farmer,2017-04-19,Brazil,Organised crime / mafias,Americas,Murder,2017
recBfJOsEBWfMJh0S,Logging,Isaías Guajajara,Male,Indigenous Peoples,2016-04-19,Brazil,Unknown,Americas,Murder,2016
recBU8cfywvx9AM3r,Logging,Marinalva Silva de Souza,Female,Small-scale farmer,2017-12-14,Brazil,Landowners,Americas,Disappearance,2017
recB0PGttMTZlfN1c,Land,Geraldo de Campos Bandeira,Male,Small-scale farmer,2016-05-09,Brazil,Unknown,Americas,Murder,2016
recCtaeVxtZwv5vzE,Land,Luís Alberto Araújo,Male,State official,2016-10-13,Brazil,Hitmen,Americas,Murder,2016
recCEgDmZxMcsTkY2,Mining & Extractives,Almir Nogueira de Amorim Araújo,Male,Other,2012-06-22,Brazil,Unknown,Americas,Murder,2012
recCZX643jfSxvfBQ,Agribusiness,Nivaldo Batista Cordeiro,Male,Small-scale farmer,2016-04-24,Brazil,Landowners,Americas,Murder,2016
recD318RFBEwJ1QdN,Land,Raimundo Mota de Souza Junior,Male,Afrodescendant,2017-07-13,Brazil,Unknown,Americas,Murder,2017
recD0BDdazsvozMKa,Unknown,Orestes Rodrigues de Castro,Male,Small-scale farmer,2017-03-04,Brazil,Landowners,Americas,Murder,2017
recEy3TmeRThJgYiU,Land,Ademilson Vieira dos Santos,Male,Indigenous Peoples,2013-11-08,Brazil,Landowners,Americas,Murder,2013
recEzNbdlS3TPqfM0,Land,Gonçalo Araújo,Male,Other,2014-01-17,Brazil,Unknown,Americas,Murder,2014
recEhFNzhPYYTmzwK,Land,Gilmar Alves da Silva,Male,Indigenous Peoples,2015-05-03,Brazil,Unknown,Americas,Murder,2015
recEG96JbuJh5KEnQ,Land,Ademir de Souza Pereira,Male,Afrodescendant,2017-07-06,Brazil,Hitmen,Americas,Murder,2017
recEUG6ZKRRU3hUoV,Logging,Artêmio Gusmão,Male,Afrodescendant,2014-07-04,Brazil,Unknown,Americas,Murder,2014
recFkq92Ajl1xZPJC,Land,Marcos Pereira Silva,Male,Afrodescendant,2017-08-06,Brazil,Organised crime / mafias,Americas,Murder,2017
recFliogjeFCFbBpY,Logging,Aldo Aparecido Carlini,Male,Small-scale farmer,2017-04-19,Brazil,Organised crime / mafias,Americas,Murder,2017
recFCkvIMSx0T8ZZx,Land,Clayton Luis dos Anjos Medeiros,Male,Other,2013-06-20,Brazil,Unknown,Americas,Murder,2013
recFKL1xF69WcNaZw,Land,Wilson Ambrósio da Silva,Male,Indigenous Peoples,2013-07-09,Brazil,Unknown,Americas,Murder,2013
recFVxWpICMy1j9zn,Unknown,Paulo Sérgio Bento Oliveira,Male,Small-scale farmer,2017-05-16,Brazil,Police,Americas,Murder,2017
recGiAs1lnUQC0YFB,Agribusiness,Ruan Hildebran Aguiar,Male,Children,2016-01-31,Brazil,Police,Americas,Murder,2016
recGi1jifoEDl3Aw2,Logging,Alexsandro dos Santos Gomes,Male,Small-scale farmer,2016-05-31,Brazil,Landowners,Americas,Murder,2016
recGlvJFBxUoLqBqy,Land,Zé Sapo,Male,Afrodescendant,2016-03-31,Brazil,Private security guards,Americas,Murder,2016
recHxbFhIRKdXk6Uf,Land,Cleidiane Alves Teodoro,Female,Children,2016-05-22,Brazil,Unknown,Americas,Murder,2016
recH5TAJkvdDQoBss,Unknown,Renato Souza Benevides,Male,Other,2017-03-04,Brazil,Unknown,Americas,Murder,2017
recH68ZXWC6UBZx71,Land,Edvaldo Bispo de Santana,Male,Other,2012-04-12,Brazil,Landowners,Americas,Murder,2012
recHlSTHNyOosXZc3,Land,Dinhana Nink,Female,Other,2012-03-31,Brazil,Hitmen,Americas,Murder,2012
recHV8t1zqumtIGCE,Land,Gildásio Bispo das Neves,Male,Afrodescendant,2017-08-06,Brazil,Organised crime / mafias,Americas,Murder,2017
recH0WjZbd4MHkq0c,Land,Ercias Martins de Paula,Male,Other,2012-03-01,Brazil,Hitmen,Americas,Murder,2012
recI5Cv7jEysYrRZG,Agribusiness,Nazildo dos Santos Brito,Male,Small-scale farmer,2018-04-15,Brazil,Unknown,Americas,Murder,2018
recIbCuzp9b9KClRu,Land,Leidiane Souza Soares,Female,Small-scale farmer,2015-02-17,Brazil,Other,Americas,Murder,2015
recIppOY1WjGCZYvx,Land,José Carlos Alves de Almeida,Male,Other,2012-12-31,Brazil,Unknown,Americas,Murder,2012
recJx2FI6lY3rU3z6,Land,Antônio Ferreira Caetano,Male,Small-scale farmer,2013-07-19,Brazil,Unknown,Americas,Murder,2013
recJongJ281NWaqN0,Land,Samylla Letícia Souza Muniz,Female,Children,2015-02-17,Brazil,Other,Americas,Murder,2015
recJHblLkyDAVcbrM,Land,José Bezerra do Santos,Male,Small-scale farmer,2015-10-17,Brazil,Other,Americas,Murder,2015
recKAHWJulOtNDRm1,Land,Celso Rodrigues,Male,Indigenous Peoples,2013-06-12,Brazil,Unknown,Americas,Murder,2013
recKFim6GrsTZm2fU,Land,Josimar Lima Silva,Male,Other,2013-04-16,Brazil,Unknown,Americas,Murder,2013
recKHbDM5ZU9mtemd,Land,Terezinha Nunes Meciano,Female,Small-scale farmer,2015-11-22,Brazil,Unknown,Americas,Murder,2015
recKQkzSxoC3N1YvG,Agribusiness,Ronaldo Pereira de Souza,Male,Small-scale farmer,2017-05-24,Brazil,Police,Americas,Murder,2017
recKRZaqVODLA7AXs,Land,Jesusmar Batista Farias,Male,Other,2015-08-11,Brazil,Unknown,Americas,Murder,2015
recKVz0L7kRb7oboM,Land,Márcio Matos,Male,Other,2018-01-24,Brazil,Hitmen,Americas,Murder,2018
recL5CV1Pz7H5HzYb,Land,Mamede Gomes de Oliveira,Male,Small-scale farmer,2012-12-23,Brazil,Unknown,Americas,Murder,2012
recL81Bsd4fBRCz5K,Land,Marcus Vinicius de Oliveira,Male,Other,2016-02-04,Brazil,Unknown,Americas,Murder,2016
recL91ly0hPGNON9J,Logging,Daliameali Enawenê-Nawê,Male,Indigenous Peoples,2015-10-24,Brazil,Other,Americas,Murder,2015
recLoPQlhRbASdlgQ,Unknown,Unnamed rural worker,Male,,2015-07-06,Brazil,Unknown,Americas,Murder,2015
recLHKzs32HksfqDj,Land,Gilmar dos Santos de Jesus,Male,Other,2013-02-20,Brazil,Landowners,Americas,Murder,2013
recMsnYTRhBiSZMpC,Agribusiness,Semião Vilhalva,Male,Indigenous Peoples,2015-08-29,Brazil,Private security guards,Americas,Murder,2015
recM4oqQyeDeCxiA3,Agribusiness,Abiair Amaral Gusmão,Male,Afrodescendant,2012-11-07,Brazil,Unknown,Americas,Murder,2012
recM783vIjtTkuG2p,Land,Indigenous Yanomami 3,Male,Indigenous Peoples,2013-04-14,Brazil,Unknown,Americas,Murder,2013
recMaSiGFGmXub3G3,Land,Valdair Roque,Male,Other,2014-05-04,Brazil,Unknown,Americas,Murder,2014
recMBXz4FB9htV6mm,Agribusiness,Francimar de Souza,Male,Small-scale farmer,2015-12-11,Brazil,Private security guards,Americas,Murder,2015
recMOx6SEIJk0ggnQ,Land,Wesley Washington Sousa Barros,Male,Children,2015-02-17,Brazil,Other,Americas,Murder,2015
recNf9uvEvl6sFXTB,Land,Clestina Leonor Sales Nunes,Female,Other,2012-03-23,Brazil,Hitmen,Americas,Murder,2012
recNh2MvWvbA4JfIi,Logging,"Edvaldo da Silva, ""Divaldinho""",Male,Small-scale farmer,2012-01-16,Brazil,Hitmen,Americas,Murder,2012
recNXD6MNW5cpEx4z,Agribusiness,Allysson Henrique Lopes,Male,Small-scale farmer,2016-01-31,Brazil,Police,Americas,Murder,2016
recNXHR5uIQNXxxZo,Land,Indigenous Yanomami child,Unknown,Indigenous Peoples,2013-04-14,Brazil,Unknown,Americas,Murder,2013
recOATrFnYxKBX7PO,Land,Edmilson Alves da Silva,Male,Small-scale farmer,2016-01-22,Brazil,Hitmen,Americas,Murder,2016
recO80bAqOpQ3WwwE,Logging,Ireni da Silva Castro,Female,Small-scale farmer,2014-08-16,Brazil,Unknown,Americas,Murder,2014
recOf5CaV0CKL4WTf,Land,Etevaldo Soares Costa,Male,Small-scale farmer,2017-05-04,Brazil,Landowners,Americas,Murder,2017
recODZ9TdVlB47lwz,Logging,Jairo Feitosa Pereira,Male,Small-scale farmer,2017-12-14,Brazil,Landowners,Americas,Disappearance,2017
recOGkQLorm0vViPt,Land,"Dilson, ""Cipó""",Male,Indigenous Peoples,2013-09-03,Brazil,Unknown,Americas,Murder,2013
recOH0A4y3KHVGLiJ,Land,Valdir Dias Ferreira,Male,Other,2012-03-23,Brazil,Hitmen,Americas,Murder,2012
recOXG2GNQA0KQr0k,Land,João Ferreira dos Santos,Male,Small-scale farmer,2017-10-14,Brazil,Unknown,Americas,Murder,2017
recOYlNLfv23ZwWPn,Land,Edvaldo Rodrigues Ferreira,Male,,2012-06-30,Brazil,Unknown,Americas,Murder,2012
recPwBWaLdzGQj5yt,Agribusiness,Jane Julia de Oliveira,Female,Small-scale farmer,2017-05-24,Brazil,Police,Americas,Murder,2017
recPkBD00IpFHmVg0,Land,Paulo Justino Pereira,Male,Other,2015-05-01,Brazil,Unknown,Americas,Murder,2015
recPBT40aRRcsZl4p,Land,Luciano Ferreira de Andrade,Male,Small-scale farmer,2016-08-18,Brazil,Unknown,Americas,Murder,2016
recPYziEDfwUTKR7C,Logging,Gonzalo Alonso Hernandez,Male,Other,2013-08-05,Brazil,Unknown,Americas,Murder,2013
recQAQ2HHqvADEAMu,Land,Ronair José de Lima,Male,Small-scale farmer,2016-08-04,Brazil,Landowners,Americas,Murder,2016
recQ61CNEMidd9zqY,Land,Célio Tigre,Male,Indigenous Peoples,2012-08-15,Brazil,Unknown,Americas,Murder,2012
recQdMRCoSnXtnp4R,Agribusiness,Weldson Pereira da Silva,Male,Small-scale farmer,2017-05-24,Brazil,Police,Americas,Murder,2017
recQqo7faL2MyXFYz,Land,Jair Cleber dos Santos,Male,Small-scale farmer,2014-09-17,Brazil,Landowners,Americas,Murder,2014
recRsFaCy93gEXC3N,Land,Claudino Pacheco Barreto,Male,Other,2012-09-24,Brazil,Unknown,Americas,Murder,2012
recRoe3Ry10JH31zI,Land,Geraldo Lucas,Male,Small-scale farmer,2016-12-17,Brazil,Other,Americas,Murder,2016
recREBLgzz3TwByAK,Land,Cloves de Souza Palma,Male,Other,2015-06-30,Brazil,Hitmen,Americas,Murder,2015
recRE9fYNPUS3SgR4,Agribusiness,Denilson Quevedo Barbosa,Male,Indigenous Peoples,2013-02-17,Brazil,Landowners,Americas,Murder,2013
recRG7rbYWoolWvFn,Logging,Valdomiro Lopes de Lorena,Male,Small-scale farmer,2016-06-16,Brazil,Landowners,Americas,Murder,2016
recSzj2ElKForotEm,Land,José Osvaldo Rodrigues de Sousa,Male,Other,2015-06-14,Brazil,Private security guards,Americas,Murder,2015
recSgKniMLA0RoMv2,Land,Hercules Santos de Souza,Male,Children,2015-10-10,Brazil,Hitmen,Americas,Murder,2015
recSMFsOz37isxsmE,Land,Indigenous Yanomami 4,Female,Indigenous Peoples,2013-04-14,Brazil,Unknown,Americas,Murder,2013
recSMj6RcooEQlFEJ,Logging,Genésio Guajajara,Male,Indigenous Peoples,2016-04-11,Brazil,Unknown,Americas,Murder,2016
recSWOGb0BEHUGYsx,Unknown,Xukuru-Kariri Damião Lima da Silva,Male,Indigenous Peoples,2017-03-08,Brazil,Unknown,Americas,Murder,2017
rec3xMz8Zj7cOOjrk,Agribusiness,Nelson Souza Milhomem,Male,Small-scale farmer,2017-05-24,Brazil,Police,Americas,Murder,2017
rec3dpkVVhZB8WyIL,Logging,Vilmar Bordim,Male,,2016-04-07,Brazil,Police,Americas,Murder,2016
rec5tZdV7pfZlQaFx,Mining & Extractives,João Luiz Telles Penetra,Male,Other,2012-06-22,Brazil,Unknown,Americas,Murder,2012
rec5nU8ey1g6PC8iT,Other,Jaison Caique Sampaio,Male,Indigenous Peoples,2016-06-02,Brazil,Police,Americas,Murder,2016
rec5CU1tTanVDBPav,Land,Francisca das Chagas Silva,Female,Afrodescendant,2016-02-01,Brazil,Unknown,Americas,Murder,2016
rec5QXrMYMCs4e16k,Land,Francisnilson João Constante de Souza,Male,Small-scale farmer,2012-07-15,Brazil,Unknown,Americas,Murder,2012
rec6t4TA1y6NPi1KZ,Logging,Antônio Isídio Pereira da Silva,Male,Small-scale farmer,2015-12-24,Brazil,Unknown,Americas,Murder,2015
rec6aH1HMLpVsty9k,Logging,Iraúna Ka'apor,Female,Indigenous Peoples,2016-02-01,Brazil,Unknown,Americas,Disappearance,2016
rec6eL9vsv15D9wmP,Logging,Samuel Antônio da Cunha,Male,Small-scale farmer,2017-04-19,Brazil,Organised crime / mafias,Americas,Murder,2017
rec6ec3CWmEHkMr4o,Land,José Enedina,Male,Other,2014-07-21,Brazil,Unknown,Americas,Murder,2014
rec6i3Sm6Ztct33Uc,Logging,Josias Paulino de Castro,Male,Small-scale farmer,2014-08-16,Brazil,Unknown,Americas,Murder,2014
rec6JtmWB8mOvc4C3,Land,Maria do Carmo Moura Ferreira Araújo,Female,Other,2014-01-17,Brazil,Unknown,Americas,Murder,2014
rec6N0OF7mGiDxR6v,Land,Joais da Silva Rocha,Male,Other,2012-11-30,Brazil,Unknown,Americas,Murder,2012
rec6OIifqdmA9rs3V,Land,Flávio Gabriel Pacífico dos Santos,Male,Afrodescendant,2017-09-19,Brazil,Hitmen,Americas,Murder,2017
rec6Ofi79YcJlAmoN,Logging,José Colírio Oliveira Guajajara,Male,Indigenous Peoples,2016-11-26,Brazil,Landowners,Americas,Murder,2016
rec6Vwbk6f1lA0Rgt,Logging,Flávio Lima de Souza,Male,Small-scale farmer,2017-12-14,Brazil,Landowners,Americas,Disappearance,2017
rec7IoYfz1F5Yocvm,Unknown,"Unnamed landless worker 1, Zona Rural de Monte Negro",Male,Other,2015-05-11,Brazil,Unknown,Americas,Murder,2015
rec7TS3acnK0NaLTx,Land,Kátia Martins,Female,Small-scale farmer,2017-05-04,Brazil,Hitmen,Americas,Murder,2017
rec7T4RX1P18sxPOW,Logging,Francisco Chaves da Silva,Male,Small-scale farmer,2017-04-19,Brazil,Organised crime / mafias,Americas,Murder,2017
rec8tz9BfVh0vEXMe,Unknown,"Unnamed landless worker 2, Zona Rural de Monte Negro",Male,Other,2015-05-11,Brazil,Unknown,Americas,Murder,2015
rec8RXLsoS3F5Xfsg,Agribusiness,Roberto Santos Araújo,Male,Small-scale farmer,2017-02-01,Brazil,Unknown,Americas,Murder,2017
rec9r07Srnx8aRAIp,Land,Antônio Tiningo,Male,Other,2012-03-23,Brazil,Hitmen,Americas,Murder,2012
rec94fogSu2KlL0c7,Land,Jorge Matias da Silva,Male,Small-scale farmer,2017-09-13,Brazil,Hitmen,Americas,Murder,2017
rec9JzOPCll7XPk9K,Land,Fábio Carlos da Silva Teixeira,Male,Small-scale farmer,2015-05-12,Brazil,Unknown,Americas,Murder,2015
rec9QQQQAuhhe8VEC,Land,José Lisboa,Male,Small-scale farmer,2016-07-19,Brazil,Unknown,Americas,Murder,2016
recaE7EXwpd7wrABG,Land,Rosivaldo Mesquita Sousa,Male,Other,2013-09-28,Brazil,Unknown,Americas,Murder,2013
recaUOiZhikCA1LuX,Agribusiness,Ivanildo Francisco da Silva,Male,Small-scale farmer,2016-04-07,Brazil,Unknown,Americas,Murder,2016
recbbazqCq1237Tbm,Land,Valdenir Juventino Izidoro,Male,Afrodescendant,2017-06-05,Brazil,Unknown,Americas,Murder,2017
recbd4DC4w4gRWpeu,Logging,Wislen Gonçalves Barbosa,Male,Other,2015-11-17,Brazil,Unknown,Americas,Murder,2015
recboN1c8Ps33tw81,Agribusiness,Osvaldo Rodrigues Costa,Male,Small-scale farmer,2015-11-06,Brazil,Private security guards,Americas,Murder,2015
recbqo3NSdUbvHQm3,Land,"José Barbosa da Silva, ""Zé Albino""",Male,Small-scale farmer,2012-05-15,Brazil,Hitmen,Americas,Murder,2012
recbXO6EzxpCS1zsx,Hydropower,Daniel Vilanova Dias,Male,Other,2015-05-18,Brazil,Other,Americas,Murder,2015
recdiQZAhW0Lb4A35,Land,Eduardo Pereira dos Santos,Male,Afrodescendant,2018-06-21,Brazil,Unknown,Americas,Disappearance,2018
recdmcY7aolxpBKc7,Land,Washington Miranda Muniz,Male,Small-scale farmer,2015-02-17,Brazil,Other,Americas,Murder,2015
recdDAaIHX5kDclVH,Agribusiness,José Antônio Dória dos Santos,Male,Small-scale farmer,2015-01-27,Brazil,Private security guards,Americas,Murder,2015
recdHj1FtqRBuhpkS,Land,Luiz Viana Lima,Male,Indigenous Peoples,2016-11-26,Brazil,Other,Americas,Murder,2016
recdSPHdMkp5o5VBz,Agribusiness,Antonio Pereira Milhomem,Male,Small-scale farmer,2017-05-24,Brazil,Police,Americas,Murder,2017
recdTgJhq6lT800LS,Land,Cícero Guedes dos Santos,Male,Small-scale farmer,2013-01-25,Brazil,Unknown,Americas,Murder,2013
recdYfFzdRCV3cMg4,Land,Roni dos Santos Miranda,Male,Small-scale farmer,2016-02-01,Brazil,Hitmen,Americas,Murder,2016
recerUiRgip6Xo8RE,Agribusiness,Bruno Henrique Pereira Gomes,Male,Small-scale farmer,2017-05-24,Brazil,Police,Americas,Murder,2017
recejf0hguTbT78bO,Logging,Izaul Brito dos Santos,Male,Small-scale farmer,2017-04-19,Brazil,Organised crime / mafias,Americas,Murder,2017
recelLXpns1dxEWNZ,Land,José Nunes da Cruz,Male,Small-scale farmer,2015-10-27,Brazil,Hitmen,Americas,Murder,2015
receWbondTuvqIxMh,Agribusiness,Claudemir Ferreira da Silva,Male,Indigenous Peoples,2012-07-31,Brazil,Hitmen,Americas,Murder,2012
recfsG5w4pGzjZ8mZ,Logging,Sônia Vicente Cacau Gavião,Female,Indigenous Peoples,2017-03-03,Brazil,Organised crime / mafias,Americas,Murder,2017
recf7x6onYUu0Z2Eb,Land,Regina dos Santos Pinho,Female,Small-scale farmer,2013-02-06,Brazil,Unknown,Americas,Murder,2013
recfNyLAkhzuYpoig,Land,José Dias de Oliveira Lopes Guajajara,Male,Indigenous Peoples,2016-11-12,Brazil,Unknown,Americas,Murder,2016
recfWWZmJ3qQyYdxV,Land,Francisco da Conceição Souza Guajajara,Male,Indigenous Peoples,2012-03-09,Brazil,Hitmen,Americas,Murder,2012
recg4hjpD82vbtblm,Land,Rodrigo Pereira de Freitas,Male,Other,2014-07-09,Brazil,Unknown,Americas,Murder,2014
recglECfl2GjTvydd,Land,Luís Carlos Silva,Male,Other,2014-01-05,Brazil,Unknown,Americas,Murder,2014
rechs72KdyX3uDmDa,Land,Adeilton Brito de Souza,Male,Afrodescendant,2017-08-06,Brazil,Organised crime / mafias,Americas,Murder,2017
rech8XSod1pQHpV4L,Land,Valdiro Chagas de Moura,Male,Small-scale farmer,2016-01-23,Brazil,Landowners,Americas,Murder,2016
rechaxiMYjIlS4tvr,Land,Dagner Lemes Pereira,Male,Children,2015-10-17,Brazil,Other,Americas,Murder,2015
rechNtGz3hbSbVf4l,Land,José Bernardo da Silva,Male,Small-scale farmer,2016-04-23,Brazil,Unknown,Americas,Murder,2016
recivEpiZkpPUk96r,Land,Gilzan Teixeira Lima,Male,Other,2013-03-16,Brazil,Unknown,Americas,Murder,2013
reciyhWTffCvckHQV,Land,Raimundo Pires Ferreira,Male,Other,2015-06-30,Brazil,Unknown,Americas,Murder,2015
reciDcyHwwxD5gaJA,Land,Júlio César Souza Muniz,Male,Children,2015-02-17,Brazil,Other,Americas,Murder,2015
reciLwMY7XqIUx9Xc,Logging,Ivan Tenharim,Male,Indigenous Peoples,2013-12-02,Brazil,Unknown,Americas,Murder,2013
reciMc0sLEbsDcRz5,Land,Leônidas Fernandes da Silva,Male,Other,2014-06-01,Brazil,Landowners,Americas,Murder,2014
recjs9zYOsK4rYpLO,Agribusiness,Antônio de Cipriano,Male,Afrodescendant,2017-04-23,Brazil,Unknown,Americas,Murder,2017
recjx2tCN0fb71Igv,Mining & Extractives,Odilon Barbosa do Nascimento,Male,Other,2015-04-10,Brazil,Unknown,Americas,Murder,2015
recj3vUEnPS3Y2Ujn,Hydropower,Leidiane Drosdroski Machado,Female,Other,2015-05-18,Brazil,Other,Americas,Murder,2015
recjkSgAqz9MSD5LA,Agribusiness,Josivani Amaral Gusmão,Male,Afrodescendant,2012-11-07,Brazil,Unknown,Americas,Murder,2012
recjl3eWRYhnXot6K,Logging,Altamiro Lopes Ferreira,Male,Other,2015-03-13,Brazil,Unknown,Americas,Murder,2015
recjPz5bykGg8iYsQ,Logging,Maria Amélia Guajajara,Female,Indigenous Peoples,2012-04-28,Brazil,Unknown,Americas,Murder,2012
reckCKZPrwtYGvNug,Land,Lindomar Fernandes Martins,Male,Small-scale farmer,2017-07-16,Brazil,Unknown,Americas,Murder,2017
reckSQmxZBkkGRWlI,Land,Katison de Souza,Male,Small-scale farmer,2018-06-02,Brazil,Unknown,Americas,Murder,2018
reckW90LHkHclvCfM,Land,Cosme Rosário da Conceição,Male,Afrodescendant,2017-08-06,Brazil,Organised crime / mafias,Americas,Murder,2017
recmDTfaAwoJoPlSq,Agribusiness,Jesser Batista Cordeiro,Male,Small-scale farmer,2016-04-24,Brazil,Landowners,Americas,Murder,2016
recmMP0pB7AvrGzMc,Agribusiness,Weclebson Pereira Milhomem,Male,Small-scale farmer,2017-05-24,Brazil,Police,Americas,Murder,2017
recmXKqy0tBRyz7m1,Land,Agenor Monteiro de Souza Júnior,Male,Indigenous Peoples,2013-11-08,Brazil,Landowners,Americas,Murder,2013
recnxh10H5OIvhN3Q,Logging,Fábio Rodrigues dos Santos,Male,Small-scale farmer,2017-04-19,Brazil,Organised crime / mafias,Americas,Murder,2017
recnzEJH6voPQSxjm,Land,Oziel Gabriel,Male,Indigenous Peoples,2013-05-30,Brazil,Police,Americas,Murder,2013
recnbvdzo8WbkDZoU,Agribusiness,Hércules Santos de Oliveira,Male,Small-scale farmer,2017-05-24,Brazil,Police,Americas,Murder,2017
recnfL9YDa3SeQ7Ey,Land,Fábio dos Santos Silva,Male,Other,2013-04-02,Brazil,Hitmen,Americas,Murder,2013
recng8TlMJ0UxVByj,Logging,Eusébio Ka’apor,Male,Indigenous Peoples,2015-04-26,Brazil,Other,Americas,Murder,2015
recnoRznfpgh8BO5a,Land,Raimundo Silva,Male,Afrodescendant,2017-04-12,Brazil,Unknown,Americas,Murder,2017
recno747ggi9zRz5V,Land,Edinaldo Alves Moreira,Male,Other,2015-07-05,Brazil,Unknown,Americas,Murder,2015
recowfM7DRsypKrei,Logging,Sebastião Ferreira de Souza,Male,Small-scale farmer,2017-04-19,Brazil,Organised crime / mafias,Americas,Murder,2017
reco95BzcvmNYVSAJ,Logging,João Luiz de Maria Pereira,Male,State official,2016-06-17,Brazil,Organised crime / mafias,Americas,Murder,2016
recodQn4I6oHjfgBa,Agribusiness,Ceará,Male,Small-scale farmer,2017-01-29,Brazil,Landowners,Americas,Murder,2017
recpbWL0jviUpsefT,Logging,Hugo Rabelo Leite,Male,Small-scale farmer,2017-12-07,Brazil,Hitmen,Americas,Murder,2017
recpdCSiPb77iPFYp,Land,Enilson Ribeiro dos Santos,Male,Small-scale farmer,2016-01-23,Brazil,Landowners,Americas,Murder,2016
recpjEnXDof5p1iPh,Land,Luís dos Santos Santana,Male,Indigenous Peoples,2014-04-26,Brazil,Unknown,Americas,Murder,2014
recpnDB7GEd7h2Oi5,Agribusiness,Lucas da Costa Silva,Male,Small-scale farmer,2015-12-31,Brazil,Private security guards,Americas,Murder,2015
recpUmMCDfF1Aun1S,Land,Margarido,Male,Other,2013-12-13,Brazil,Unknown,Americas,Murder,2013
recqwVUXlbPPNIIoP,Logging,Raimundo dos Santos Rodrigues,Male,,2015-08-25,Brazil,Landowners,Americas,Murder,2015
recqzeTbUcb3y81kl,Land,Félix Leite dos Santos,Male,Small-scale farmer,2014-07-18,Brazil,Unknown,Americas,Murder,2014
recq2gt8OjQERc9wv,Land,Renato Nathan Gonçalves Pereira,Male,Other,2012-04-09,Brazil,Unknown,Americas,Murder,2012
recqNiyub1npSVUvx,Logging,Ezequias Santos de Oliveira,Male,Small-scale farmer,2017-04-19,Brazil,Organised crime / mafias,Americas,Murder,2017
recqRvWSXGCE0apeJ,Land,Cleomar Rodrigues,Male,Small-scale farmer,2014-10-22,Brazil,Landowners,Americas,Murder,2014
recrr3nvF9HLPC6OO,Land,João Miranda,Male,Other,2015-05-15,Brazil,Landowners,Americas,Murder,2015
recryCedjDENP9dsg,Land,Adenilson da Silva Nascimento,Male,Indigenous Peoples,2015-05-01,Brazil,Hitmen,Americas,Murder,2015
recrlYThcUiSkcygb,Land,Luiz Alves de Campos,Male,Other,2014-08-23,Brazil,Unknown,Americas,Murder,2014
recrpeBZsdWGjqHDS,Land,Machado,Male,Other,2013-04-26,Brazil,Unknown,Americas,Murder,2013
recs9W3NEev3I49kp,Logging,Aponuyre Guajajara,Male,Indigenous Peoples,2016-03-26,Brazil,Other,Americas,Murder,2016
recsFiHV9f95VxbjB,Land,Bernardino Dávila,Male,Indigenous Peoples,2013-11-23,Brazil,Unknown,Americas,Murder,2013
reczjm4j5ntHSIkpm,Other,Haroldo Betcel,Male,Afrodescendant,2018-09-29,Brazil,Landowners,Americas,Murder,2018
recAHuJOppRcNv0cF,Land,Carlos Antônio dos Santos,Male,Small-scale farmer,2018-02-07,Brazil,Hitmen,Americas,Murder,2018
rec5HMT3Riw5H6NKg,Land,Joacir Fran Alves da Mota,Male,Small-scale farmer,2018-03-06,Brazil,Unknown,Americas,Murder,2018
rec4l7hUn3K1qdUdp,Land,Gazimiro Sena Pacheco,Male,Other,2018-01-09,Brazil,Unknown,Americas,Murder,2018
recAlJBFeB6kUXPeI,Logging,Leoci Resplandes de Sousa,Male,Small-scale farmer,2018-06-03,Brazil,Unknown,Americas,Murder,2018
recmwW9lAOFXkZlo6,Land,Lucas de Lima Batista,Male,Small-scale farmer,2018-07-08,Brazil,Hitmen,Americas,Murder,2018
recdKg7TkVmo0IX3H,Land,Ismauro Fatimo dos Santos,Male,Small-scale farmer,2018-07-22,Brazil,Hitmen,Americas,Murder,2018
rece8CDq1R7brnFmG,Land,Edemar Rodrigues da Silva,Male,Small-scale farmer,2018-04-03,Brazil,Unknown,Americas,Murder,2018
recLLVGo6H5E0beno,Logging,Jorginho Guajajara,Male,Indigenous Peoples,2018-08-12,Brazil,Organised crime / mafias,Americas,Murder,2018
recI4O4JBC3bVPXPK,Land,Juvenil Martins Rodrigues,Male,Small-scale farmer,2018-08-01,Brazil,Hitmen,Americas,Murder,2018
recAAJbSVlVtkxeXx,Land,Aluísio Sampaio dos Santos,Male,Other,2018-10-11,Brazil,Landowners,Americas,Murder,2018
recteGfHVy55lwHHC,Unknown,José Bernardo da Silva,Male,Small-scale farmer,2018-12-08,Brazil,Hitmen,Americas,Murder,2018
recsHXgsBzto6x4iU,Unknown,Rodrigo Celestino,Male,Small-scale farmer,2018-12-08,Brazil,Hitmen,Americas,Murder,2018
recX2ktLYQ2b4QJPB,Unknown,Gilson Maria Temponi,Male,Small-scale farmer,2018-12-15,Brazil,Hitmen,Americas,Murder,2018
reclzUpLWGPrrYjfq,Mining & Extractives,Rosane Santiago Silveira,Female,Other,2019-01-29,Brazil,Unknown,Americas,Murder,2019
recfDk8tQJvz3AGh0,Mining & Extractives,Emyra Waiãpi,Male,Indigenous Peoples,2019-07-22,Brazil,Organised crime / mafias,Americas,Murder,2019
rec9f5urATy84Lyq0,Hydropower,Dilma Ferreira Silva,Female,Other,2019-03-22,Brazil,Landowners,Americas,Murder,2019
recpReP7N9KE1eRLt,Hydropower,Claudionor Costa da Silva,Male,Relatives of persons targeted for repression,2019-03-22,Brazil,Landowners,Americas,Murder,2019
recl7kyoyle0uDagy,Hydropower,Milton Lopes,Male,Relatives of persons targeted for repression,2019-03-22,Brazil,Landowners,Americas,Murder,2019
recCQV2FNOKREOib7,Logging,Maxciel Pereira dos Santos,Male,State official,2019-09-06,Brazil,Hitmen,Americas,Murder,2019
recwQRXKhMWrwSb4z,Logging,Paulo Paulino Guajajara,Male,Indigenous Peoples,2019-11-01,Brazil,Organised crime / mafias,Americas,Murder,2019
recvvDxkhEPr6xcl5,Logging,Firmino Guajajara,Male,Indigenous Peoples,2019-12-07,Brazil,Hitmen,Americas,Murder,2019
recJRmqjuD6UZfJsM,Land,Romildo Martins Ramires,Male,Indigenous Peoples,2019-07-29,Brazil,Private security guards,Americas,Murder,2019
recs6n0NbvFPRuinC,Land,Willames Machado Alencar,Male,Indigenous Peoples,2019-06-13,Brazil,Hitmen,Americas,Murder,2019
recvr1GyvNyn3jmih,Land,Carlos Alberto Oliveira de Souza,Male,Indigenous Peoples,2019-08-06,Brazil,Organised crime / mafias,Americas,Murder,2019
reclbMjgTE2aB1F6D,Land,Francisco de Souza Pereira,Male,Indigenous Peoples,2019-02-27,Brazil,Organised crime / mafias,Americas,Murder,2019
recCnHAfE2bWXE56S,Agribusiness,Nemis Machado de Oliveira,Male,Indigenous Peoples,2019-03-30,Brazil,Hitmen,Americas,Murder,2019
recAj6tlSei2BPAkP,Land,Elizeu Queres de Jesus,Male,Small-scale farmer,2019-01-05,Brazil,Private security guards,Americas,Murder,2019
rec1XU9oGCoXF6RS7,Mining & Extractives,Edmar Valdinei Rodrigues Branco,Male,Small-scale farmer,2019-04-19,Brazil,Unknown,Americas,Murder,2019
recRMiDzrFmzOWdRc,Land,Alexandre Coelho Furtado Neto,Male,Small-scale farmer,2019-10-19,Brazil,Unknown,Americas,Murder,2019
rec7dKPItsEDzOLrN,Land,Aluciano Ferreira dos Santos,Male,Small-scale farmer,2019-06-05,Brazil,Hitmen,Americas,Murder,2019
rec2bGUXDorQXSXFL,Land,Gustavo José Simoura,Male,Small-scale farmer,2019-01-11,Brazil,Unknown,Americas,Murder,2019
recW1gi0ACiUuzbwA,Land,José Araújo dos Santos,Male,Small-scale farmer,2019-09-26,Brazil,Landowners,Americas,Murder,2019
rec87103AS2Urjfif,Land,Celino Fernandes,Male,Afrodescendant,2020-01-05,Brazil,Hitmen,Americas,Murder,2020
recwGNVJbDsc5bQ9w,Land,Wanderson de Jesus Rodrigues Fernandes,Male,Afrodescendant,2020-01-05,Brazil,Hitmen,Americas,Murder,2020
rec3xUzv4YrZlOzdo,Agribusiness,Marcio Rodrigues dos Reis,Male,Small-scale farmer,2019-12-04,Brazil,Other,Americas,Murder,2019
recYbOzM4kraZ67j4,Agribusiness,Demilson Ovelar Mendes,Male,Indigenous Peoples,2019-11-14,Brazil,Unknown,Americas,Murder,2019
recKWhjt39DxG8kIX,Land,Francisco Sales Costa de Sousa,Male,Small-scale farmer,2019-12-18,Brazil,Hitmen,Americas,Murder,2019
rec4qbeUrbjiIoldD,Logging,Zezico Rodrigues Guajajara,Male,Indigenous Peoples,2020-03-31,Brazil,Hitmen,Americas,Murder,2020
recA3fsx66qNShfJs,Logging,Raimundo Benício Guajajara,Male,Indigenous Peoples,2019-12-07,Brazil,Hitmen,Americas,Murder,2019
recGMWRm7Ij8Hl9zC,Land,Marciano dos Santos Fosalusa,Male,Small-scale farmer,2019-02-20,Brazil,Hitmen,Americas,Murder,2019
recqXy2XpiKUsm3q9,Logging,Ari Uru-Eu-Wau-Wau,Male,Indigenous Peoples,2020-04-18,Brazil,Unknown,Americas,Murder,2020
recarpg0WSINd73el,Mining & Extractives,Damião Cristino de Carvalho Junior,Male,Park ranger,2020-05-02,Brazil,Other,Americas,Murder,2020
recv0RfKYkDGXzcWd,Mining & Extractives,Original Yanomami,Male,Indigenous Peoples,2020-06-12,Brazil,Organised crime / mafias,Americas,Murder,2020
rec0Ux8tIH3WaOeRe,Mining & Extractives,Marcos Yanomami,Male,Indigenous Peoples,2020-06-12,Brazil,Organised crime / mafias,Americas,Murder,2020
recI8TpEa1UN2g4IE,Land,Virgínio Tupa Rero Jevy Benites,Male,Indigenous Peoples,2020-03-08,Brazil,Hitmen,Americas,Murder,2020
recpjBjEC1MsHNWqh,Land,Raimundo Paulino da Silva Filho,Male,,2020-02-22,Brazil,Unknown,Americas,Murder,2020
recJt1HdaIY3E9wrK,Land,Fernando dos Santos Araújo,Male,Other,2021-01-26,Brazil,Hitmen,Americas,Murder,2021
recncoUFGddbhZcQr,Agribusiness,Carlos Augusto Gomes,Male,Small-scale farmer,2020-07-08,Brazil,Hitmen,Americas,Murder,2020
reccVFjugw6kmDuIq,Logging,Kwaxipuru Kaapor,Male,Indigenous Peoples,2020-08-03,Brazil,Organised crime / mafias,Americas,Murder,2020
rec71wPZgTNdV5Sv1,Land,Fernando Ferreira da Rocha,Male,Lawyer,2020-02-18,Brazil,Hitmen,Americas,Murder,2020
rec3jTIBeVAGh8pbI,Hydropower,Josimar Moraes Lopes,Male,Indigenous Peoples,2020-08-07,Brazil,Organised crime / mafias,Americas,Murder,2020
recUCskLcpMmD4P68,Hydropower,Josivan Moraes Lopes,Male,Indigenous Peoples,2020-08-07,Brazil,Organised crime / mafias,Americas,Disappearance,2020
rec6Iz49Xz60Q9Usj,Hydropower,Mateus Cristiano Araújo,Male,Children,2020-08-09,Brazil,Organised crime / mafias,Americas,Murder,2020
recwcLVGNfoPGSOt5,Hydropower,Anderson Barbosa Monteiro,Male,Indigenous Peoples,2020-08-09,Brazil,Organised crime / mafias,Americas,Murder,2020
recoFOguvq2kWZm7L,Hydropower,Vanderlânia de Souza Araújo,Female,Indigenous Peoples,2020-08-09,Brazil,Organised crime / mafias,Americas,Murder,2020
reck16AfC2CVMwJyd,Land,Antônio Correia dos Santos,Male,Afrodescendant,2020-05-08,Brazil,Hitmen,Americas,Murder,2020
recSyydmHzQ75RDAH,Land,Claudomir Bezerra de Freitas,Male,Small-scale farmer,2020-10-26,Brazil,Landowners,Americas,Murder,2020
rec14YSaBhg96Fhiq,Land,Raimundo Nonato Batista Costa,Male,Small-scale farmer,2020-08-15,Brazil,Unknown,Americas,Murder,2020
recNpBGg2daNQUUgR,Land,Alex Barros Santos da Silva,Male,Indigenous Peoples,2021-09-23,Brazil,Hitmen,Americas,Murder,2021
recal2BWRZaBZaDAi,Land,Isac Tembé,Male,Indigenous Peoples,2021-02-12,Brazil,Police,Americas,Murder,2021
rechzRskXWAOiGlUu,Land,Reginaldo Alves Barros,Male,Small-scale farmer,2021-06-18,Brazil,Unknown,Americas,Murder,2021
recgmI4883Ok9xzQh,Land,Maria da Luz Benício de Sousa,Female,Small-scale farmer,2021-06-18,Brazil,Unknown,Americas,Murder,2021
recQwmLIkzpA8Tpgw,Land,José do Carmo Corrêa Júnior,Male,Other,2021-11-12,Brazil,Landowners,Americas,Murder,2021
reco2FvAHezoUlhZF,Land,Maria José Rodrigues,Female,Other,2021-11-12,Brazil,Landowners,Americas,Murder,2021
recUChoX3XJYBkNKM,Land,Sidinei Floriano Da Silva,Male,Other,2021-11-16,Brazil,Private security guards,Americas,Murder,2021
recDxRzbgtI8AyYag,Land,Antônio Gonçalves Diniz,Male,Afrodescendant,2021-07-02,Brazil,Hitmen,Americas,Murder,2021
recG8rRobhdTFbQeV,Land,João de Deus Moreira Rodrigues,Male,Small-scale farmer,2021-10-29,Brazil,Hitmen,Americas,Murder,2021
rech7pHluHoktD75T,Agribusiness,Kevin Fernando Holanda de Souza,Male,Small-scale farmer,2021-08-13,Brazil,Police,Americas,Murder,2021
reciGWBCSoyFZ9ea5,Agribusiness,Amaral José Stoco Rodrigues,Male,Small-scale farmer,2021-08-13,Brazil,Police,Americas,Murder,2021
recEVVmy3q99jveBV,Agribusiness,Amarildo Aparecido Rodrigues,Male,Small-scale farmer,2021-08-13,Brazil,Police,Americas,Murder,2021
recsSEb1vH1Xc8eUa,Land,Getúlio Coutinho dos Santos,Male,Small-scale farmer,2021-08-06,Brazil,Hitmen,Americas,Murder,2021
recl0YapCOJDlpCVm,Land,Roberto Muniz Campista,Male,Small-scale farmer,2021-10-16,Brazil,Hitmen,Americas,Murder,2021
recWf2mSQ66pP5yce,Land,José Gomes,Male,Other,2022-01-09,Brazil,Unknown,Americas,Murder,2022
recHiyu3okkrPR5a6,Land,Márcia Nunes Lisboa,Female,Other,2022-01-09,Brazil,Unknown,Americas,Murder,2022
recor11S8SOX2JMKF,Land,Joane Nunes Lisboa,Female,Children,2022-01-09,Brazil,Unknown,Americas,Murder,2022
recmwKbYAS5eTlWRx,Land,Eliseu Pedroso,Male,Indigenous Peoples,2021-11-15,Brazil,Hitmen,Americas,Murder,2021
recDNtt2okdNC8yX8,Land,Rafael Gasparini Tedesco,Male,Small-scale farmer,2021-10-29,Brazil,Armed forces,Americas,Murder,2021
reck11TEBVn4uIpoi,Land,José Francisco de Souza Araújo,Male,Afrodescendant,2021-07-11,Brazil,Hitmen,Americas,Murder,2021
recTDHNonfMdvoJmd,Land,Wagner Romão da Silva,Male,Other,2021-08-07,Brazil,Unknown,Americas,Murder,2021
rec0x96GvMOkGmLr8,Land,José Vane Guajajara,Male,Indigenous Peoples,2021-11-17,Brazil,Unknown,Americas,Murder,2021
recPNlEhcatlvqr3r,Agribusiness,F.S.S.,Male,Afrodescendant,2021-01-07,Brazil,Unknown,Americas,Murder,2021
rec1CxCERYrG3frwU,Land,Aldenir dos Santos Macedo,Male,Small-scale farmer,2021-11-20,Brazil,Unknown,Americas,Murder,2021
recOHziG8Hm7qEF0c,Land,Marcelo Chaves Ferreira,Male,Small-scale farmer,2021-09-23,Brazil,Police,Americas,Murder,2021
recVoLgtBkPFzRyFc,Land,Ângelo Venicius Henrique Mozer,Male,Small-scale farmer,2021-09-23,Brazil,Police,Americas,Murder,2021
rec2wZSSSIrGR6A3T,Land,Roberto Pereira da Silva Pandolfe,Male,Other,2021-04-27,Brazil,Hitmen,Americas,Murder,2021
reca3Ti4QsWcbSUpv,Land,Jerlei,Male,Small-scale farmer,2021-04-15,Brazil,Hitmen,Americas,Murder,2021
recoYiS9aHktJsAa0,Land,Dom Phillips,Male,Journalist,2022-06-05,Brazil,Other,Americas,Murder,2022
recqofcYJDL4BSMge,Land,Bruno Pereira,Male,State official,2022-06-05,Brazil,Other,Americas,Murder,2022
recLRTse7Dzr4wTsC,Logging,Janildo Oliveira Guajajara,Male,Indigenous Peoples,2022-09-03,Brazil,Hitmen,Americas,Murder,2022
recHQOyTMx13hce1X,Land,Vitor Fernandes,Male,Indigenous Peoples,2022-06-24,Brazil,Police,Americas,Murder,2022
recDn6VWppHIhaNAb,Land,Jonatas de Oliveira dos Santos,Male,Children,2022-02-10,Brazil,Hitmen,Americas,Murder,2022
recGWrWYPseaSABkG,Land,Maria Aristides da Silva,Female,Small-scale farmer,2022-02-08,Brazil,Hitmen,Americas,Murder,2022
recciOZdWNc5j931j,Land,Sebastião David Pereira,Male,Small-scale farmer,2022-02-08,Brazil,Hitmen,Americas,Murder,2022
recEdfHYwsRhdrmzs,Land,Gustavo Silva da Conceição,Male,Indigenous Peoples,2022-09-04,Brazil,Unknown,Americas,Murder,2022
rec2PfrCnvTld7BtN,Agribusiness,José Lopes Rodrigues,Male,Afrodescendant,2022-01-08,Brazil,Hitmen,Americas,Murder,2022
rec9oh9NpBi6yDuhM,Land,Edvaldo Pereira Rocha,Male,Afrodescendant,2022-04-29,Brazil,Hitmen,Americas,Murder,2022
recHuPsR5VnXD26bh,Land,Márcio Moreira,Male,Indigenous Peoples,2022-07-14,Brazil,Hitmen,Americas,Murder,2022
recWVoaLwfhgZeZo0,Land,Alex Recarte Vasques Lopes,Male,Indigenous Peoples,2022-05-21,Brazil,Unknown,Americas,Murder,2022
rec41TFPHa2uAnOuA,Land,Ilma Rodrigues dos Santos,Female,Small-scale farmer,2022-02-17,Brazil,Hitmen,Americas,Murder,2022
recEg7TmLrVjObCYR,Land,Edson Lima Rodrigues,Male,Small-scale farmer,2022-02-17,Brazil,Hitmen,Americas,Murder,2022
recFtGSuOpQbLwVm1,Land,Wesley Flávio da Silva,Male,Small-scale farmer,2022-06-17,Brazil,Hitmen,Americas,Murder,2022
recde1m6dFbRPcG67,Land,Normandes Mariano Barbosa,Male,Small-scale farmer,2022-08-11,Brazil,Unknown,Americas,Murder,2022
rec62bFF2I1oHZNMz,Land,Jheilson Batista Pecla Cordeiro,Male,Other,2022-08-11,Brazil,Unknown,Americas,Murder,2022
reck6JoqZrzTGLZLp,Land,Arcelino Soares de Souza,Male,Small-scale farmer,2022-02-15,Brazil,Other,Americas,Murder,2022
recpHlbUwZD5IguwA,Land,Rafael Bini,Male,Small-scale farmer,2022-02-15,Brazil,Other,Americas,Murder,2022
recEmn3KXv5Yw5eFC,Land,Moacir de Jesus dos Santos Correia,Male,Afrodescendant,2022-06-27,Brazil,Hitmen,Americas,Murder,2022
recseajjqnRqglU3g,Land,Vitorino Sanches,Male,Indigenous Peoples,2022-09-13,Brazil,Hitmen,Americas,Murder,2022
rec8RFaMvSI0UE8Te,Land,Josias Vicente Mafra,Male,Other,2022-03-11,Brazil,Hitmen,Americas,Murder,2022
rec7e7NiguhxsSDa7,Land,Eliseu Santos Cardoso,Male,Indigenous Peoples,2022-02-03,Brazil,Unknown,Americas,Murder,2022
recei2SYnypVSO9ot,Land,Raimundo Nonato Silva Oliveira,Male,Small-scale farmer,2022-12-13,Brazil,Hitmen,Americas,Murder,2022
rec2H1yGyRVyU2dSI,Land,Estela Verá Guarani,Female,Indigenous Peoples,2022-11-15,Brazil,Landowners,Americas,Murder,2022
recX7QEmvxMnPHlas,Agribusiness,Clebson Barra Portilho,Male,Other,2022-09-24,Brazil,Corporations,Americas,Murder,2022
recvrWEcxNNY6EyXK,Land,Elias Penha Gibson,Male,Other,2022-01-23,Brazil,Unknown,Americas,Murder,2022
recpEFpmZgRd5tORy,Land,Gedeão Dias de Oliveira,Male,Other,2022-01-23,Brazil,Unknown,Americas,Murder,2022
recJ1kJ1DkHZBdtJU,Land,Jeferson Nunes de Souza,Male,Other,2022-01-13,Brazil,Police,Americas,Murder,2022
recCthwt3YVGyChQD,Land,Ana Yanomami Xexana,Female,Indigenous Peoples,2022-04-11,Brazil,Hitmen,Americas,Murder,2022
recrtRLtZpAIIC6rb,Land,Cleomar Xirixana,Male,Indigenous Peoples,2022-10-02,Brazil,Other,Americas,Murder,2022
recwgwkDSoUKtVYoA,Land,Sebastiana Galton,Female,Indigenous Peoples,2023-09-18,Brazil,Unknown,Americas,Murder,2023
recApHS94imcgehdR,Land,Rufino Velasque,Male,Indigenous Peoples,2023-09-18,Brazil,Unknown,Americas,Murder,2023
recwzW9WYfhkf8uAI,Land,Maria Bernadette Pacífico,Female,Afrodescendant,2023-08-17,Brazil,Hitmen,Americas,Murder,2023
recUnjSz8ZlnkzRS5,Land,Valdemar Marciano Guajajara,Male,Indigenous Peoples,2023-01-28,Brazil,Unknown,Americas,Murder,2023
recxO6cXLOORxJeok,Land,Raimundo Ribeiro da Silva,Male,Indigenous Peoples,2023-01-31,Brazil,Hitmen,Americas,Murder,2023
recCdBaBZ4tTh3k6z,Land,Lindomar Dias de Souza,Male,Small-scale farmer,2023-04-10,Brazil,Hitmen,Americas,Murder,2023
recKzzTIv7RvNW7QG,Land,Ana Paula Costa Silva,Female,Small-scale farmer,2023-11-11,Brazil,Hitmen,Americas,Murder,2023
rec34WWEJyXPMFgY5,Land,Aldecy Vitunno Barros,Male,Afrodescendant,2023-11-11,Brazil,Hitmen,Americas,Murder,2023
recOFpFjSYL8HP8Ux,Agribusiness,Agnaldo da Silva Paz,Male,Indigenous Peoples,2023-11-10,Brazil,Private security guards,Americas,Murder,2023
recydCfstpynThqhU,Mining & Extractives,Ilson Xiriana,Male,Indigenous Peoples,2023-04-29,Brazil,Other,Americas,Murder,2023
recLkUjONoeISiD1i,Mining & Extractives,Venâncio Xiriana,Male,Indigenous Peoples,2023-04-29,Brazil,Other,Americas,Murder,2023
recPuerghOTlQHy7X,Land,Samuel Cristiano do Amor Divino,Male,Indigenous Peoples,2023-01-17,Brazil,Hitmen,Americas,Murder,2023
recGauVdwCh1ZZEcu,Land,Nauí Brito de Jesus,Male,Indigenous Peoples,2023-01-17,Brazil,Hitmen,Americas,Murder,2023
recMd1izHmdi27TeB,Land,José Alberto Moreno Mendes,Male,Afrodescendant,2023-10-27,Brazil,Hitmen,Americas,Murder,2023
recrNynmCsWEyzOoS,Land,Josimar da Silva Pereira,Male,Small-scale farmer,2023-11-05,Brazil,Hitmen,Americas,Murder,2023
recr6AF9prRkx94mu,Land,José Carlos dos Santos,Male,Small-scale farmer,2023-10-14,Brazil,Hitmen,Americas,Murder,2023
recRnYtDyTXCYpFVu,Mining & Extractives,Angelita Prororita Yanomami,Female,Indigenous Peoples,2023-05-01,Brazil,Unknown,Americas,Murder,2023
recGAxWAivwSuk8fc,Land,Cleide Silva Dalla Libera,Female,Small-scale farmer,2023-08-03,Brazil,Hitmen,Americas,Murder,2023
recSeDppc8xTKyh3r,Land,Abalau Lacheski da Cruz,Male,Small-scale farmer,2023-08-03,Brazil,Hitmen,Americas,Murder,2023
recegVjU9ZjCus4jY,Land,Lucas Santos de Oliveira,Male,Indigenous Peoples,2023-12-21,Brazil,Hitmen,Americas,Murder,2023
recwQyz15G4Aguzi6,Land,Gilson Silva da Rosa,Male,Small-scale farmer,2023-03-12,Brazil,Landowners,Americas,Murder,2023
rec6G7Ed7LlZ1fYmb,Land,José Inácio Guajajara,Male,Indigenous Peoples,2023-01-24,Brazil,Unknown,Americas,Murder,2023
recjq54uqhBRtLskT,Land,Luis Fernando de Jesus Santana,Male,Afrodescendant,2023-02-18,Brazil,Organised crime / mafias,Americas,Murder,2023
rec9LdrjjVzG6JNbi,Agribusiness,Paola Rodrigues,Female,Children,2023-12-04,Brazil,Other,Americas,Murder,2023
recAvberKD8dMWnq8,Mining & Extractives,Yanomami child,Unknown,Children,2023-07-03,Brazil,Other,Americas,Murder,2023
recfFoDQJSsHMq8np,Land,Maria Fátima Muniz de Andrade,Female,Indigenous Peoples,2024-01-21,Brazil,Other,Americas,Murder,2024
recxZF2kJoZ5pTUSe,Agribusiness,Neri Ramos da Silva,Male,Indigenous Peoples,2024-09-18,Brazil,Police,Americas,Murder,2024
recCBHwMDQ2csCAdO,Land,Hariel Paliano,Male,Indigenous Peoples,2024-04-27,Brazil,Unknown,Americas,Murder,2024
recr3pvEgWuQEIOPR,Land,Cícero Rodrigues de Lima,Male,Small-scale farmer,2024-06-03,Brazil,Unknown,Americas,Murder,2024
reco53asUhZ1EfGH8,Agribusiness,Sidiney de Oliveira Silva,Male,State official,2024-06-15,Brazil,Unknown,Americas,Murder,2024
reclhg23qJv6oBe0t,Land,Adão Rodrigues de Sousa,Male,Small-scale farmer,2024-10-11,Brazil,Government officials/entities,Americas,Murder,2024
recAkB42fbQGCDqtY,Land,Edson Silva e Silva,Male,Small-scale farmer,2024-10-11,Brazil,Government officials/entities,Americas,Murder,2024
recDEcCxajK5QxgTm,Land,João Teixeira de Souza,Male,Small-scale farmer,2024-10-07,Brazil,Hitmen,Americas,Murder,2024
recTCMAxH9FrIRky6,Land,Raimundo Bertoldo,Male,Afrodescendant,2024-05-27,Brazil,Other,Americas,Murder,2024
recdVzuOUGMpWATGa,Land,Zaqueu Fernandes Baileiro,Male,Small-scale farmer,2024-09-29,Brazil,Unknown,Americas,Murder,2024
recyxkAR1gZkvBk4H,Unknown,Ademir Ferreira Ribeiro,Male,Small-scale farmer,2024-04-03,Brazil,Unknown,Americas,Murder,2024
recx2LCfckCnNtZ6e,Land,Algimiro Escarlate,Male,Indigenous Peoples,2024-12-12,Brazil,Other,Americas,Murder,2024
recQosaflZZIIWr7i,Agribusiness,Regan Russell,Female,Demonstrators,2020-06-19,Canada,Other,Americas,Murder,2020
recqr4mGfVdrlq0Wz,Hydropower,Macarena Valdés,Female,Indigenous Peoples,2016-08-22,Chile,Unknown,Americas,Murder,2016
recjq9c2wWPgkLFDO,Logging,Camilo Catrillanca,Male,Indigenous Peoples,2018-11-14,Chile,Police,Americas,Murder,2018
recxGj1Hkcnz0hv4J,Other,Alejandro Castro,Male,Other,2018-10-04,Chile,Unknown,Americas,Murder,2018
recgOf7ciOAgO91Em,Land,Jordan Liempi Machacan,Male,Indigenous Peoples,2021-11-03,Chile,Armed forces,Americas,Murder,2021
recMlzB6dqffGly0o,Logging,Julia del Carmen Chuñil Catricura,Female,Indigenous Peoples,2024-11-08,Chile,Landowners,Americas,Disappearance,2024
recTNB3zioX0ZH8Dw,Land,Duvis Antonio Galvis,Male,Small-scale farmer,2014-01-26,Colombia,Unknown,Americas,Murder,2014
recTOiT9LvCvQWkXl,Land,Gersaín Cerón Tombe,Male,Indigenous Peoples,2016-06-02,Colombia,Police,Americas,Murder,2016
recUtOzGtsS32htcx,Unknown,Aníbal Coronado Madera,Male,Other,2016-02-18,Colombia,Private military actors,Americas,Murder,2016
recU4qMGBxxoWWECn,Land,Venancio Taquinás,Male,Indigenous Peoples,2013-04-18,Colombia,Private military actors,Americas,Murder,2013
recU6wda0k5mz4ivL,Other,Giovany Leiton,Male,Other,2014-01-04,Colombia,Unknown,Americas,Murder,2014
recUa5euwWBpvKfG5,Unknown,Yimer Chávez Rivera,Male,Small-scale farmer,2016-10-16,Colombia,Private military actors,Americas,Murder,2016
recV4YYw5HHqKJIEO,Land,Ermes Enrique Vidal Osorio,Male,Other,2013-03-21,Colombia,Unknown,Americas,Murder,2013
recVEzB8bBlQJTbLq,Agribusiness,Hernán Bedoya,Male,Afrodescendant,2017-12-08,Colombia,Private military actors,Americas,Murder,2017
recVWZOuz1QPupJJN,Mining & Extractives,Gilberto Paí Canticús,Male,Indigenous Peoples,2012-02-11,Colombia,Unknown,Americas,Murder,2012
recWtCbjSXaZ7UvwT,Unknown,Héctor William Cabrera Suárez,Male,Other,2015-02-10,Colombia,Unknown,Americas,Murder,2015
recWcUXGxYvPzqMsi,Mining & Extractives,William Castillo Chima,Male,Indigenous Peoples,2016-03-07,Colombia,Organised crime / mafias,Americas,Murder,2016
recWmTj7No5ZjRub3,Unknown,Diego Alfredo Chirán Nastacuas,Male,Indigenous Peoples,2016-08-29,Colombia,Unknown,Americas,Murder,2016
recXyCnWqXJq21wbp,Land,Luis Javier Campo Méndez,Male,Indigenous Peoples,2014-04-21,Colombia,Unknown,Americas,Murder,2014
recX6v0HHoW19kPTc,Land,Samir de Jesus Ruiz,Male,Other,2012-03-27,Colombia,Private military actors,Americas,Murder,2012
recXQ9gDYXHR3ZVJF,Unknown,Yaneth Alejandra Calvache Viveros,Female,Small-scale farmer,2016-12-30,Colombia,Hitmen,Americas,Murder,2016
recYVClrDPOJX43e3,Land,Gilmer Genaro García Ramírez,Male,Afrodescendant,2015-08-03,Colombia,Private military actors,Americas,Murder,2015
recZxZuLUsBNzu3Ai,Land,Aulio Isarama Forastero,Male,Indigenous Peoples,2017-10-24,Colombia,Private military actors,Americas,Murder,2017
rec1KjlbvontrHJQz,Land,Belarmino Chocué,Male,Indigenous Peoples,2013-04-28,Colombia,Hitmen,Americas,Murder,2013
rec2vRoyBBCD0nPR0,Land,Gustavo Adolfo Pizo,Male,Other,2013-03-25,Colombia,Unknown,Americas,Murder,2013
rec22ke4EyuAlIqyp,Other,Doris Viviana Vallejo,Female,Other,2014-01-04,Colombia,Unknown,Americas,Murder,2014
rec2nIVRWr4EJegkU,Unknown,Manuel Chimá Pérez,Male,Indigenous Peoples,2016-05-20,Colombia,Private military actors,Americas,Murder,2016
rec2YC27Epzd2Wshs,Unknown,Cristian Anacona Castro,Male,Indigenous Peoples,2016-03-27,Colombia,Unknown,Americas,Murder,2016
rectG0xXuUUjvla9K,Unknown,Manuel Ramírez Mosquera,Male,Afrodescendant,2017-08-17,Colombia,Private military actors,Americas,Murder,2017
rectMX07hTDfWcFdn,Mining & Extractives,Adelinda Gómez Gaviria,Female,Other,2013-09-30,Colombia,Hitmen,Americas,Murder,2013
rect0f73SQN3nssNb,Unknown,Heriberto Narváez Hoyos,Male,Other,2015-02-04,Colombia,Hitmen,Americas,Murder,2015
recuuHfyG28DWkpp8,Land,Ernesto Guzmán,Male,Small-scale farmer,2015-09-21,Colombia,Private military actors,Americas,Murder,2015
recu4jlOVsxbdLPOo,Land,Mario Castaño Bravo,Male,Small-scale farmer,2017-11-26,Colombia,Private military actors,Americas,Murder,2017
recv7vDPqFT6YJF1i,Land,Pablo García Llano,Male,Small-scale farmer,2014-07-24,Colombia,Unknown,Americas,Murder,2014
recvXWRI7omtSDdEr,Land,Luis Francisco Hernandez Gonzalez,Male,Afrodescendant,2015-11-13,Colombia,Hitmen,Americas,Murder,2015
recvZur74witDheff,Unknown,Ramiro Culma Carepa,Male,Indigenous Peoples,2016-09-17,Colombia,Private military actors,Americas,Murder,2016
recwP9A0PtYegYyUw,Land,Miller Angulo,Male,Afrodescendant,2012-12-01,Colombia,Unknown,Americas,Murder,2012
recwVqd1LwARMh9m1,Unknown,Evaristo Dagua Troches,Male,Small-scale farmer,2016-07-29,Colombia,Private military actors,Americas,Murder,2016
recxuuZVRaZWmRjz2,Unknown,Gil de Jesús Silgado,Male,Small-scale farmer,2016-03-10,Colombia,Private military actors,Americas,Murder,2016
recx6tM9fiS6cXz0B,Unknown,Camilo Roberto Taicus Bisbicusm,Male,Indigenous Peoples,2016-08-26,Colombia,Unknown,Americas,Murder,2016
recxEvekvBLoqFxPI,Land,Efigenia Vasquez Astudillo,Female,Indigenous Peoples,2017-10-08,Colombia,Police,Americas,Murder,2017
recxWZX2VtFiW7oUq,Mining & Extractives,Aldemar Parra García,Male,Other,2017-01-07,Colombia,Hitmen,Americas,Murder,2017
recyaXNHprhSz0IIz,Land,Miguel Becheche Zarco,Male,Indigenous Peoples,2014-09-12,Colombia,Unknown,Americas,Murder,2014
recycSKOxpZEWQwBm,Unknown,Esquivel Manyoma,Male,Indigenous Peoples,2017-10-07,Colombia,Private military actors,Americas,Murder,2017
recymOCpxTBUE56ds,Unknown,Eder Cuetia Conda,Male,Indigenous Peoples,2017-02-26,Colombia,Private military actors,Americas,Murder,2017
recynXBKyRMl42VR8,Land,Yoryanis Isabel Bernal Varela,Female,Indigenous Peoples,2017-01-26,Colombia,Private military actors,Americas,Murder,2017
recyTZqS57x5K8Oba,Mining & Extractives,Libio Guanga,Male,Indigenous Peoples,2012-07-12,Colombia,Unknown,Americas,Murder,2012
recyX8PB4OUZRAjVP,Unknown,Ofelia María Mosquera Úsuga,Female,Lawyer,2015-12-26,Colombia,Private military actors,Americas,Murder,2015
reczvtban1BcGNfzf,Land,José Arlex Avendaño Arango,Male,Small-scale farmer,2014-06-17,Colombia,Hitmen,Americas,Murder,2014
reczAzd9X2lDsn41V,Mining & Extractives,Fabio Hernán Torres Cabrera,Male,Other,2015-07-19,Colombia,Hitmen,Americas,Murder,2015
reczpeaFZDi5r4App,Mining & Extractives,César García,Male,Small-scale farmer,2013-11-02,Colombia,Unknown,Americas,Murder,2013
reczJqja3VKJ9nAPj,Mining & Extractives,Nereo Meneses,Male,Small-scale farmer,2016-08-29,Colombia,Private military actors,Americas,Murder,2016
reczWPSK5XliL9cir,Land,Ceferino Domicó Majoré,Male,Indigenous Peoples,2013-04-17,Colombia,Hitmen,Americas,Murder,2013
recAFwqQsGF6XnqQ3,Mining & Extractives,María Angela Muncué,Female,Indigenous Peoples,2014-04-17,Colombia,Hitmen,Americas,Murder,2014
recBJ2xQryzMeDM8A,Unknown,Jaminton Andres Avila,Male,Small-scale farmer,2015-01-30,Colombia,Hitmen,Americas,Murder,2015
recC87pzKTGbt5gXb,Mining & Extractives,Giovanni Rosero,Male,Indigenous Peoples,2012-02-11,Colombia,Unknown,Americas,Murder,2012
recErZd63feLeUhuP,Land,Juan Alberto Causado Priolo,Male,Small-scale farmer,2014-03-01,Colombia,Hitmen,Americas,Murder,2014
recEva5of7huhc4hV,Mining & Extractives,Alfonso González Quintero,Male,Other,2015-07-31,Colombia,Unknown,Americas,Murder,2015
recEDPrsgF9cz8hUJ,Land,Maricela Tombé,Female,Small-scale farmer,2016-02-28,Colombia,Private military actors,Americas,Murder,2016
recEEjcqloSjtSYyF,Land,David Gaspar Peña Santander,Male,Small-scale farmer,2015-05-09,Colombia,Hitmen,Americas,Murder,2015
recGsKVP7hsM1k2g5,Unknown,Adrián Quintero,Male,Afrodescendant,2016-03-18,Colombia,Private military actors,Americas,Murder,2016
recGp5e4YA3vMejnI,Hydropower,Luis Edilson Arango Gallego,Male,Other,2017-08-01,Colombia,Unknown,Americas,Murder,2017
recGMUHVD2lzczXod,Land,Daniel Abril Fuentes,Male,Small-scale farmer,2015-11-13,Colombia,Armed forces,Americas,Murder,2015
recGVqMeH6ZU6pITh,Unknown,José Antonio Velasco Taquinas,Male,Other,2016-11-11,Colombia,Private military actors,Americas,Murder,2016
recGZHrzFD0QVVicv,Mining & Extractives,Eduardo Cardozo Enrique Flórez,Male,,2013-06-04,Colombia,Armed forces,Americas,Murder,2013
recHr6Hj2OMx6fIXY,Mining & Extractives,Erley Monroy Fierro,Male,Small-scale farmer,2016-11-18,Colombia,Private military actors,Americas,Murder,2016
recH3Vf6CfaTg5igh,Mining & Extractives,Falver Cerón Gómez,Male,Small-scale farmer,2017-02-18,Colombia,Hitmen,Americas,Murder,2017
recHmdBafLYyyhGAt,Land,Iván Darío Restrepo,Male,Other,2013-05-04,Colombia,Organised crime / mafias,Americas,Murder,2013
recId8Cjiqpfrvcty,Mining & Extractives,Javier Silva Pérez,Male,Other,2012-04-21,Colombia,Unknown,Americas,Disappearance,2012
recIFy96NI5qzj2yd,Mining & Extractives,Luis Peralta Cuéllar,Male,Journalist,2015-02-14,Colombia,Hitmen,Americas,Murder,2015
recIL4DF85si3Py9e,Unknown,Luciano Pascal García,Male,Indigenous Peoples,2016-08-29,Colombia,Private military actors,Americas,Murder,2016
recIZZWeVv2VZ8JVI,Mining & Extractives,Ariel Sotelo,Male,Small-scale farmer,2016-08-29,Colombia,Private military actors,Americas,Murder,2016
recKm9fFdKaZwvXBR,Land,Gerardo Velasco Escue,Male,Indigenous Peoples,2015-02-06,Colombia,Private military actors,Americas,Murder,2015
recMxrrNsEuRKjjJi,Land,Edilberto Cantillo Meza,Male,Small-scale farmer,2017-02-04,Colombia,Hitmen,Americas,Murder,2017
recM9BOff6Z2xdsT0,Unknown,José Yeimer Cartagena,Male,Small-scale farmer,2017-01-11,Colombia,Private military actors,Americas,Murder,2017
recNLYPWOLJ3KDVhA,Land,Daniel Felipe Castro Basto,Male,Indigenous Peoples,2017-05-09,Colombia,Police,Americas,Murder,2017
recOB4iF38jBHoOh7,Unknown,Fabio José Alegría Dagua Conda,Male,Indigenous Peoples,2014-10-28,Colombia,Unknown,Americas,Murder,2014
recOV9d0iwyFJ423P,Hydropower,Edmiro León Alzate Londoño,Male,Other,2017-01-12,Colombia,Unknown,Americas,Murder,2017
recP2r6keJjj0RI64,Unknown,Jorge Arbey Chantré Achipiz,Male,Indigenous Peoples,2017-05-04,Colombia,Unknown,Americas,Murder,2017
recP6Pz4ItX7bcW9r,Unknown,Ezequiel Rangel Romano,Male,Small-scale farmer,2017-07-17,Colombia,Unknown,Americas,Murder,2017
recPXH4iIOWyTxugp,Land,Mario Andrés Calle Correa,Male,Small-scale farmer,2017-05-13,Colombia,Unknown,Americas,Murder,2017
recQ6pAxbIREIBUIM,Unknown,Epifanio Latin Ñuscue,Male,Indigenous Peoples,2014-03-03,Colombia,Private military actors,Americas,Murder,2014
recQjQDK7gTxZSaxK,Logging,Nelson Fabra Díaz,Male,Other,2017-05-02,Colombia,Hitmen,Americas,Murder,2017
recQQrZHeGBcaXqRx,Mining & Extractives,Fernando Salazar Calvo,Male,Indigenous Peoples,2015-04-07,Colombia,Hitmen,Americas,Murder,2015
recR8hKaCgua2CCg9,Land,Wallis del Carmen Barriosnuevo Posso,Female,Other,2015-04-05,Colombia,Unknown,Americas,Murder,2015
recRdB8UvupOR2xtI,Land,Reinel de Jesús Cano,Male,Small-scale farmer,2014-07-24,Colombia,Unknown,Americas,Murder,2014
recRZO84bxOMG7pQ0,Land,Jorge Eliécer Calderón Chiquillo,Male,Small-scale farmer,2013-12-02,Colombia,Armed forces,Americas,Murder,2013
recSQbSnEKsZM1QDq,Agribusiness,Fiderson Guillermo Pavi Ramos,Male,Indigenous Peoples,2015-04-10,Colombia,Police,Americas,Murder,2015
recSUscAQqq1yXGEi,Land,Manuel Ruiz,Male,Other,2012-03-27,Colombia,Private military actors,Americas,Murder,2012
rec3m0tDPfHLWdOMS,Mining & Extractives,Luis de Jesús Rodríguez,Male,Other,2015-03-17,Colombia,Unknown,Americas,Murder,2015
rec3UcZhXqvnHfcHu,Land,Henry Pérez,Male,Small-scale farmer,2016-01-26,Colombia,Unknown,Americas,Disappearance,2016
rec4Xl4s9urQ7Jouf,Mining & Extractives,Álvaro Osnas,Male,Indigenous Peoples,2014-10-24,Colombia,Unknown,Americas,Murder,2014
rec55K1lx1vRRvEW1,Land,Emiliano Silva Oteca,Male,Indigenous Peoples,2015-02-06,Colombia,Private military actors,Americas,Murder,2015
rec5UPDldhwnog5Hj,Mining & Extractives,Nestor Ivan Martinez,Male,Other,2016-09-11,Colombia,Private military actors,Americas,Murder,2016
rec62f3wP8gVCnwCR,Unknown,Jaime Alberto Chazatar Bastidas,Male,Indigenous Peoples,2012-01-01,Colombia,Hitmen,Americas,Murder,2012
rec6eJDkzsjQnfnKB,Mining & Extractives,Luis Albeiro Guetio Zetty,Male,Indigenous Peoples,2014-04-10,Colombia,Unknown,Americas,Murder,2014
rec6L9IrRE2hCYlQI,Unknown,José Joaquín Pinzón,Male,Indigenous Peoples,2015-03-31,Colombia,Unknown,Americas,Murder,2015
rec7rgTVWtSranWnp,Unknown,Ruth Alicia Lopez Guisao,Female,Indigenous Peoples,2017-03-02,Colombia,Private military actors,Americas,Murder,2017
rec7Z1QYuUQxkbRJb,Land,Mario Jacanamijoy,Male,Indigenous Peoples,2017-11-25,Colombia,Unknown,Americas,Murder,2017
rec8idjHX3dhCU2tH,Land,Ernelio Pacheco Tunay,Male,Indigenous Peoples,2014-09-12,Colombia,Unknown,Americas,Murder,2014
rec8Q2yHlFCae45Uc,Land,Wilson Hernando Guanga Nastacuas,Male,Indigenous Peoples,2014-05-12,Colombia,Hitmen,Americas,Murder,2014
rec9lf29njeCdqC3I,Unknown,Alberto Pascal García,Male,Indigenous Peoples,2016-08-29,Colombia,Private military actors,Americas,Murder,2016
rec9Ic2chkpaImXqB,Unknown,Jhon Jairo Rodriguez,Male,Other,2016-11-01,Colombia,Private military actors,Americas,Murder,2016
recawOrzEhBUoejry,Unknown,Víctor Andrés Flórez,Male,Small-scale farmer,2016-02-26,Colombia,Private military actors,Americas,Murder,2016
recbsIk82JpM4ofnN,Land,Luis Alberto Restrepo Vallejo,Male,Small-scale farmer,2014-02-05,Colombia,Unknown,Americas,Murder,2014
recbO91DdnJdlerav,Mining & Extractives,Adenis Jiménez Gutiérrez,Female,Other,2015-03-17,Colombia,Unknown,Americas,Murder,2015
reccYyA449O3BBIJS,Land,Octavio Avilés Guerra,Male,Small-scale farmer,2015-05-19,Colombia,Unknown,Americas,Murder,2015
recdmdBNc3ENTgUAM,Unknown,Gerson Acosta Salazar,Male,Indigenous Peoples,2017-04-19,Colombia,Private military actors,Americas,Murder,2017
recfujEXy41k1cgKn,Mining & Extractives,Joel Meneses,Male,Small-scale farmer,2016-08-29,Colombia,Private military actors,Americas,Murder,2016
recfi3X51PsIeNQwt,Land,María Angélica Grajales Ramírez,Female,Other,2013-03-12,Colombia,Unknown,Americas,Murder,2013
recfnsndRPEEVYTWS,Unknown,Nair Edilia Tay Torres,Female,Indigenous Peoples,2014-09-24,Colombia,Unknown,Americas,Murder,2014
recfPdRtpKczQxlD5,Mining & Extractives,Berlain Saigama Gutierrez,Male,Indigenous Peoples,2014-01-01,Colombia,Private military actors,Americas,Murder,2014
recfZWYSSjdBoR1Ic,Land,Marco Aurelio Díaz,Male,Indigenous Peoples,2016-06-02,Colombia,Police,Americas,Murder,2016
recg226srdItaSzMu,Mining & Extractives,Jhon Braulio Saigama,Male,Indigenous Peoples,2014-01-01,Colombia,Private military actors,Americas,Murder,2014
recg8uUWjXCNNQIXY,Land,Willington Quibarecama Naquirucama,Male,Indigenous Peoples,2016-05-30,Colombia,Police,Americas,Murder,2016
recgGvQL0vhx9lJVm,Unknown,Luís Carlos Tenorio,Male,Indigenous Peoples,2016-12-02,Colombia,Hitmen,Americas,Murder,2016
recgGcIpKa8FBIVcm,Unknown,Gustavo Bañol Rodríguez,Male,Indigenous Peoples,2015-05-09,Colombia,Unknown,Americas,Murder,2015
rechc5PE6yYG9d0sq,Unknown,Cecilia Coicue,Female,Small-scale farmer,2016-09-06,Colombia,Unknown,Americas,Murder,2016
rechlKjuK5o86KK5B,Mining & Extractives,Oscar Ferney Tenorio,Male,Indigenous Peoples,2017-10-07,Colombia,Organised crime / mafias,Americas,Murder,2017
reciyArV3PdRg4IAa,Unknown,Anuar José Alvarez Armero,Male,Small-scale farmer,2016-12-25,Colombia,Hitmen,Americas,Murder,2016
reciFPwsEJ58Y8wnj,Land,Miguel Segundo Díaz Soto,Male,Other,2014-01-24,Colombia,Unknown,Americas,Murder,2014
reciKOWvDXqzzkif0,Land,Nelson de Jesús Ríos,Male,Lawyer,2015-05-03,Colombia,Hitmen,Americas,Murder,2015
reciYyGKMNzkE0z6r,Land,Juan Alvaro Nastacuas Pai,Male,Indigenous Peoples,2013-11-29,Colombia,Hitmen,Americas,Murder,2013
reckem2ENyi4SQAgj,Mining & Extractives,Manuel Dolores Pino Perafán,Male,Indigenous Peoples,2016-05-04,Colombia,Private military actors,Americas,Murder,2016
reclDHAtaOo89ehUK,Land,Narciso Enrique Teherán Mejía,Male,Other,2013-04-12,Colombia,,Americas,Murder,2013
reclPog5Z1VSA2x5c,Land,Herlen de Jesús Barriosnuevo Posso,Male,Other,2015-04-05,Colombia,Unknown,Americas,Murder,2015
reclTnVyJ8sJQ9II2,Land,Leovigildo Cunampia Quiro,Male,Indigenous Peoples,2012-10-21,Colombia,Unknown,Americas,Murder,2012
recmDd2I6f2AGAat0,Hydropower,Nelson Giraldo Posada,Male,Other,2013-09-17,Colombia,Unknown,Americas,Murder,2013
recmEyQaynJrWj4nv,Unknown,Amado Gómez,Male,Indigenous Peoples,2016-06-22,Colombia,Private military actors,Americas,Murder,2016
recmXNjut35sVIbPw,Mining & Extractives,Yolanda Maturana,Female,Afrodescendant,2018-02-01,Colombia,Unknown,Americas,Murder,2018
recm0EyQd2s7t8TwV,Mining & Extractives,Didier Losada Barreto,Male,Other,2016-11-18,Colombia,Unknown,Americas,Murder,2016
recnVQmU6uEMAFUhA,Unknown,Edwin Bañol Álvarez,Male,Indigenous Peoples,2015-05-09,Colombia,Unknown,Americas,Murder,2015
recoqTVdzEkjD9Tyg,Land,Elver Cordero Oviedo,Male,Afrodescendant,2013-04-09,Colombia,Hitmen,Americas,Murder,2013
recquxgaKIk3LCvfZ,Mining & Extractives,Daniel Humberto Sanchez Avendaño,Male,Other,2014-10-02,Colombia,Unknown,Americas,Murder,2014
recqmhXP8Ud4KZIFt,Land,Douglas Zuluaga,Male,Small-scale farmer,2014-04-10,Colombia,Unknown,Americas,Murder,2014
recrKARHX0Df9OIk4,Agribusiness,Javier Oteca Pilcué,Male,Indigenous Peoples,2017-03-22,Colombia,Private security guards,Americas,Murder,2017
recs7pAmIDLc9MHlY,Unknown,Jesús Adilio Mosquera Palacios,Male,Afrodescendant,2016-04-14,Colombia,Private military actors,Americas,Murder,2016
recs8tkZQn5dzTJRa,Mining & Extractives,Willar Alexander Oimé Alarcón,Male,Indigenous Peoples,2016-03-02,Colombia,Private military actors,Americas,Murder,2016
recsdeecLPqW8uwXz,Land,Heriberto Mora Muñetón,Male,Other,2014-01-22,Colombia,Hitmen,Americas,Murder,2014
recsophLKQrvcDpqn,Unknown,Ernesto Pejendino Pejendino,Male,Indigenous Peoples,2015-06-05,Colombia,Unknown,Americas,Murder,2015
recsEFalfeCgQuyHf,Unknown,Johan Alexis Vargas,Male,Afrodescendant,2016-01-24,Colombia,Private military actors,Americas,Murder,2016
recs0N7bsnW9IaQLC,Land,Wilber Chamarra Carpio,Male,Indigenous Peoples,2014-09-26,Colombia,Unknown,Americas,Murder,2014
recRfWdvT2r5yLYtj,Unknown,Emiliano Trochez Yonda,Male,Indigenous Peoples,2018-08-10,Colombia,Organised crime / mafias,Americas,Murder,2018
rec9VTRWILx9sxzjt,Unknown,Holmes Alberto Niscue,Male,Indigenous Peoples,2018-08-19,Colombia,Private military actors,Americas,Murder,2018
recpbW3TJ3fYuzdAU,Land,Fredy Julián Conda Dagua,Male,Indigenous Peoples,2018-08-23,Colombia,Police,Americas,Murder,2018
rec1HYcolCpo2LR2i,Logging,Luis Alexander Castellanos Triana,Male,Other,2018-07-06,Colombia,Hitmen,Americas,Murder,2018
reczasYsh1g8pvE6S,Other,Héctor Fabio Almario,Male,Small-scale farmer,2018-11-11,Colombia,Hitmen,Americas,Murder,2018
recT3magyPaGNIeLz,Other,José Osvaldo Taquez Taquez,Male,Small-scale farmer,2018-07-20,Colombia,Hitmen,Americas,Murder,2018
recAduCdw59pbJiBw,Unknown,José Abraham García,Male,Small-scale farmer,2018-06-25,Colombia,Hitmen,Americas,Murder,2018
recxmMUx9ah70SqgI,Agribusiness,Héctor Janer Latín,Male,Indigenous Peoples,2018-03-30,Colombia,Hitmen,Americas,Murder,2018
rec77yJP6rNfx3oLo,Mining & Extractives,María del Carmen Moreno Paez,Female,Small-scale farmer,2018-04-27,Colombia,Private military actors,Americas,Murder,2018
rec6pH9eVquHTsFe5,Unknown,Carlos Jimmy Prado Gallardo,Male,Afrodescendant,2018-06-02,Colombia,Unknown,Americas,Murder,2018
recgzHK3ThTBc4dZF,Unknown,José Uriel Rodríguez,Male,Small-scale farmer,2018-08-07,Colombia,Unknown,Americas,Murder,2018
rec7PBdchbgYiJLDE,Land,James Luís Jiménez Estrada,Male,Other,2018-04-20,Colombia,Organised crime / mafias,Americas,Murder,2018
recJKd0DaI7TghbB7,Agribusiness,Ramón Ascué,Male,Indigenous Peoples,2018-05-14,Colombia,Hitmen,Americas,Murder,2018
recm6LRQ1ohToA8so,Other,Plinio Pulgarín,Male,Small-scale farmer,2018-01-18,Colombia,Private military actors,Americas,Murder,2018
rec0c8UT8IWivJf4t,Unknown,Nixon Mutis,Male,Small-scale farmer,2018-01-30,Colombia,Organised crime / mafias,Americas,Murder,2018
rece45hsr6t2I0Z4s,Unknown,Jesús Orlando Grueso Obregón,Male,Afrodescendant,2018-02-09,Colombia,Private military actors,Americas,Murder,2018
reciyjjhk09Yv2EoL,Unknown,Jhonatan Cundumí Anchino,Male,Afrodescendant,2018-02-09,Colombia,Private military actors,Americas,Murder,2018
recew6oJiUjQCHjc4,Other,Flover Sapuyes Gaviria,Male,Afrodescendant,2018-02-23,Colombia,Hitmen,Americas,Murder,2018
recFlvlKcom6DWqy7,Land,Éider Arley Campo Hurtado,Male,Indigenous Peoples,2018-03-05,Colombia,Private military actors,Americas,Murder,2018
rec5AuSNtraJM0ygr,Logging,Óliver Herrera Camacho,Male,Small-scale farmer,2018-08-31,Colombia,Private military actors,Americas,Murder,2018
recRVOBc5QrT0cdjV,Other,Hoover Alexánder Orrego,Male,Indigenous Peoples,2018-09-24,Colombia,Private military actors,Americas,Murder,2018
reco06r8hOwIIejys,Other,Edixon Panche Noscué,Male,Indigenous Peoples,2018-09-24,Colombia,Private military actors,Americas,Murder,2018
recTSujPtsDy2bE95,Land,Edwin Dagua Ipia,Male,Indigenous Peoples,2018-12-07,Colombia,Private military actors,Americas,Murder,2018
recHBZZZcHpQs2rNj,Mining & Extractives,Fabiola Fajardo,Male,Other,2018-08-21,Colombia,Unknown,Americas,Murder,2018
recjcauac2TrsctDT,Land,Seferino Yunda Camayo,Male,Indigenous Peoples,2019-04-02,Colombia,Police,Americas,Murder,2019
recspx7nbtJoSDC7t,Other,Argemiro López Pertuz,Male,Small-scale farmer,2019-03-17,Colombia,Organised crime / mafias,Americas,Murder,2019
recLSsvId6VsSUf3D,Land,Aquileo Mecheche Baragon,Male,Indigenous Peoples,2019-04-12,Colombia,Private military actors,Americas,Murder,2019
recns5BVLd0xmFgq7,Land,Maritza Isabel Quiroz Leiva,Female,Small-scale farmer,2019-01-06,Colombia,Hitmen,Americas,Murder,2019
recitgWJgEU4KukJ8,Land,Leonardo Nastacuás Rodríguez,Male,Indigenous Peoples,2019-01-12,Colombia,Hitmen,Americas,Murder,2019
recBi1SMGKRFVfUNs,Other,Dilio Corpus Guetio,Male,Small-scale farmer,2019-01-29,Colombia,Hitmen,Americas,Murder,2019
recpxtWEISq4GXlKP,Land,Ebel Yonda Ramos,Male,Indigenous Peoples,2019-03-27,Colombia,Unknown,Americas,Murder,2019
rec5OXeyVcKtgC0zb,Land,Carlos Biscue,Male,Indigenous Peoples,2019-06-23,Colombia,Hitmen,Americas,Murder,2019
recMdpwPMvdRdNhOH,Land,Gersaín Yatacué,Male,Indigenous Peoples,2019-08-01,Colombia,Private military actors,Americas,Murder,2019
rec1H62TtHM5wXJYK,Mining & Extractives,Emilio Vitucay,Male,Indigenous Peoples,2019-07-28,Colombia,Unknown,Americas,Murder,2019
reco6Wi9JDiGHNh16,Land,José Eduardo Tumbó,Male,Small-scale farmer,2019-08-03,Colombia,Unknown,Americas,Murder,2019
recyfWxc0RHMZ6baA,Land,Eugenio Tenorio,Male,Indigenous Peoples,2019-08-12,Colombia,Private military actors,Americas,Murder,2019
reclBhivG7mBcUjFw,Land,Kevin Mestizo Coicué,Male,Indigenous Peoples,2019-08-12,Colombia,Private military actors,Americas,Murder,2019
recrsNV4N7bVOqpxA,Other,Wilmer Antonio Miranda Cabrera,Male,Small-scale farmer,2019-01-04,Colombia,Hitmen,Americas,Murder,2019
recXOEtTKqVbu444I,Mining & Extractives,Fernando Jaramillo Vélez,Male,Small-scale farmer,2019-09-06,Colombia,Unknown,Americas,Murder,2019
recYvUFnNA8T5ivCM,Land,Víctor Manuel Trujillo,Male,Afrodescendant,2019-01-15,Colombia,Private military actors,Americas,Murder,2019
recELf9sVs5bQheET,Land,Maria Nelly Bernal Andrade,Female,Indigenous Peoples,2019-02-14,Colombia,Unknown,Americas,Murder,2019
rec3wXF9vXW4hYWT9,Land,Erick Esnoraldo Viera Paz,Male,Small-scale farmer,2019-02-03,Colombia,Hitmen,Americas,Murder,2019
recMN9mqqsZUPzH57,Land,Alfonso Correa Sandoval,Male,Small-scale farmer,2019-03-14,Colombia,Unknown,Americas,Murder,2019
recWJxu2v5BsKeUIG,Other,Manuel Gregorio González Segura,Male,Small-scale farmer,2019-07-26,Colombia,Private military actors,Americas,Murder,2019
recuZqKOMPSGf34UR,Land,Magdalena Cocubana,Female,Indigenous Peoples,2019-09-02,Colombia,Unknown,Americas,Murder,2019
recBwjIx78TG8aJTw,Other,Wilson Pérez Ascanio,Male,Small-scale farmer,2019-01-06,Colombia,Hitmen,Americas,Murder,2019
recSSQnzkCKeh1hxa,Other,Manuel Osuna Tapias,Male,Small-scale farmer,2019-07-06,Colombia,Organised crime / mafias,Americas,Murder,2019
rec0V7SQWch5wsnSh,Land,María del Pilar Hurtado,Female,Afrodescendant,2019-06-21,Colombia,Private military actors,Americas,Murder,2019
recVoO2eSH6cEjDDz,Land,Enrique Guejia Meza,Male,Indigenous Peoples,2019-08-04,Colombia,Hitmen,Americas,Murder,2019
recmNpke2FX1rxHaH,Land,Víctor Manuel Chani Aguilar,Male,Indigenous Peoples,2019-09-20,Colombia,Armed forces,Americas,Murder,2019
rec7f7TVPjZCbQ2bM,Other,Lucero Jaramillo Álvarez,Female,Small-scale farmer,2019-04-07,Colombia,Organised crime / mafias,Americas,Murder,2019
recKFjNHsi3gNIyCM,Land,Cristina Bautista,Female,Indigenous Peoples,2019-10-29,Colombia,Private military actors,Americas,Murder,2019
recMEiQaoCnj318gG,Land,José Gerardo Soto,Male,Indigenous Peoples,2019-10-29,Colombia,Private military actors,Americas,Murder,2019
recZbERLcgAmVB7RV,Land,James Wilfredo Soto,Male,Indigenous Peoples,2019-10-29,Colombia,Private military actors,Americas,Murder,2019
recIwrX6kuPYTEaJc,Land,Asdruval Cayapu,Male,Indigenous Peoples,2019-10-29,Colombia,Private military actors,Americas,Murder,2019
recmcrjNrJmASTXKb,Other,Emiliano Chocue,Male,Indigenous Peoples,2019-11-19,Colombia,Private security guards,Americas,Murder,2019
recJKqIUb28vv90Zj,Land,Toribio Canas Velasco,Male,Indigenous Peoples,2019-10-13,Colombia,Hitmen,Americas,Murder,2019
recuORjxwCpWnRo3v,Land,Carlos Aldario Arenas Salinas,Male,Other,2019-11-08,Colombia,Private military actors,Americas,Murder,2019
recESKJOF7oqoOOBa,Land,Freiman Baicué,Male,Small-scale farmer,2019-06-10,Colombia,Hitmen,Americas,Murder,2019
recz3fBCckIsM4coj,Land,Uver Ney Villano,Male,Small-scale farmer,2019-06-10,Colombia,Hitmen,Americas,Murder,2019
recWg346bph1OiYAb,Land,Daniel Eduardo Rojas Zambrano,Male,Indigenous Peoples,2019-05-14,Colombia,Hitmen,Americas,Murder,2019
recPEV7lguL7pBZPn,Other,Hernán Antonio Bermúdez Arévalo,Male,Afrodescendant,2019-11-23,Colombia,Hitmen,Americas,Murder,2019
reczzy1sLKmY1ZZ2G,Land,Milton Hernández,Male,Afrodescendant,2019-05-08,Colombia,Unknown,Americas,Murder,2019
recZ5dvSMWn6mX3yY,Land,Carlos Obando,Male,Other,2019-05-08,Colombia,Unknown,Americas,Murder,2019
rec0jTQZBJrBLprI2,Land,Carlos Daniel Obando,Male,Relatives of persons targeted for repression,2019-05-08,Colombia,Unknown,Americas,Murder,2019
rec8qTazz42nWGscm,Land,Demetrio Barrera Fuentes,Male,Indigenous Peoples,2019-02-24,Colombia,Private military actors,Americas,Murder,2019
rec8EeeoHpoXxysQE,Land,Jesús Eduardo Mestizo Yosando,Male,Indigenous Peoples,2019-11-03,Colombia,Hitmen,Americas,Murder,2019
recAeQWXkcpvYrIL9,Other,Jairo Javier Ruiz Fernández,Male,Small-scale farmer,2019-10-26,Colombia,Hitmen,Americas,Murder,2019
reclqDqJMwf47MJN0,Other,Bernardo de Jesús Chanci,Male,Small-scale farmer,2019-11-25,Colombia,Hitmen,Americas,Murder,2019
recPcBLW6DJ4bFqzG,Land,Marlon Ferney Pacho,Male,Indigenous Peoples,2019-09-26,Colombia,Unknown,Americas,Murder,2019
recKKP8CvcpHOcdu0,Land,Miguel Ángel Alpala,Male,Indigenous Peoples,2019-05-01,Colombia,Unknown,Americas,Murder,2019
rec9mCPnUGra3xnXi,Other,Walter Enrique Rodríguez Palacio,Male,Small-scale farmer,2019-11-19,Colombia,Private military actors,Americas,Murder,2019
recwELe4h3eNFqqo0,Land,Humberto Londoño,Male,Small-scale farmer,2019-12-06,Colombia,Private military actors,Americas,Murder,2019
reccj4BfDjgnFZZW0,Land,Jairo Ortiz,Male,Indigenous Peoples,2019-12-21,Colombia,Hitmen,Americas,Murder,2019
recwzlo97dCcTBqNV,Land,Reinaldo Carrillo Vera,Male,Small-scale farmer,2019-12-25,Colombia,Hitmen,Americas,Murder,2019
recWxkzt7K0gOdjYD,Land,Eliodoro Finscué,Male,Indigenous Peoples,2019-10-29,Colombia,Private military actors,Americas,Murder,2019
rechKWENzlLnL0afP,Land,Constantino Ramírez Bedoya,Male,Indigenous Peoples,2019-10-17,Colombia,Hitmen,Americas,Murder,2019
recCJny4FcXGNXeO4,Land,Mario Alberto Achicué,Male,Indigenous Peoples,2019-11-09,Colombia,Unknown,Americas,Murder,2019
recUAEQEPG5cXLkfk,Land,Gilberto Domicó Domicó,Male,Indigenous Peoples,2019-10-31,Colombia,Organised crime / mafias,Americas,Murder,2019
recqTgWGgDuoiGgAK,Other,Gloria Ocampo,Female,Small-scale farmer,2020-01-06,Colombia,Private military actors,Americas,Murder,2020
reclnbZLnIbHTHyDb,Other,Heladio Moreno,Male,Other,2020-01-06,Colombia,Private military actors,Americas,Murder,2020
recS247QxUh4V8g3d,Other,Tulio César Sandoval Chia,Male,Small-scale farmer,2020-01-13,Colombia,Hitmen,Americas,Murder,2020
recdraiFfIwFsxqeg,Other,Marco Rivadeneira,Male,Small-scale farmer,2020-03-19,Colombia,Private military actors,Americas,Murder,2020
recyHCJrGBwDSQOu9,Other,Jorge Macana,Male,Small-scale farmer,2020-03-07,Colombia,Private military actors,Americas,Murder,2020
recRR3jQAsPyTH4sx,Mining & Extractives,Luis Alberto Jumí Bailarín,Male,Indigenous Peoples,2019-08-09,Colombia,Private military actors,Americas,Murder,2019
recuL5QVDYyrhaUzo,Other,Alex Fernando Salcedo,Male,Small-scale farmer,2019-09-29,Colombia,Private military actors,Americas,Murder,2019
rechJcOApP4SxMQnV,Other,Cristian Sánchez,Male,Small-scale farmer,2019-09-29,Colombia,Private military actors,Americas,Murder,2019
recO341iprm4Kxmnd,Other,Albert Armando Sánchez Gómez,Male,Small-scale farmer,2019-09-29,Colombia,Private military actors,Americas,Murder,2019
recLlv8oZUKiCSUmA,Land,Henry Cayuy,Male,Indigenous Peoples,2019-09-13,Colombia,Private military actors,Americas,Murder,2019
recwLPzNGh0wOJNCI,Land,Didier Ferney González,Male,Small-scale farmer,2019-05-07,Colombia,Hitmen,Americas,Murder,2019
recFgp94jYGnJi0nD,Other,Natalia Jiménez,Female,Other,2019-12-23,Colombia,Private military actors,Americas,Murder,2019
reczYsR7PLGRfj3UI,Other,Rodrigo Monsalve,Male,Relatives of persons targeted for repression,2019-12-23,Colombia,Private military actors,Americas,Murder,2019
recBumkRbAJOL4hsH,Land,Lilia Patricia García,Female,Indigenous Peoples,2019-10-13,Colombia,Hitmen,Americas,Murder,2019
recsiVcjcdRs10hG0,Land,Virginia Silva,Female,Indigenous Peoples,2020-01-07,Colombia,Private military actors,Americas,Murder,2020
recflEk1DGxTXX8Cy,Land,Anuar Rojas Isaramá,Male,Indigenous Peoples,2020-01-09,Colombia,Hitmen,Americas,Murder,2020
recTD5DPnvE5hUzoY,Land,Wilder García,Male,Indigenous Peoples,2020-03-26,Colombia,Hitmen,Americas,Murder,2020
recb4Bl6juoksf396,Other,Alejandro Carvajal,Male,Small-scale farmer,2020-03-26,Colombia,Armed forces,Americas,Murder,2020
recTpXx1XS6iDh1Gv,Land,Aramis Arenas Bayona,Male,Small-scale farmer,2020-05-19,Colombia,Unknown,Americas,Murder,2020
recw5OrXyALU4o1MU,Mining & Extractives,Jorge Enrique Oramas,Male,Other,2020-05-16,Colombia,Hitmen,Americas,Murder,2020
recIjElgkq11yyEAg,Land,Javier Girón Triviño,Male,Indigenous Peoples,2020-02-02,Colombia,Private military actors,Americas,Murder,2020
reciweV17wj01hQBH,Land,Albeiro Silva Mosquera,Male,Small-scale farmer,2020-02-16,Colombia,Unknown,Americas,Murder,2020
recvrlMrUW5Y0lRUI,Land,Luis Hugo Silva Mosquera,Male,Small-scale farmer,2020-02-16,Colombia,Unknown,Americas,Murder,2020
recHRRDq7O9Cgjvaa,Land,Felipe Angucho Yunda,Male,Indigenous Peoples,2020-02-09,Colombia,Unknown,Americas,Murder,2020
rec7jAsaMBPM0airB,Land,Ismael Angucho Yunda,Male,Indigenous Peoples,2020-02-09,Colombia,Unknown,Americas,Murder,2020
rec0exgHmt5OCFPS4,Other,Efrén Ospina Velásquez,Male,Small-scale farmer,2020-02-08,Colombia,Hitmen,Americas,Murder,2020
recLgmBXUXlh7kvZF,Other,Teodomiro Sotelo Anacona,Male,Small-scale farmer,2020-04-17,Colombia,Private military actors,Americas,Murder,2020
recTHhNEzSPJhBwwe,Land,Mario Chilhueso,Male,Small-scale farmer,2020-04-19,Colombia,Private military actors,Americas,Murder,2020
reclFD7zNBz8j7lll,Land,Hugo de Jesús Giraldo López,Male,Small-scale farmer,2020-04-22,Colombia,Private military actors,Americas,Murder,2020
rec7rsLqPvnvZ2Prj,Land,María Nelly Cuetia Dagua,Female,Indigenous Peoples,2020-05-29,Colombia,Private military actors,Americas,Murder,2020
recqlaCCZf3wJXdqx,Land,Pedro Ángel María Tróchez Medina,Male,Indigenous Peoples,2020-05-29,Colombia,Private military actors,Americas,Murder,2020
recEh4twPXNlZGi2e,Land,Nelson Enrique Meneses Quiles,Male,Small-scale farmer,2020-01-10,Colombia,Hitmen,Americas,Murder,2020
rec1GnwKIkyR9vIlr,Other,Jaime José Vanegas Urueta,Male,Small-scale farmer,2020-01-21,Colombia,Unknown,Americas,Murder,2020
recksTTZXMlSLLloC,Other,Luis Guillermo Piedrahita,Male,Other,2020-01-21,Colombia,Unknown,Americas,Murder,2020
reckWtJsuFm2JQuLJ,Other,Gentil Hernández Jiménez,Male,Small-scale farmer,2020-01-08,Colombia,Private military actors,Americas,Murder,2020
recj4RfJOEMn4cJAz,Land,Yamid Alonso Silva Torres,Male,Park ranger,2020-02-06,Colombia,Private military actors,Americas,Murder,2020
recEsj2TzZEEgz64B,Land,Javier Uragama Chamorro,Male,Indigenous Peoples,2020-06-25,Colombia,Unknown,Americas,Disappearance,2020
rec4uqeQ6dWCL2Cv2,Land,Alejandro Llinás,Male,Other,2020-04-25,Colombia,Private military actors,Americas,Murder,2020
recb9O9DWBU3TD1li,Other,Carlos Andrés Sánchez Villa,Male,Small-scale farmer,2020-05-04,Colombia,Hitmen,Americas,Murder,2020
recBUuNBmBL0pN10U,Land,Didian Arley Agudelo,Male,Small-scale farmer,2020-02-25,Colombia,Armed forces,Americas,Murder,2020
rec9ETJ9pAb4k2im2,Land,William Ramiro Montoya,Male,Small-scale farmer,2020-03-03,Colombia,Unknown,Americas,Murder,2020
recApVzlctHvRXYlv,Other,Óscar Quintero Valencia,Male,Small-scale farmer,2020-01-08,Colombia,Hitmen,Americas,Murder,2020
recuvEuk949ZgiVlw,Mining & Extractives,Jaime Monge Hamman,Male,Other,2020-08-18,Colombia,Hitmen,Americas,Murder,2020
recB4LxvPRDZQfbmA,Land,Rodrigo Salazar,Male,Indigenous Peoples,2020-07-09,Colombia,Private military actors,Americas,Murder,2020
recw9IBCMnJlEe37q,Land,Joel Aguablanca Villamizar,Male,Indigenous Peoples,2020-05-31,Colombia,Armed forces,Americas,Murder,2020
recwrydAEc84RUs2S,Mining & Extractives,Hernando José Molina Villamizar,Male,,2020-08-07,Colombia,Private military actors,Americas,Murder,2020
recEY0dG4GxvbtKzP,Land,Javier Francisco Parra,Male,State official,2020-12-03,Colombia,Hitmen,Americas,Murder,2020
recT7uUKh02ZyClzI,Land,Miguel Tapí Rito,Male,Indigenous Peoples,2020-12-03,Colombia,Private military actors,Americas,Murder,2020
recbFwP85QcX4zi4y,Agribusiness,Abelardo Liz Cuetia,Male,Journalist,2020-08-13,Colombia,Armed forces,Americas,Murder,2020
recZbsRJD2y2fDzfs,Other,Carlos Navia,Male,Small-scale farmer,2020-10-26,Colombia,Hitmen,Americas,Murder,2020
recpeRzvU5jt04tZX,Land,Juana Perea Plata,Female,Other,2020-10-29,Colombia,Unknown,Americas,Murder,2020
recQStogcXEpY6aQc,Land,José Nelson Tapia Caizamo,Male,Indigenous Peoples,2020-09-06,Colombia,Hitmen,Americas,Murder,2020
recK098cUB4Wk5ZbL,Land,Julio César Sogamoso,Male,Small-scale farmer,2020-08-29,Colombia,Private military actors,Americas,Murder,2020
recVrG7rAr62fDtmI,Land,Edis Manuel Caré Pérez,Male,Indigenous Peoples,2020-08-24,Colombia,Hitmen,Americas,Murder,2020
recGCK2UgsmfdRVSq,Land,Uberney Muñoz,Male,Small-scale farmer,2020-08-13,Colombia,Hitmen,Americas,Murder,2020
recBl2bfHxqxTmIba,Land,Alberto Ruiz,Male,Other,2020-08-13,Colombia,Hitmen,Americas,Murder,2020
reciOTd24jatIErY3,Land,Jorge Luis Quintero Villada,Male,Park ranger,2020-09-28,Colombia,Hitmen,Americas,Murder,2020
reco5JgVN9Nojhnak,Land,Javier García Guaguarabe,Male,Indigenous Peoples,2020-05-15,Colombia,Hitmen,Americas,Murder,2020
recfaumjm3GCzRTho,Other,Eider Adán Lopera,Male,Small-scale farmer,2020-06-15,Colombia,Private military actors,Americas,Murder,2020
recUPwmHTkl6WtBFT,Land,José Gustavo Arcila Rivera,Male,Small-scale farmer,2020-07-26,Colombia,Hitmen,Americas,Murder,2020
recuBrP1Hc9GIJSGe,Other,Freddy Angarita Martínez,Male,Other,2020-05-16,Colombia,Hitmen,Americas,Murder,2020
recVeItQQcG4jUGnB,Land,Sigifredo Gutiérrez,Male,Small-scale farmer,2020-07-18,Colombia,Hitmen,Americas,Murder,2020
reczznOkurkRmtYv2,Other,Julio César Hernández Salcedo,Male,Small-scale farmer,2020-05-13,Colombia,Private military actors,Americas,Murder,2020
recGKyYovThOW1Bn2,Land,Floro Samboní Gómez,Male,Small-scale farmer,2020-04-24,Colombia,Hitmen,Americas,Murder,2020
recMQIDBo4WJp1EKU,Land,Mauricio Pérez Martínez,Male,Indigenous Peoples,2020-08-05,Colombia,Private military actors,Americas,Murder,2020
rec1pwASg36so3dX7,Other,Ernesto Aguilar Barreras,Male,Small-scale farmer,2020-07-18,Colombia,Private military actors,Americas,Murder,2020
recZSy61qoBAgkOT5,Land,Juan Pablo Prado Bolaños,Male,Indigenous Peoples,2020-09-03,Colombia,Hitmen,Americas,Murder,2020
rec22q5XabBPiCBxP,Land,Alba Alexandra Pizanda Cuestas,Female,Indigenous Peoples,2020-09-20,Colombia,Hitmen,Americas,Murder,2020
recyWwtXISDKAUyx4,Land,Ana Lucía Bisbicús,Female,Indigenous Peoples,2020-10-03,Colombia,Hitmen,Americas,Murder,2020
recaxPpV9m2h28rMc,Agribusiness,Oswaldo Rojas,Male,Afrodescendant,2020-10-10,Colombia,Private military actors,Americas,Murder,2020
recn8Ctmr5wj10YTe,Land,Mary Luz Pérez Camaño,Female,Small-scale farmer,2020-10-13,Colombia,Private military actors,Americas,Murder,2020
recgxXknVBeZyz6Od,Land,Genaro Isabare Forastero,Male,Indigenous Peoples,2020-11-12,Colombia,Private military actors,Americas,Disappearance,2020
recND8BX5g0YrO77z,Land,Deiro Alexander Pérez Bisbicús,Male,Indigenous Peoples,2020-05-06,Colombia,Hitmen,Americas,Murder,2020
recxe3kWhb8ZQDcLB,Land,Norbey Antonio Rivera,Male,Small-scale farmer,2020-12-30,Colombia,Hitmen,Americas,Murder,2020
recGkQfWlo1y3SsMa,Other,Remberto Arrieta Bohórquez,Male,Small-scale farmer,2021-01-31,Colombia,Private military actors,Americas,Murder,2021
recAvn0AR77MnqNtm,Other,Sandra Liliana Peña Chocué,Female,Indigenous Peoples,2021-04-20,Colombia,Hitmen,Americas,Murder,2021
reckamD4mTpWz2vjY,Land,José Santos López,Male,Indigenous Peoples,2021-03-28,Colombia,Hitmen,Americas,Murder,2021
reciJca4bF1aLNriF,Land,Jhon Edward Martinez,Male,Indigenous Peoples,2021-03-28,Colombia,Hitmen,Americas,Murder,2021
receSaYxJDya2hiIU,Land,Gonzalo Cardona Molina,Male,Park ranger,2021-01-08,Colombia,Hitmen,Americas,Disappearance,2021
recfob03ueCmmMHCV,Land,Yordan Eduardo Guetio,Male,Small-scale farmer,2021-02-02,Colombia,Hitmen,Americas,Murder,2021
recWsx5auMGn4ZAdj,Land,Edwin Antonio Indaburo,Male,Small-scale farmer,2021-01-07,Colombia,Organised crime / mafias,Americas,Murder,2021
recEWTSmWdQ9ypGgT,Land,Jaime Enrique Basilio Basilio,Male,Indigenous Peoples,2021-03-01,Colombia,Private military actors,Americas,Murder,2021
recZzEFs5EezoHMZQ,Land,Aura Esther García Peñalver,Female,Indigenous Peoples,2021-03-31,Colombia,Hitmen,Americas,Murder,2021
recElattExVZgYC1b,Other,Fermiliano Meneses Hoyos,Male,Other,2021-01-16,Colombia,Private military actors,Americas,Disappearance,2021
recVzLqRya0AvLfqe,Land,Danilo Torres,Male,Afrodescendant,2021-06-26,Colombia,Private military actors,Americas,Murder,2021
recQnLiW9x9ghPwqq,Land,Yarley Margarito Salas,Male,Other,2021-04-08,Colombia,Private military actors,Americas,Murder,2021
rec4ARkYD5n24hMPj,Land,José Riascos,Male,Police,2021-04-08,Colombia,Private military actors,Americas,Murder,2021
rec5jjzYPbvT8MudV,Land,Wilson de Jesús López,Male,Small-scale farmer,2021-04-28,Colombia,Hitmen,Americas,Murder,2021
recG9OmdI3P6tUvye,Land,Argenis Yatacué,Female,Indigenous Peoples,2021-06-09,Colombia,Private military actors,Americas,Murder,2021
recF2sV9LpgO1BhGd,Land,Marcelino Yatacué Ipia,Male,Indigenous Peoples,2021-06-09,Colombia,Private military actors,Americas,Murder,2021
recJs6wKjOgir92mZ,Land,Ángel Miro Cartagena,Male,Small-scale farmer,2021-06-14,Colombia,Private military actors,Americas,Disappearance,2021
rec139kH8hJKYh1hY,Land,Rafael Domicó Carupia,Male,Indigenous Peoples,2021-04-06,Colombia,Hitmen,Americas,Murder,2021
recOUqg8fB8XdHsCR,Land,Jhon Alberto Pascal,Male,Indigenous Peoples,2021-10-01,Colombia,Private military actors,Americas,Murder,2021
reccFXBXfiKhGsdsu,Land,Dilio Bailarín,Male,Indigenous Peoples,2021-09-20,Colombia,Private military actors,Americas,Murder,2021
recKKtIsU0MuUduAs,Land,Ilia Pilcué Yule,Female,Indigenous Peoples,2021-09-22,Colombia,Hitmen,Americas,Murder,2021
recnWFuHh2rhrRBty,Land,Fredy Pestana Herrera,Male,Other,2021-12-10,Colombia,Hitmen,Americas,Murder,2021
recRAuyY95yYnyMHo,Land,Cristian Torres Cifuentes,Male,Small-scale farmer,2021-05-14,Colombia,Unknown,Americas,Murder,2021
recWN5IjJ7AuZ8GqE,Land,Juana Panesso Dumasá,Female,Indigenous Peoples,2021-12-10,Colombia,Hitmen,Americas,Murder,2021
rec9nxyvRtgxSRr4e,Land,Jair Adán Roldán Morales,Male,Small-scale farmer,2021-05-28,Colombia,Private military actors,Americas,Murder,2021
recQIOUujGUuGTr9P,Land,Nazaria Calambás Tunubalá,Female,Indigenous Peoples,2021-10-21,Colombia,Hitmen,Americas,Murder,2021
rec4dkcgMk0yI1FlH,Land,John Albeiro Paí Pascal,Male,Indigenous Peoples,2021-02-24,Colombia,Hitmen,Americas,Murder,2021
recDQs8iJwdJX0oax,Other,Marcos Fidel Camayo Guetio,Male,Indigenous Peoples,2021-11-21,Colombia,Hitmen,Americas,Murder,2021
rectRPY8gUPBsfKhE,Other,Noel Corsini Zúñiga,Male,Small-scale farmer,2021-10-25,Colombia,Hitmen,Americas,Murder,2021
rec8pQhZrSs3Eqy3v,Other,Rogelio López Figueroa,Male,Small-scale farmer,2021-10-19,Colombia,Hitmen,Americas,Murder,2021
recxoqH7N0PLwLCGq,Land,Efrén España,Male,Small-scale farmer,2021-10-18,Colombia,Hitmen,Americas,Murder,2021
recimmt6YtJTebvEX,Land,Luis Alfonso Narváez Escobar,Male,Indigenous Peoples,2021-10-18,Colombia,Hitmen,Americas,Murder,2021
reczbuQd1snEa5Ji5,Land,Víctor Orlando Mosquera,Male,Other,2021-10-10,Colombia,Unknown,Americas,Murder,2021
recjeNDsD6OdgTQ7L,Land,Guillermo Chicame Ipia,Male,Indigenous Peoples,2022-01-14,Colombia,Private military actors,Americas,Murder,2022
rechraAsGI3kKxB35,Land,Breiner David Cucuñame López,Male,Indigenous Peoples,2022-01-14,Colombia,Private military actors,Americas,Murder,2022
rec52nSJheLciGvB2,Land,Luz Marina Arteaga,Female,Other,2022-01-12,Colombia,Unknown,Americas,Disappearance,2022
reccAdjgWBwJ9df0Z,Land,José Albeiro Camayo Güetio,Male,Indigenous Peoples,2022-01-24,Colombia,Private military actors,Americas,Murder,2022
recOcPbCqMp5zvmcv,Land,Luis Chamapuro Quiro,Male,Indigenous Peoples,2022-02-03,Colombia,Private military actors,Americas,Murder,2022
recEU0BH82mxLekg1,Land,Teófilo Acuña,Male,Other,2022-02-22,Colombia,Hitmen,Americas,Murder,2022
recA8zh4OXxQZdHhU,Land,Jorge Alberto Tafur,Male,Other,2022-02-22,Colombia,Hitmen,Americas,Murder,2022
reclCqAkclFrufU24,Land,Dilson Arbey Borja Roldán,Male,Indigenous Peoples,2022-02-25,Colombia,Hitmen,Americas,Murder,2022
recxW0VY6s9Pnf3V0,Land,Julio Victoria Cárdenas,Male,Afrodescendant,2022-02-23,Colombia,Private military actors,Americas,Murder,2022
recz7OEr3TrX6Dr8l,Land,José Miller Correa Vásquez,Male,Indigenous Peoples,2022-03-14,Colombia,Unknown,Americas,Murder,2022
recq0vu0cReAAN1lz,Land,Sarcelino Lana,Male,Indigenous Peoples,2022-03-25,Colombia,Private military actors,Americas,Murder,2022
recHNcf7867lxElXo,Land,Julio César Bravo,Male,Other,2022-02-01,Colombia,Unknown,Americas,Murder,2022
reczozqRY0dcVl6H3,Land,Juan Orlando Moreno,Male,Indigenous Peoples,2022-07-03,Colombia,Private military actors,Americas,Murder,2022
reci7Xe6BYBTAXowh,Land,John Faver Nasatacuas,Male,Indigenous Peoples,2022-07-03,Colombia,Private military actors,Americas,Murder,2022
recFWvaMXPPz0tJmM,Land,Carlos José García,Male,Indigenous Peoples,2022-07-03,Colombia,Private military actors,Americas,Murder,2022
recRCxhqYi1QUtofZ,Land,José Luis Quiñones,Male,Small-scale farmer,2022-08-02,Colombia,Hitmen,Americas,Murder,2022
recAKqwywLKXbE3me,Land,Hery Olivero Vallesilla,Male,Afrodescendant,2022-05-01,Colombia,Hitmen,Americas,Murder,2022
rec1lcXrLYw9t95oK,Land,Luis Antonio Tombé Menza,Male,Indigenous Peoples,2022-05-01,Colombia,Police,Americas,Murder,2022
recz81L8thtCq4ruT,Land,Jesusita Moreno Mosquera,Female,Afrodescendant,2022-06-07,Colombia,Hitmen,Americas,Murder,2022
recfz6yGnCwBE0WFR,Land,Yesid Caña,Male,Indigenous Peoples,2022-04-30,Colombia,Hitmen,Americas,Murder,2022
reczuOMGNkNW8gkMR,Land,José Pascual Quevedo Velásquez,Male,Small-scale farmer,2022-04-03,Colombia,Hitmen,Americas,Murder,2022
recFg3dOw0JmK2oWL,Other,Edgar Quintero,Male,Small-scale farmer,2022-05-15,Colombia,Hitmen,Americas,Murder,2022
reckNA946cp5Bdg92,Land,John Jairo Esquivel,Male,Small-scale farmer,2022-04-18,Colombia,Hitmen,Americas,Murder,2022
rechdtLFuzPWeaZwa,Land,Libardo Castillo Ortiz,Male,Afrodescendant,2022-01-20,Colombia,Hitmen,Americas,Murder,2022
recB5f8BfehpGWTRi,Land,Jorge Santofimio Yepes,Male,Other,2022-02-24,Colombia,Hitmen,Americas,Murder,2022
recbuKXHFPYpapBMi,Other,Gustavo Antonio Torres,Male,Small-scale farmer,2022-02-26,Colombia,Hitmen,Americas,Murder,2022
recypeWkZxT95aFF0,Other,José Mauricio Sepúlveda Lozano,Male,Other,2022-03-03,Colombia,Hitmen,Americas,Murder,2022
recZOwytiKX2Pj1Sv,Land,Pablo Emilio Baquero Cárdenas,Male,Small-scale farmer,2022-04-11,Colombia,Hitmen,Americas,Murder,2022
recJAoKo3lons7I0r,Land,María José Arciniegas Salinas,Female,Indigenous Peoples,2022-04-30,Colombia,Private military actors,Americas,Murder,2022
recx0kMBxnzUPfyt1,Land,Francisco Sarco Pipicay,Male,Indigenous Peoples,2022-11-11,Colombia,Private military actors,Americas,Murder,2022
recwdVINN3VA9bH0h,Land,Carlitos Uragama Cano,Male,Indigenous Peoples,2022-11-11,Colombia,Private military actors,Americas,Murder,2022
rec3juONHPBjYQIUO,Other,Mario Óscar Solarte,Male,Small-scale farmer,2022-11-17,Colombia,Hitmen,Americas,Murder,2022
recqlo9GXLFMOcYmZ,Land,Juan Alberto Guejia Peteche,Male,Indigenous Peoples,2022-11-11,Colombia,Hitmen,Americas,Murder,2022
rec1FF34ON2b0w6JQ,Land,Arcelia Fernández,Female,Indigenous Peoples,2022-11-11,Colombia,Hitmen,Americas,Murder,2022
recQ3HSj4gYasy46t,Land,Filadelfo Anzola Padilla,Male,Other,2022-12-06,Colombia,Hitmen,Americas,Murder,2022
recg8U3DvmAnSzUuF,Land,Juvencio Cerquera Manquillo,Male,Indigenous Peoples,2022-11-09,Colombia,Private security guards,Americas,Murder,2022
rec8csva1B7WRTX7Q,Land,Jonás Carabalí,Male,Afrodescendant,2022-10-30,Colombia,Private military actors,Americas,Murder,2022
rec6yDbo4YBmrUOhu,Land,Faustino Carabalí,Male,Afrodescendant,2022-10-30,Colombia,Private military actors,Americas,Murder,2022
rec5y6ikkjSaGt4rX,Land,Adelmo Balanta,Male,Afrodescendant,2022-10-27,Colombia,Hitmen,Americas,Murder,2022
reccCwtRcANngl8rj,Land,Fredy Mena Obregón,Male,Afrodescendant,2022-10-09,Colombia,Hitmen,Americas,Murder,2022
rec8EVDcoXGYsVpwk,Land,Yermi Chocué Camayo,Female,Indigenous Peoples,2022-10-27,Colombia,Unknown,Americas,Murder,2022
recAjcDU6LVEXRU0Z,Land,Pedro Nel Sánchez Sanabria,Male,Small-scale farmer,2022-05-21,Colombia,Hitmen,Americas,Murder,2022
rect5mN0vTsLCeam2,Land,Jancy Muñoz Avirama,Male,Small-scale farmer,2022-05-11,Colombia,Private military actors,Americas,Murder,2022
recdiRiZwNqzYXPyt,Other,Neiber Pertuz,Male,Other,2022-08-28,Colombia,Hitmen,Americas,Murder,2022
rec09CziTCV3bIOCz,Land,Edison Gómez Ortiz,Male,Indigenous Peoples,2022-05-31,Colombia,Hitmen,Americas,Murder,2022
recI9OiewBz3ZtdaL,Other,Julián David Ochoa,Male,Other,2022-06-27,Colombia,Hitmen,Americas,Murder,2022
rechgLBhuLEBpcg1V,Land,Libardo Perdomo Molano,Male,Other,2022-06-28,Colombia,Hitmen,Americas,Murder,2022
recWdXefhRkZEw9Wl,Land,Wilson Nixon Melón Robles,Male,Small-scale farmer,2022-07-02,Colombia,Private military actors,Americas,Murder,2022
reciMdu5V8uC1ptnu,Land,Julio César Buitrago Hernández,Male,Small-scale farmer,2022-07-12,Colombia,Hitmen,Americas,Murder,2022
recdnZj5YgBDnwzCk,Land,Jorge Eliecer Mejía,Male,Indigenous Peoples,2022-07-16,Colombia,Hitmen,Americas,Murder,2022
recPQPS5jIBPzknZw,Land,José Edilson Vargas Monroy,Male,Small-scale farmer,2022-07-17,Colombia,Hitmen,Americas,Murder,2022
recqXJHmwQz9Xp337,Land,Larry Reinoso Sánchez,Male,Small-scale farmer,2022-07-18,Colombia,Unknown,Americas,Disappearance,2022
reciE0mwjZAvccIOa,Other,Javier Usechi,Male,Other,2022-08-06,Colombia,Hitmen,Americas,Murder,2022
rec1T1ynvPu6L3kaj,Land,Mariton Jusayu Ipuana,Male,Indigenous Peoples,2022-08-18,Colombia,Hitmen,Americas,Murder,2022
rec1pNslUBlZTPHX0,Land,William Pedraza,Male,Other,2022-09-03,Colombia,Hitmen,Americas,Murder,2022
recOPhrt1N4Cwr3Lb,Land,Diocelino García Bisbicús,Male,Indigenous Peoples,2022-09-21,Colombia,Hitmen,Americas,Murder,2022
recaR4Jzf4meCl75p,Land,Edinson Murillo Ararat,Male,Afrodescendant,2022-10-06,Colombia,Hitmen,Americas,Murder,2022
recuc44dAlByTl2zp,Other,Ferney Morales,Male,Small-scale farmer,2022-10-08,Colombia,Unknown,Americas,Murder,2022
recH41tuRljJrkVdE,Other,Rigo Alape,Male,Small-scale farmer,2022-10-08,Colombia,Unknown,Americas,Murder,2022
recnKaIgn2tRYQ5L1,Other,Luis Eduardo Montoya Jaramillo,Male,Other,2022-08-25,Colombia,Hitmen,Americas,Murder,2022
recQGqIPFXo7XJzNj,Land,Samuel Sabi Dorado,Male,Other,2023-01-21,Colombia,Organised crime / mafias,Americas,Murder,2023
recda5QTJ60s4EejM,Other,José Isaías Yandi Pacho,Male,Other,2023-01-22,Colombia,Organised crime / mafias,Americas,Murder,2023
recPsU0azKt3wkRGQ,Land,Edilsan Andrade Avirama,Female,Other,2023-01-31,Colombia,Hitmen,Americas,Murder,2023
recOlP3sermN5ug1g,Mining & Extractives,José Antonio Santiago Pérez,Male,Other,2023-02-04,Colombia,Organised crime / mafias,Americas,Murder,2023
recglOG3JTJWYarAP,Other,Jorge Adolfo Cárdenas Fajardo,Male,Other,2023-02-05,Colombia,Organised crime / mafias,Americas,Murder,2023
recygSbZsGWJp3AEe,Land,Milton Rocha Peña,Male,Small-scale farmer,2023-09-28,Colombia,Organised crime / mafias,Americas,Murder,2023
recA9mHGnHKrhNGA7,Land,Marlon Hernando García Pascal,Male,Indigenous Peoples,2023-03-03,Colombia,Organised crime / mafias,Americas,Murder,2023
recCe4x1netV7Ssz1,Land,Wilson Andrés Bomba Piamba,Male,Indigenous Peoples,2023-03-15,Colombia,Organised crime / mafias,Americas,Murder,2023
recmEpkGUJQpvRWIh,Land,Weimar Possú Díaz,Male,Afrodescendant,2023-03-19,Colombia,Unknown,Americas,Murder,2023
recNfz9BolUe9pQSO,Land,Jaime Álvarez Romero,Male,Indigenous Peoples,2023-01-14,Colombia,Organised crime / mafias,Americas,Murder,2023
rec8EtfP850gPDwJw,Land,Néstor Enríque Martínez Brito,Male,State official,2023-03-15,Colombia,Hitmen,Americas,Murder,2023
recAlNWuZWWg9TUI9,Land,Marcos Canticus Nastacuas,Male,Indigenous Peoples,2023-06-23,Colombia,Organised crime / mafias,Americas,Murder,2023
recGlQVZkWMwhAIHr,Land,Carlos Julio Tautiva Cruz,Male,Small-scale farmer,2023-04-11,Colombia,Hitmen,Americas,Murder,2023
recIqcKqvzI3eeMmv,Land,Luis Alberto Quiñones Cortés,Male,Afrodescendant,2023-04-09,Colombia,Hitmen,Americas,Murder,2023
recYwblxb5JThkgbT,Land,Marcelino Martínez Cuadros,Male,Small-scale farmer,2023-06-10,Colombia,Hitmen,Americas,Murder,2023
recJ82xcxDE3uGRbB,Land,Custodio Yucuna Tanimuca,Male,Indigenous Peoples,2023-06-06,Colombia,Organised crime / mafias,Americas,Murder,2023
recNtLztMLo1sH2z5,Land,Jhon William Vargas Peña,Male,Indigenous Peoples,2023-05-03,Colombia,Organised crime / mafias,Americas,Murder,2023
rec6XxQNOG9FwQvTr,Land,Gustavo Muñoz Mojomboy,Male,Indigenous Peoples,2023-04-13,Colombia,Organised crime / mafias,Americas,Murder,2023
rec5hdijYf8Jp0G6K,Hydropower,Nelson Medina Muñoz,Male,Other,2023-06-26,Colombia,Hitmen,Americas,Murder,2023
recjaxhOFUY4kp7sr,Land,Sebastian Lucumí Mina,Male,Afrodescendant,2023-06-20,Colombia,Organised crime / mafias,Americas,Murder,2023
recmLAD9195qpZqE5,Land,Juan Alexander Chocué Peña,Male,Indigenous Peoples,2023-06-19,Colombia,Organised crime / mafias,Americas,Murder,2023
recjwOXOpLUFoWRLn,Mining & Extractives,Diana Carolina Rodríguez Madrigal,Female,Other,2023-04-11,Colombia,Hitmen,Americas,Murder,2023
reccVsUdmRuxKJF6e,Land,Marcelino Dagua Baicué,Male,Indigenous Peoples,2023-06-12,Colombia,Unknown,Americas,Murder,2023
reczdn53Nf3Ulaj5p,Land,Rosalía Quiguanas Dagua,Female,Indigenous Peoples,2023-06-12,Colombia,Unknown,Americas,Murder,2023
recl9LCrN4sYZGSEt,Land,José Isaías Quiguanás Musicué,Male,Indigenous Peoples,2023-04-18,Colombia,Hitmen,Americas,Murder,2023
recyrrqKBIBww2oW6,Land,Luisa Isabel Moreno,Female,Other,2023-04-15,Colombia,Unknown,Americas,Murder,2023
recOEGy6hvPQXkn3E,Land,Jhon Freddy Rueda Rodríguez,Male,Other,2023-05-11,Colombia,Hitmen,Americas,Murder,2023
recaV6SipjhOQ7fm5,Other,Alejandro Forero Valderrama,Male,Lawyer,2023-06-15,Colombia,Hitmen,Americas,Murder,2023
rec03ech7mFTHUUGJ,Logging,Yenifer Córdoba Henao,Female,Other,2023-05-16,Colombia,Unknown,Americas,Murder,2023
recP0e3gLyi1GZOqg,Mining & Extractives,Luis Gabriel Martínez Pérez,Male,Other,2023-06-05,Colombia,Hitmen,Americas,Murder,2023
recuWYeo01kw7QaJk,Land,Jairo Enrique Tombé,Male,Afrodescendant,2023-06-05,Colombia,Unknown,Americas,Disappearance,2023
rec2IFqTKNVFgTlq8,Land,Leonora González,Female,Afrodescendant,2023-06-05,Colombia,Unknown,Americas,Disappearance,2023
recH2PW8bhVm7ERg7,Land,Hegils Edimer Escorcia Carranza,Male,Other,2023-06-05,Colombia,Unknown,Americas,Murder,2023
rec7zeCODD4ej25jh,Land,José Hernán Tenorio Mestizo,Male,Indigenous Peoples,2023-07-04,Colombia,Organised crime / mafias,Americas,Murder,2023
rec3nJRAPC1YUWqY0,Land,Albán Mestizo Yosando,Male,Indigenous Peoples,2023-07-04,Colombia,Organised crime / mafias,Americas,Murder,2023
recBZJ4qT0lSo8mt7,Land,Yonnis Orfilio García Nastacuás,Male,Indigenous Peoples,2023-07-05,Colombia,Organised crime / mafias,Americas,Murder,2023
recmiNlURr0LJPWvr,Land,Rigoberto Mendoza Ospina,Male,Small-scale farmer,2023-07-08,Colombia,Organised crime / mafias,Americas,Murder,2023
rec5qYO7QFbIF0QBF,Land,Tiberio Chepe Zeti,Male,Indigenous Peoples,2023-07-23,Colombia,Unknown,Americas,Murder,2023
recUnEWIQEzOkGvnh,Land,Fredy Alexander Bomba Campo,Male,Indigenous Peoples,2023-07-26,Colombia,Hitmen,Americas,Murder,2023
rec26ARWHPYT9Suuo,Land,Luis Eduardo Timaná García,Male,Indigenous Peoples,2023-08-04,Colombia,Organised crime / mafias,Americas,Murder,2023
recHoJ4dkBvq2ihyx,Land,Martín Darys Escobar Barón,Male,Afrodescendant,2023-08-16,Colombia,Hitmen,Americas,Murder,2023
recFPZqQEzhYtTKrZ,Land,Ferley Fernández Rojas,Male,Small-scale farmer,2023-08-23,Colombia,Landowners,Americas,Murder,2023
recu2VL5SG6oUeiyg,Land,Jhon Kevin Taicús Guanga,Male,Small-scale farmer,2023-08-24,Colombia,Organised crime / mafias,Americas,Murder,2023
rec3sjf8Cr8Y0yPkF,Land,Edwin Manuel Tapia Gaviria,Male,Other,2023-08-26,Colombia,Organised crime / mafias,Americas,Murder,2023
recTBG7GgdlHSIsRh,Land,José Arley Cruz Chocue,Male,Indigenous Peoples,2023-09-17,Colombia,Organised crime / mafias,Americas,Murder,2023
recOp63f24YchIANB,Mining & Extractives,Johan Ferney Aguilar González,Male,Small-scale farmer,2023-09-03,Colombia,Unknown,Americas,Murder,2023
recVozJPRVqacF97j,Land,Salomón Durán,Male,Other,2023-07-13,Colombia,Organised crime / mafias,Americas,Murder,2023
recZyNCpb6pmbZdap,Land,Julio Cesar Tapias Carvajal,Male,Other,2023-07-04,Colombia,Organised crime / mafias,Americas,Murder,2023
rec8OBO1CtPW2YQ1j,Other,José Ilder Díaz Benavides,Male,Other,2023-07-23,Colombia,Unknown,Americas,Murder,2023
reck1ZhMhrIZueygM,Land,Pedro Chocue Poche,Male,Indigenous Peoples,2023-07-26,Colombia,Unknown,Americas,Murder,2023
rec0GGsG9sfDUEPa7,Land,Milton Santacruz Aguilar,Male,Indigenous Peoples,2023-09-21,Colombia,Unknown,Americas,Murder,2023
rec0ALJTmGPaadh9T,Other,Eliseo Losada Cedeño,Male,Other,2023-07-20,Colombia,Unknown,Americas,Murder,2023
recQgBQELziO0UYV2,Other,Hugo Armando Trujillo,Male,Other,2023-06-24,Colombia,Organised crime / mafias,Americas,Murder,2023
recockgFNbv14AQUm,Other,Maribel Arce Piedrahita,Female,Other,2023-06-24,Colombia,Organised crime / mafias,Americas,Murder,2023
recWZOKnZQ4ixWpaI,Land,Samuel Avendaño,Male,Other,2023-10-04,Colombia,Unknown,Americas,Murder,2023
reciftZdHptJIU8nt,Land,Daniel Andrés Rivas Prieto,Male,Small-scale farmer,2023-11-12,Colombia,Organised crime / mafias,Americas,Murder,2023
recZZecMlLmYZpECm,Land,Marino Paví Julicue,Male,Indigenous Peoples,2023-12-16,Colombia,Other,Americas,Murder,2023
recTi4AqPKzKDyKWG,Land,Eliécer Puyo Chocué,Male,Indigenous Peoples,2023-12-24,Colombia,Unknown,Americas,Murder,2023
recRqWnoQitjkZvaV,Land,Robert Fernández,Male,Small-scale farmer,2023-12-11,Colombia,Unknown,Americas,Murder,2023
rec2rxh7zsxnBg25H,Land,Carlos Arturo Quijano,Male,Small-scale farmer,2023-12-20,Colombia,Organised crime / mafias,Americas,Murder,2023
reck4Ji1bkiZK1QTF,Land,John Freiman Ramos Ocaña,Male,Indigenous Peoples,2023-12-22,Colombia,Organised crime / mafias,Americas,Murder,2023
recAcpGbkDdG2OJn9,Land,Yisel Menza,Female,Relatives of persons targeted for repression,2023-12-22,Colombia,Organised crime / mafias,Americas,Murder,2023
recTOthmhPEbHPIXK,Land,Jelen Charit Ramos Menza,Female,Relatives of persons targeted for repression,2023-12-22,Colombia,Organised crime / mafias,Americas,Murder,2023
rec3xANt20CugWE7I,Land,Cristobal Nastacuás Nastacuás,Male,Indigenous Peoples,2023-11-09,Colombia,Unknown,Americas,Murder,2023
recntmBETs2TIJdhT,Land,Berna Nastacuás Paí,Male,Indigenous Peoples,2023-01-28,Colombia,Organised crime / mafias,Americas,Murder,2023
recIymc3gTXO6cCWI,Land,Phanor Guazaquillo Peña,Male,Indigenous Peoples,2023-12-03,Colombia,Unknown,Americas,Murder,2023
recZHXLpKHlWJJtmp,Land,Rogelio Chate Peña,Male,Indigenous Peoples,2023-11-30,Colombia,Organised crime / mafias,Americas,Murder,2023
recBZbM2IAXtrzPvk,Land,Miller Silva Rosero,Male,Small-scale farmer,2023-10-20,Colombia,Unknown,Americas,Murder,2023
receW5GgTaimvY30V,Land,Yamili Bernal García,Female,Small-scale farmer,2023-10-14,Colombia,Organised crime / mafias,Americas,Murder,2023
rec58TfytVOqIiweN,Land,Leniz Rojas Silva,Male,Small-scale farmer,2023-11-23,Colombia,Unknown,Americas,Murder,2023
recImNI4gqHsqmGKN,Mining & Extractives,Elkin Jesús Díaz Vergara,Male,Other,2023-11-23,Colombia,Unknown,Americas,Murder,2023
recelRk5ca80xgqnz,Land,Pedro Pablo Salas Sánchez,Male,Small-scale farmer,2023-12-04,Colombia,Unknown,Americas,Murder,2023
recO7Lm3ulxggLRQe,Land,Robiro Rojas Benavides,Male,Small-scale farmer,2023-12-04,Colombia,Organised crime / mafias,Americas,Murder,2023
receY2kIOemP7eDHT,Land,Raúl Antonio Nastacuas,Male,Indigenous Peoples,2023-03-24,Colombia,Organised crime / mafias,Americas,Murder,2023
recl4rb9Huxv5WqyK,Land,Bryan Camilo Osuna Gómez,Male,Other,2023-12-07,Colombia,Organised crime / mafias,Americas,Murder,2023
recSyeNfC3mSJx03X,Land,Tulia Carrillo Lizarazo,Female,Small-scale farmer,2023-12-14,Colombia,Organised crime / mafias,Americas,Murder,2023
recX09wKmEdxffOcA,Land,Diego Antonio Arrieta López,Male,Small-scale farmer,2023-12-15,Colombia,Unknown,Americas,Murder,2023
recYo5h7vAZCTGSKQ,Land,Carlos Alberto Romero Martínez,Male,Small-scale farmer,2023-12-16,Colombia,Unknown,Americas,Murder,2023
receca3bntTgjjERq,Land,Luis Parra Toroca,Male,Indigenous Peoples,2023-12-31,Colombia,Unknown,Americas,Murder,2023
recL8FoHtR9CyKBQO,Other,Carmelina Yule Paví,Female,Indigenous Peoples,2024-03-17,Colombia,Organised crime / mafias,Americas,Murder,2024
recrRnV8aRIdxOcbX,Land,Dairo Yobani Aquite,Male,Indigenous Peoples,2024-03-04,Colombia,Organised crime / mafias,Americas,Murder,2024
recNRPwRhx6BQOyiL,Land,Eywar Yamid Morán Campo,Male,Indigenous Peoples,2024-02-10,Colombia,Organised crime / mafias,Americas,Murder,2024
recrARyDCU14CJCJO,Land,José Alirio Chocué Molano,Male,Indigenous Peoples,2024-01-19,Colombia,Organised crime / mafias,Americas,Murder,2024
recjX98qIW12xk8qz,Land,Ludivia Galindez Jiménez,Female,Small-scale farmer,2024-02-23,Colombia,Unknown,Americas,Murder,2024
rec58jJhMjhmMBUDm,Land,Tiberio Domicó Bailarín,Male,Indigenous Peoples,2024-01-24,Colombia,Private military actors,Americas,Murder,2024
recxEMtIv5vs2UD3e,Land,Graciel Mendoza Valencia,Male,Small-scale farmer,2024-03-31,Colombia,Organised crime / mafias,Americas,Murder,2024
rec6t5dMEfgBhTwS0,Land,Álvaro Javier Morales Flor,Male,Small-scale farmer,2024-03-19,Colombia,Organised crime / mafias,Americas,Murder,2024
reclAbaj7DLJWR4Nb,Land,Josué Castellanos Pérez,Male,Small-scale farmer,2024-03-04,Colombia,Organised crime / mafias,Americas,Murder,2024
recqA961IdYyQd69H,Land,Fidel Antonio Hernández Correa,Male,Afrodescendant,2024-01-17,Colombia,Private military actors,Americas,Murder,2024
recOfie5uTgExAi56,Land,José Antonio Lozano Puentes,Male,Small-scale farmer,2024-02-20,Colombia,Organised crime / mafias,Americas,Murder,2024
recxW7GsaJUlJkSvf,Land,Harrison Okí Valencia,Male,Indigenous Peoples,2024-03-07,Colombia,Unknown,Americas,Murder,2024
recY9pNNetrnygLs8,Land,Jaime Ernesto Páez Devia,Male,Small-scale farmer,2024-02-11,Colombia,Hitmen,Americas,Murder,2024
recAmBZo0GQEiO6qF,Land,Narciso Beleño,Male,Small-scale farmer,2024-04-21,Colombia,Private military actors,Americas,Murder,2024
recncgRsYA7Stx0gF,Land,Hilton Eduardo Barrios Jara,Male,Journalist,2024-04-26,Colombia,Private military actors,Americas,Murder,2024
recuDbdEpevDZayqH,Land,William Ramírez Muñoz,Male,Small-scale farmer,2024-06-13,Colombia,Unknown,Americas,Murder,2024
rec7yOJbX9LyC9BCQ,Land,José Elver Giraldo Villada,Male,Small-scale farmer,2024-06-09,Colombia,Unknown,Americas,Murder,2024
recWjtly6izYeu3yw,Land,Luis Eduardo Vivas,Male,Indigenous Peoples,2024-06-25,Colombia,Unknown,Americas,Murder,2024
recsTbeNAVkGx3XJ8,Land,Segundo Virgilio Imbachí Noguera,Male,Small-scale farmer,2024-03-07,Colombia,Organised crime / mafias,Americas,Murder,2024
rec3OROWNgZpJoRlm,Land,José Enrique Roa Cruz,Male,Small-scale farmer,2024-01-14,Colombia,Private military actors,Americas,Murder,2024
recyEaOWOlidUqub8,Land,Eyber Danilo Poto Pazú,Male,Indigenous Peoples,2024-06-27,Colombia,Private military actors,Americas,Murder,2024
recElLFAZbSaZ1blw,Mining & Extractives,Javier Condía Cárdenas,Male,Other,2024-06-05,Colombia,Organised crime / mafias,Americas,Murder,2024
recI7a4KPqNgXS83p,Land,Marián Rodríguez Camelo,Female,Other,2024-06-04,Colombia,Organised crime / mafias,Americas,Murder,2024
recp5G4XszrXUthqd,Land,José Naín Barón,Male,Small-scale farmer,2024-06-04,Colombia,Organised crime / mafias,Americas,Murder,2024
recGGwch7mxqpPPav,Hydropower,Isidoro Bautista Ortiz,Male,Other,2024-11-16,Colombia,Hitmen,Americas,Murder,2024
rec7oB0GId0Vfbqv5,Land,Bruno Pambelé Moreno,Male,Indigenous Peoples,2024-07-07,Colombia,Organised crime / mafias,Americas,Murder,2024
reccZqT4FJ5xuEu8g,Land,Luis Obdulio Ramón,Male,Small-scale farmer,2024-09-19,Colombia,Organised crime / mafias,Americas,Murder,2024
recH4SHglXBydWSLM,Land,Dino Ul Musicué,Male,Indigenous Peoples,2024-08-03,Colombia,Unknown,Americas,Murder,2024
reclS5T2UhXjCg3eO,Land,Erney Noa Papa,Male,Indigenous Peoples,2024-09-23,Colombia,Organised crime / mafias,Americas,Murder,2024
rec6l1WjHyEMbc9Pm,Land,Víctor Alfonso Yule Medina,Male,Indigenous Peoples,2024-08-18,Colombia,Organised crime / mafias,Americas,Murder,2024
rec8PZbv3w66hKHe3,Land,Carlos Andrés Ascué Tumbo,Male,Indigenous Peoples,2024-08-29,Colombia,Organised crime / mafias,Americas,Murder,2024
recm6kohCV5Bj5FJ0,Land,Ferney Aponte,Male,Small-scale farmer,2024-10-13,Colombia,Unknown,Americas,Murder,2024
rec05faPA4GR5b0Yv,Land,Daniel Nolavita,Male,Indigenous Peoples,2024-10-07,Colombia,Private military actors,Americas,Murder,2024
recE029SYfnP2k0qe,Land,Nelson Javier Pérez Vargas,Male,Small-scale farmer,2024-10-18,Colombia,Organised crime / mafias,Americas,Murder,2024
recIfuFDcbLXoOIgM,Land,Gustavo Taquinás,Male,Indigenous Peoples,2024-10-31,Colombia,Organised crime / mafias,Americas,Murder,2024
recxqKa21Z1ItCITZ,Land,Evangelina Quiguanás Quebrada,Female,Indigenous Peoples,2024-10-31,Colombia,Organised crime / mafias,Americas,Murder,2024
recCnWF1QlBMMonCG,Land,Emanuel José Oca Cuspián,Male,Indigenous Peoples,2024-11-05,Colombia,Organised crime / mafias,Americas,Murder,2024
recJ0jFd8XtQ2xzs7,Land,Lorenzo Pascal Guanga,Male,Indigenous Peoples,2024-11-28,Colombia,Unknown,Americas,Murder,2024
recPFr4GFf5RJNEqf,Land,Carlos Alberto Aristizábal Morales,Male,Other,2024-08-07,Colombia,Organised crime / mafias,Americas,Murder,2024
recbBya0DumJXYyhr,Land,Heber Rivera Méndez,Male,Small-scale farmer,2024-09-24,Colombia,Organised crime / mafias,Americas,Murder,2024
recSehWXtKSYZNOHl,Land,Willis Guillermo Robinson Sánchez,Male,Small-scale farmer,2024-08-23,Colombia,Organised crime / mafias,Americas,Murder,2024
recdQgZNJ11X3NcWM,Land,Alexander Pilcué Tenorio,Male,Indigenous Peoples,2024-12-18,Colombia,Unknown,Americas,Murder,2024
recDOEFcUHpX4p6gb,Land,Víctor Manuel Vargas,Male,Small-scale farmer,2024-12-02,Colombia,Private military actors,Americas,Murder,2024
recYACddfv1IJgo6H,Land,Yofri Heraldo Vázquez Medina,Male,Small-scale farmer,2024-12-02,Colombia,Private military actors,Americas,Murder,2024
rect9MLClliL7zhUu,Land,Anderson David Murillo,Male,Relatives of persons targeted for repression,2024-12-02,Colombia,Private military actors,Americas,Murder,2024
recRlBFZY2tDGqAbR,Land,Fernando Pérez Beltrán (Child),Male,Relatives of persons targeted for repression,2024-12-02,Colombia,Private military actors,Americas,Murder,2024
rec2ulqf9lum0hPdw,Land,Luis Eduardo Sterling,Male,Relatives of persons targeted for repression,2024-01-14,Colombia,Private military actors,Americas,Murder,2024
recygyQm4bMUGeOIc,Land,Yilber Silva,Male,Relatives of persons targeted for repression,2024-01-14,Colombia,Private military actors,Americas,Murder,2024
recF9j7P2sXwPhA05,Poaching,Diego Armando Saborío González,Male,Small-scale farmer,2014-10-12,Costa Rica,Poachers,Americas,Murder,2014
rec8IaJzCKkzh3vcG,Poaching,Jairo Mora Sandoval,Male,Other,2013-05-30,Costa Rica,Unknown,Americas,Murder,2013
recsE9Y65AP5Dnwvj,Land,Sergio Rojas Ortiz,Male,Indigenous Peoples,2019-03-18,Costa Rica,Unknown,Americas,Murder,2019
recji2cUFtO7t9ksl,Land,Jhery Rivera,Male,Indigenous Peoples,2020-02-24,Costa Rica,Organised crime / mafias,Americas,Murder,2020
recxMaIvXXCPk1qET,Agribusiness,Luís Manuel Medina,Male,Journalist,2017-02-14,Dominican Republic,Unknown,Americas,Murder,2017
rec5UJ7wNSK980FX0,Agribusiness,Leo Martínez,Male,Journalist,2017-02-14,Dominican Republic,Unknown,Americas,Murder,2017
recMDv6hmPSPbHcXV,Mining & Extractives,Orlando Jorge Mera,Male,State official,2022-06-06,Dominican Republic,Corporations,Americas,Murder,2022
recgtQFLXYqvbdsKj,Mining & Extractives,Francisco Ortiz Báez,Male,Small-scale farmer,2024-04-11,Dominican Republic,Unknown,Americas,Murder,2024
receI0MJ5bKTmf1qz,Mining & Extractives,José Isidro Tendetza Antún,Male,Indigenous Peoples,2014-11-28,Ecuador,Unknown,Americas,Murder,2014
reciMatbRIquIG8H6,Mining & Extractives,Andrés Durazno,Male,Other,2021-03-17,Ecuador,Unknown,Americas,Murder,2021
recfkn4AlCIQPXyYV,Hydropower,Víctor Enrique Guaillas Gutama,Male,Small-scale farmer,2021-09-29,Ecuador,Government officials/entities,Americas,Murder,2021
recaSSxsqzu2vY9a1,Land,Nange Yeti,Male,Indigenous Peoples,2021-12-19,Ecuador,Unknown,Americas,Disappearance,2021
recl49VcKo0sqjJCS,Mining & Extractives,Alba Bermeo Puin,Female,Other,2022-10-22,Ecuador,Unknown,Americas,Murder,2022
recG0tWHcl9dX3WeX,Mining & Extractives,Eduardo Mendúa,Male,Indigenous Peoples,2023-02-26,Ecuador,Hitmen,Americas,Murder,2023
recuY2kZacJ63kwsM,Land,Alberto Quiñónez,Male,Indigenous Peoples,2024-02-20,Ecuador,Unknown,Americas,Murder,2024
recaCmt0l5KqfsVAv,Land,Didson De la Cruz Quiñónez,Male,Children,2024-02-20,Ecuador,Unknown,Americas,Murder,2024
recBPQnBNJPiEzl9s,Mining & Extractives,Alejandro Lapo Tandazo,Male,Other,2024-10-05,Ecuador,Hitmen,Americas,Murder,2024
recVNL2VG2YepYbHF,Mining & Extractives,Gregorio Catalán Morales,Male,Other,2015-04-06,Guatemala,Unknown,Americas,Murder,2015
recWweGPmHLIfpt4q,Logging,Benedicto de Jesús Gutiérrez Rosa,Male,State official,2016-04-13,Guatemala,Unknown,Americas,Murder,2016
recWbnBy4mB8IOIic,Hydropower,Alfredo Felipe Ramos,Male,Indigenous Peoples,2015-06-07,Guatemala,Other,Americas,Murder,2015
recZrjpfagY0Oe3Mf,Land,Vidal Nahaman Cabrera Tuch,Male,Indigenous Peoples,2012-01-17,Guatemala,Hitmen,Americas,Murder,2012
rec2eKel7Ke3wVO98,Logging,Héctor Joel Saquil Choc,Male,State official,2016-04-13,Guatemala,Unknown,Americas,Murder,2016
rectFddvTsDIvSvvU,Hydropower,Rosalinda Pérez,Female,Other,2015-12-30,Guatemala,Hitmen,Americas,Murder,2015
rectFTRNwEVF8EkEY,Logging,Élfido David Guardado Ponce,Male,Park ranger,2015-04-16,Guatemala,Hitmen,Americas,Murder,2015
recvfxEfkjipbwlKQ,Land,José Can Xol,Male,Indigenous Peoples,2018-05-10,Guatemala,Hitmen,Americas,Murder,2018
recxquGwrBUurivQk,Mining & Extractives,Exaltación Marcos Ucelo,Male,Indigenous Peoples,2013-03-18,Guatemala,Unknown,Americas,Murder,2013
recyoxpVat8QgJEwJ,Hydropower,Pascual Pablo Francisco,Male,Indigenous Peoples,2015-03-27,Guatemala,Unknown,Americas,Murder,2015
recyIop5586Gkkz7F,Land,Carlos Antonio Hernández Mendoza,Male,Indigenous Peoples,2013-03-08,Guatemala,Organised crime / mafias,Americas,Murder,2013
recDLBg2x9OAwHdBy,Mining & Extractives,Héctor Manuel Choc Cuz,Male,Indigenous Peoples,2018-01-31,Guatemala,Hitmen,Americas,Murder,2018
recEsIyu3UxIEAdCe,Mining & Extractives,Ronal David Barillas Díaz,Male,Indigenous Peoples,2018-01-09,Guatemala,Hitmen,Americas,Murder,2018
recEL99WGdQ9lMbAC,Hydropower,Sebastian Córdova Sajic,Male,Indigenous Peoples,2015-09-11,Guatemala,Unknown,Americas,Murder,2015
recHLTAa57E9euLrb,Land,Enrique Linares,Male,Other,2012-07-11,Guatemala,Hitmen,Americas,Murder,2012
recIzxcpFZehIK5dU,Mining & Extractives,Daniel Pedro Mateo,Male,Indigenous Peoples,2013-04-16,Guatemala,Unknown,Americas,Murder,2013
recJxokWT1Ptph2nD,Mining & Extractives,Laura Leonor Vásquez Pineda,Female,Other,2017-01-16,Guatemala,Unknown,Americas,Murder,2017
recJ9Q1XZgQDcmMAL,Hydropower,Sebastián Alonso,Male,Indigenous Peoples,2017-01-17,Guatemala,Private security guards,Americas,Murder,2017
recJDyhpZx3KLUrrN,Mining & Extractives,Jeremy Abraham Barrios Lima,Male,Other,2016-11-12,Guatemala,Unknown,Americas,Murder,2016
recOmR7g88EUh5DQF,Agribusiness,Rigoberto Lima Choc,Male,Indigenous Peoples,2015-09-18,Guatemala,Unknown,Americas,Murder,2015
recPJ896RNeiOrsGu,Hydropower,Pascual Basilio Pascual Diego,Male,Indigenous Peoples,2015-01-20,Guatemala,Government officials/entities,Americas,Murder,2015
recQeYu3EDvadWSAw,Hydropower,Victor Juc Maaz,Male,Indigenous Peoples,2014-04-20,Guatemala,Private security guards,Americas,Murder,2014
recR04ileExkpT0oe,Logging,Sebastián Xona,Male,Indigenous Peoples,2012-01-09,Guatemala,Unknown,Americas,Murder,2012
recSwZAayFzXkbNpN,Hydropower,Sebastian Rax Caal,Male,Indigenous Peoples,2014-08-15,Guatemala,Police,Americas,Murder,2014
recSXabXtfWZhbsTi,Mining & Extractives,Telésforo Odilio Pivaral González,Male,Other,2015-04-05,Guatemala,Hitmen,Americas,Murder,2015
rec38ocBcBTvbwkIq,Mining & Extractives,Carlos Maaz Coc,Male,Indigenous Peoples,2017-05-27,Guatemala,Police,Americas,Murder,2017
rec44LzxOCZcrp67J,Mining & Extractives,José Tavico Tzunun,Male,Indigenous Peoples,2012-06-12,Guatemala,Hitmen,Americas,Murder,2012
rec47rD7AZ5bG3WDs,Land,Walter Manfredo Méndez Barrios,Male,Small-scale farmer,2016-03-16,Guatemala,Unknown,Americas,Murder,2016
rec6gQ2rkh6kYA0ja,Hydropower,Luciano Can Cujub,Male,Indigenous Peoples,2014-08-15,Guatemala,Police,Americas,Murder,2014
rec9v3sF8GIBL8WhC,Land,Gerónimo Sol Ajcot,Male,Indigenous Peoples,2013-03-11,Guatemala,Unknown,Americas,Murder,2013
recbyNpH3I2vmYuSX,Land,Mateo Chaman Paau,Male,Indigenous Peoples,2018-05-13,Guatemala,Unknown,Americas,Murder,2018
recc61EysGfWNZzbh,Land,Ramón Choc Sacrab,Male,Indigenous Peoples,2018-06-01,Guatemala,Unknown,Americas,Murder,2018
reccjhTpLoy50TEN9,Hydropower,Oscar Chen Quej,Male,Indigenous Peoples,2014-08-15,Guatemala,Police,Americas,Murder,2014
recfgqkHmv70qth1s,Hydropower,Caño Mateo Mateo,Male,Indigenous Peoples,2015-04-12,Guatemala,,Americas,Murder,2015
recgYB6nXhIcEcpMk,Hydropower,Andres Francisco Miguel,Male,Indigenous Peoples,2012-05-01,Guatemala,Private security guards,Americas,Murder,2012
recj9E93W6OMPsznI,Land,Tomas Quej,Male,Indigenous Peoples,2013-02-26,Guatemala,Unknown,Americas,Murder,2013
recjbKfXW23Q6MsxE,Logging,Juan Mateo Pop Cholom,Male,State official,2016-04-13,Guatemala,Unknown,Americas,Murder,2016
recjkeJex8z3MkflO,Land,Francisco Munguia,Male,Indigenous Peoples,2018-06-08,Guatemala,Unknown,Americas,Murder,2018
recjWgo4ZXKvZUrDB,Mining & Extractives,Santo Fidel Ajau Suret,Male,Other,2013-07-09,Guatemala,Hitmen,Americas,Murder,2013
reckGVKKnijrTArIo,Unknown,Luís Arturo Marroquín,Male,,2018-05-09,Guatemala,Hitmen,Americas,Murder,2018
recmSLtzNcqakrxBN,Land,Alejandro Hernández García,Male,Indigenous Peoples,2018-06-04,Guatemala,Unknown,Americas,Murder,2018
recnQqfC9TFWIQvdZ,Land,Florencio Pérez Nájera,Male,Indigenous Peoples,2018-06-04,Guatemala,Unknown,Americas,Murder,2018
recpI4X2mxGIX9iOQ,Logging,Petrona Morán Suc,Female,Indigenous Peoples,2012-01-09,Guatemala,Unknown,Americas,Murder,2012
recpZWiAZ63U79WwG,Land,Daniel Choc Pop,Male,Indigenous Peoples,2016-06-08,Guatemala,Private security guards,Americas,Murder,2016
recsMrSvqoPRS9ks0,Mining & Extractives,Merilyn Topacio Reynoso Pacheco,Female,Other,2014-04-13,Guatemala,Unknown,Americas,Murder,2014
recuFSj41yZsA5IeS,Mining & Extractives,Elizandro Pérez,Male,Indigenous Peoples,2018-11-21,Guatemala,Unknown,Americas,Murder,2018
recw1FtSr44Op7Nqp,Hydropower,Luis Armando Maldonado Marin,Male,Other,2018-05-16,Guatemala,Hitmen,Americas,Murder,2018
reciD3niy2XyMc4Dd,Unknown,Alfredo Norberto Mazariegos Pinto,Male,Other,2018-08-08,Guatemala,Unknown,Americas,Murder,2018
recbmxpvy8vg72Gzb,Land,Crisanto Garcia Ohajaca,Male,Indigenous Peoples,2018-03-29,Guatemala,Hitmen,Americas,Murder,2018
recuxKn9YeShGYgSS,Hydropower,Neri Esteban Pedro,Male,Indigenous Peoples,2018-12-17,Guatemala,Unknown,Americas,Murder,2018
recKbBy6eHtAztL9S,Hydropower,Domingo Esteban Pedro,Male,Indigenous Peoples,2018-12-17,Guatemala,Unknown,Americas,Murder,2018
recbIweKjIM8kamx8,Land,Willy René de Paz Bojórquez,Male,Small-scale farmer,2019-03-17,Guatemala,Hitmen,Americas,Murder,2019
recUGAfpOiDxEwXJo,Logging,Obdulio Villagran,Male,Park ranger,2019-03-03,Guatemala,Unknown,Americas,Murder,2019
rec5deBSVEsAWOMa1,Land,Melesio Ramírez,Male,Indigenous Peoples,2019-07-05,Guatemala,Unknown,Americas,Murder,2019
reckBjNTnIp7eic58,Land,Isidro Pérez Pérez,Male,Indigenous Peoples,2019-07-05,Guatemala,Unknown,Americas,Murder,2019
receBKWlUwYqGdW7c,Other,Diana Isabel Hernández Juárez,Female,Other,2019-09-07,Guatemala,Unknown,Americas,Murder,2019
reckmZm7BnEI5t3Nh,Land,Julio Ramírez,Female,Small-scale farmer,2019-07-13,Guatemala,Unknown,Americas,Murder,2019
recYGfnBBXYYFQCeB,Mining & Extractives,Paulina Cruz Ruiz,Female,Indigenous Peoples,2019-09-14,Guatemala,Unknown,Americas,Murder,2019
reczGL3UTaGbO4VTN,Land,Manuel Pérez Hernández,Male,Small-scale farmer,2019-11-07,Guatemala,Hitmen,Americas,Murder,2019
recXvmblGaytYkgLF,Logging,Gabriel Humberto Chacón García,Male,Park ranger,2019-03-20,Guatemala,Hitmen,Americas,Murder,2019
recmgL24YIBwW15ab,Logging,Mateo Ramírez Hernández,Male,Park ranger,2019-03-20,Guatemala,Hitmen,Americas,Murder,2019
recb2pzqVJc43UQoC,Land,Jorge Juc Cucul,Male,Small-scale farmer,2019-07-25,Guatemala,Other,Americas,Murder,2019
recYXL9VAOeeKGW5P,Land,Jorge Miguel Choc,Male,Indigenous Peoples,2019-01-13,Guatemala,Landowners,Americas,Murder,2019
recySoz5ncWZk6Af8,Land,Dominga Ramos Saloj,Female,Indigenous Peoples,2020-03-05,Guatemala,Hitmen,Americas,Murder,2020
recnNIpj1LX9XR4YR,Agribusiness,Alberto Cucul Choc,Male,Park ranger,2020-06-08,Guatemala,Hitmen,Americas,Murder,2020
recuWO83XWiV5FXoQ,Mining & Extractives,Medardo Alonzo Lucero,Male,Indigenous Peoples,2020-06-15,Guatemala,Unknown,Americas,Murder,2020
rectK9RTUWNqnevoq,Land,Fidel López,Male,Small-scale farmer,2020-06-23,Guatemala,Hitmen,Americas,Murder,2020
reclz8rMKWXDOVwzb,Land,Abel Raymundo,Male,,2020-07-20,Guatemala,Hitmen,Americas,Murder,2020
rec5JYT9IGPuZVn80,Land,Benoît Pierre Amadee Maria,Male,,2020-08-10,Guatemala,Hitmen,Americas,Murder,2020
recssVffkz1A82Qex,Agribusiness,José Choc Chamán,Male,Indigenous Peoples,2020-10-31,Guatemala,Police,Americas,Murder,2020
recWBGA9glQqrDObM,Land,Carlos Mucú Pop,Male,Indigenous Peoples,2020-08-17,Guatemala,Hitmen,Americas,Murder,2020
recnobdmgtFKXu9pt,Land,Abelardo Quej Ixim,Male,Small-scale farmer,2020-12-06,Guatemala,Hitmen,Americas,Murder,2020
rec4g2td6ik9h6o7v,Land,Mixael López Catalán,Male,Small-scale farmer,2020-08-11,Guatemala,Hitmen,Americas,Murder,2020
recpNT6VrzLvJsDO4,Agribusiness,Carlos Enrique Coy,Male,,2020-08-03,Guatemala,Unknown,Americas,Disappearance,2020
rec4E4GytALai2j65,Other,Jonathan Villagrán,Male,,2020-12-26,Guatemala,Hitmen,Americas,Murder,2020
recyTJHUx7AEZHu82,Land,S.P.C,Male,Relatives of persons targeted for repression,2020-09-03,Guatemala,Unknown,Americas,Murder,2020
recnd6GyacDLUnkt5,Land,Emilio Aguilar Jiménez,Male,Small-scale farmer,2021-04-11,Guatemala,Hitmen,Americas,Murder,2021
rec8Xfq6lFhnRmT7f,Land,Ramón Jiménez,Male,Small-scale farmer,2021-09-20,Guatemala,Hitmen,Americas,Murder,2021
recDj6zqt9dat3XDJ,Land,Regilson Choc Cac,Male,Small-scale farmer,2021-07-20,Guatemala,Private military actors,Americas,Murder,2021
recPfBA2AemB76JYH,Land,Alberto Tec Caal,Male,Indigenous Peoples,2021-08-22,Guatemala,Landowners,Americas,Murder,2021
recO8UhAYug6sff6w,Land,Pablo Ramos,Male,Small-scale farmer,2022-06-07,Guatemala,Hitmen,Americas,Murder,2022
rec1Fdrwvn3xlDFZc,Land,Tereso Cárcamo Flores,Male,Small-scale farmer,2022-12-04,Guatemala,Hitmen,Americas,Murder,2022
recvvayWxLpPfI2fo,Land,Nicolasa López Méndez,Female,Small-scale farmer,2023-05-06,Guatemala,Hitmen,Americas,Murder,2023
recgkLMq8xd4nvDVb,Land,Victoria Méndez Agustín,Female,Small-scale farmer,2023-05-06,Guatemala,Hitmen,Americas,Murder,2023
rec4eiXYs5Vl6Xc4x,Land,Noé Gómez Barrera,Male,Indigenous Peoples,2023-10-28,Guatemala,Unknown,Americas,Murder,2023
recczao90iIsBsEic,Land,Sonia Janeth Guevara Ávila,Female,Indigenous Peoples,2023-10-04,Guatemala,Unknown,Americas,Murder,2023
recCN4aKkanXigSp0,Agribusiness,Francisco Pop Ico,Male,Indigenous Peoples,2024-10-17,Guatemala,Unknown,Americas,Murder,2024
reczL3swYg7xgxOda,Other,Luis Emilio Vasquez de León,Male,Other,2024-06-05,Guatemala,Hitmen,Americas,Murder,2024
reciiG6g6bI30GgC2,Land,José Alberto Domingo Montejo,Male,Lawyer,2024-06-05,Guatemala,Organised crime / mafias,Americas,Murder,2024
reczdL8Y4yRusihL7,Land,Marcelo Yaxón Pablo,Male,Small-scale farmer,2024-06-05,Guatemala,Organised crime / mafias,Americas,Murder,2024
recLdgeiB0U5rpQd3,Other,Victor Canel,Male,Other,2024-08-03,Guatemala,Unknown,Americas,Murder,2024
recVqOZvqxVPkBEzT,Other,Oswaldo Castro,Male,Other,2024-08-03,Guatemala,Unknown,Americas,Murder,2024
recJdHCOdcGR8KOMu,Land,Diego Francisco Jacinto,Male,Indigenous Peoples,2024-01-21,Guatemala,Landowners,Americas,Murder,2024
recOOl6597uveECIr,Mining & Extractives,Child (Maya Poqomam),Male,Children,2024-04-18,Guatemala,Hitmen,Americas,Murder,2024
recKw6ahzftb2RgNT,Land,Santos López Hernández,Male,Indigenous Peoples,2024-08-19,Guatemala,Unknown,Americas,Murder,2024
recLL4RuXP8NUkamS,Land,Valeriano López Méndez,Male,Indigenous Peoples,2024-08-31,Guatemala,Unknown,Americas,Murder,2024
recInvyyAB7VzCduc,Mining & Extractives,Felipe Xo Quib,Male,Other,2024-10-29,Guatemala,Other,Americas,Murder,2024
rec8kaYCUeZr6qxU5,Other,Álvaro Isidro Gudiel Recinos,Male,Other,2024-05-29,Guatemala,Corporations,Americas,Murder,2024
recxkH7mlnG835PKL,Land,Dancy Nohemy De La Cruz,Female,Small-scale farmer,2024-03-07,Guatemala,Private security guards,Americas,Murder,2024
recCee8AQLDCDeVnv,Land,Edith Del Rosario Cifuentes López,Female,Small-scale farmer,2024-03-08,Guatemala,Unknown,Americas,Murder,2024
rec3nt9ULTkt3K77g,Land,Edy Amilcar Caal,Male,Other,2024-08-01,Guatemala,Unknown,Americas,Murder,2024
recmr0FPF1CqqZw8l,Land,Kendal Gonzales Torres,Male,Relatives of persons targeted for repression,2024-12-29,Guatemala,Unknown,Americas,Murder,2024
rec2So9Fl9623UmG2,Land,Samuel Callejas,Male,Small-scale farmer,2024-09-01,Guatemala,Organised crime / mafias,Americas,Murder,2024
recNfHq42EhkhLhZC,Land,Dilan De Rosa,Male,Small-scale farmer,2024-08-05,Guatemala,Organised crime / mafias,Americas,Murder,2024
reckQYVZ97KQjwxyC,Land,Alex Ernan Morales Escamilla,Male,Small-scale farmer,2024-08-03,Guatemala,Organised crime / mafias,Americas,Murder,2024
recOEHMOAC3SFZRQD,Land,Francisco Cuteres,Male,Small-scale farmer,2024-04-13,Guatemala,Organised crime / mafias,Americas,Murder,2024
recUAI9ugwTFNoEFL,Land,Uva Erlinda Castellanos,Female,Other,2014-03-27,Honduras,Unknown,Americas,Murder,2014
recWZNBPhxKScC0Fh,Land,Matías Vallé,Male,,2012-01-20,Honduras,,Americas,Murder,2012
recZlRxmrWjn5kIxy,Hydropower,Juan Francisco Martínez,Male,Indigenous Peoples,2015-01-04,Honduras,Unknown,Americas,Murder,2015
recZKLpZpozMYwa01,Hydropower,Tomas García,Male,Indigenous Peoples,2013-07-15,Honduras,Armed forces,Americas,Murder,2013
rec1nGesf5fHDeqHp,Hydropower,Pedro Pérez,Male,Indigenous Peoples,2014-02-16,Honduras,Police,Americas,Murder,2014
rec2PkoIi27Ooo3SK,Land,Rufino Alexis Bulnes Mejía,Male,Indigenous Peoples,2016-06-04,Honduras,Unknown,Americas,Murder,2016
rect3nczGzXngDqlt,Land,José Cecilio Pérez Martínez,Male,,2012-11-09,Honduras,,Americas,Murder,2012
rectIdGzMRU3GtwmH,Land,José Luis Dubón,Male,,2012-07-08,Honduras,,Americas,Murder,2012
rectOZnxCnxhZWgEP,Hydropower,Lesbia Yaneth Urquía Urquía,Female,Other,2016-07-05,Honduras,Unknown,Americas,Murder,2016
recvbKxmYA4eMdQMy,Land,Juan Ángel López Miralda,Male,Small-scale farmer,2014-11-11,Honduras,Hitmen,Americas,Murder,2014
recwp66WRvX8PyqCC,Mining & Extractives,María Enriqueta Matute,Female,Indigenous Peoples,2013-08-25,Honduras,Hitmen,Americas,Murder,2013
recyrVe09VMejZ5xU,Land,Santos Filander Matute,Male,Indigenous Peoples,2016-02-21,Honduras,Unknown,Americas,Murder,2016
reczEYty14E5hPwtO,Mining & Extractives,Ricardo Soto Funez,Male,Indigenous Peoples,2013-08-25,Honduras,Hitmen,Americas,Murder,2013
recAbLtRGXZoCNICg,Agribusiness,Leodan Mancías,Male,Children,2017-11-14,Honduras,Private security guards,Americas,Murder,2017
recAe1LGZzvi6cpWa,Hydropower,Maycol Ariel Rodríguez,Male,Indigenous Peoples,2014-10-29,Honduras,Unknown,Americas,Murder,2014
recAFKBrdQ0ropuYc,Unknown,Eliseo Rodríguez,Male,,2015-09-03,Honduras,Unknown,Americas,Murder,2015
recBmjmc7QyPm7vxr,Land,Lenín Adolfo Castañeda,Male,Relatives of persons targeted for repression,2014-03-14,Honduras,Unknown,Americas,Murder,2014
recCHLND3KTYco4i6,Land,Jacobo López Erazo,Male,,2012-07-07,Honduras,,Americas,Murder,2012
recDPXW9VOIh7u4P8,Hydropower,Berta Cáceres,Female,Indigenous Peoples,2016-03-02,Honduras,Armed forces,Americas,Murder,2016
recF0Pe1mG8rmPo8u,Land,Carlos apellido desconocido,Male,,2012-08-09,Honduras,,Americas,Murder,2012
recG39wSXcu064E7z,Land,Nelson Noé García Laínez,Male,Indigenous Peoples,2016-03-15,Honduras,Hitmen,Americas,Murder,2016
recHWGsFtVYR5a7wB,Agribusiness,Silmer Dionisio George,Male,Other,2016-10-18,Honduras,Private military actors,Americas,Murder,2016
recJ7ELkOsz9IBxcr,Land,William Alvarado,Male,,2013-02-02,Honduras,,Americas,Murder,2013
recJmCeBlnVNGpvAP,Land,Héctor Navarra,Male,,2012-09-09,Honduras,,Americas,Murder,2012
recJq3pX7oumrkGpU,Land,Moisés Durón Sánchez,Male,Indigenous Peoples,2015-05-20,Honduras,Landowners,Americas,Murder,2015
recJBNPJDE5ZeRj1H,Land,José Antonio López,Male,,2012-05-05,Honduras,,Americas,Murder,2012
recLx7qWAXdDhGldz,Logging,Luis de Reyes Marcía,Male,Indigenous Peoples,2015-04-04,Honduras,Unknown,Americas,Murder,2015
recLX9wWdvsqjFBne,Other,Francisca Arabella Briceño Rivera,Female,Other,2014-06-03,Honduras,Unknown,Americas,Murder,2014
recMYItTyxYd7LRqC,Hydropower,Silvestre Manueles Gómez,Male,Indigenous Peoples,2015-05-01,Honduras,Unknown,Americas,Murder,2015
recNhsmS1iMtV1WRg,Land,Marvin Daneri Trochez,Male,,2012-08-09,Honduras,,Americas,Murder,2012
recOYNYbNqtlUjX4H,Land,Luis Antonio Ramos Reyes,Male,,2013-01-11,Honduras,,Americas,Murder,2013
recPk0rNcQipPD2vf,Land,Adelmo Leiva,Male,,2012-11-25,Honduras,,Americas,Murder,2012
recPFqRhT5nBbcojG,Land,Santos Jacobo Cartagena,Male,,2013-02-16,Honduras,,Americas,Murder,2013
recPT3Y4C3X6mHP1o,Land,José Omar Rivera Paz,Male,,2012-11-03,Honduras,,Americas,Murder,2012
recQxIZSx3l2vHM1Y,Agribusiness,Héctor Noé Cárcamo Castellanos,Male,Small-scale farmer,2017-11-17,Honduras,Unknown,Americas,Murder,2017
recQdvokBoSdUookV,Land,Evaristo López,Male,,2012-07-29,Honduras,,Americas,Murder,2012
recQmjtzHHx2LWbPK,Hydropower,Javier Vásquez Benítez,Male,Indigenous Peoples,2015-12-20,Honduras,Unknown,Americas,Murder,2015
recSRW4pG5Rcr3qcr,Land,Ivis Ortega,Male,,2012-09-12,Honduras,,Americas,Murder,2012
rec3Afaxn0iaG2DqW,Land,Margarita Murillo,Female,Small-scale farmer,2014-08-26,Honduras,Hitmen,Americas,Murder,2014
rec7dYYDcTOBzuOIH,Hydropower,Carlos Hernández,Male,Lawyer,2018-04-10,Honduras,Unknown,Americas,Murder,2018
rec82Rx3Quuq0qZdE,Mining & Extractives,Rigoberto López Hernández,Male,Small-scale farmer,2014-05-03,Honduras,Unknown,Americas,Murder,2014
recaGvuHXAKlWleXx,Land,Israel García Pérez,Male,,2012-07-26,Honduras,,Americas,Murder,2012
recbrFHwpuGZUDLWo,Hydropower,Silvino Zapata,Male,Afrodescendant,2017-10-15,Honduras,Hitmen,Americas,Murder,2017
recbtBydDdXkx1tlc,Land,Orlando Orellana,Male,,2014-05-04,Honduras,Hitmen,Americas,Murder,2014
recb9s5jwiPqfK093,Land,Marvin Jose Andrade,Male,,2012-03-12,Honduras,,Americas,Murder,2012
recbcVrNqvy11Aqq2,Land,Reinaldo Rivera Paz,Male,,2012-11-03,Honduras,,Americas,Murder,2012
recbCP2FcWcYCutSi,Land,Orlando Campos,Male,,2012-11-03,Honduras,,Americas,Murder,2012
recbZAY61IEe8fbP4,Land,Juan José Peralta Escoto,Male,,2012-05-16,Honduras,,Americas,Murder,2012
reccLVUMQ5G6Fb8Db,Land,Arnoldo Trochez,Male,,2012-04-10,Honduras,,Americas,Murder,2012
recebDHbvWpkjjd4m,Land,Adonis López,Male,,2012-04-11,Honduras,,Americas,Murder,2012
receYrpSHYgfQjduG,Land,Jose Braulio Diaz Lopez,Male,,2012-08-27,Honduras,,Americas,Murder,2012
recfrJVHmGTMtG4pA,Agribusiness,Manuel Milla,Male,Small-scale farmer,2016-06-19,Honduras,Landowners,Americas,Murder,2016
recgyBvKg0SCuOJGB,Logging,José de los Santos Sevilla,Male,Indigenous Peoples,2017-02-17,Honduras,Hitmen,Americas,Murder,2017
recg32LObthCAq9lf,Land,Gregorio Chávez,Male,Small-scale farmer,2012-07-02,Honduras,,Americas,Murder,2012
rechw94Jmf44l7rKZ,Agribusiness,José Alfredo Rodríguez,Male,Small-scale farmer,2017-09-20,Honduras,Armed forces,Americas,Murder,2017
rechEhTviO2Cnas26,Land,Wesley Santos Avila,Male,,2012-11-29,Honduras,,Americas,Murder,2012
rechJXBH76653Wqxo,Logging,Erasio Vieda Ponce,Male,Indigenous Peoples,2015-06-19,Honduras,Hitmen,Americas,Murder,2015
reciyQ1IGw3PPve1w,Mining & Extractives,Armando Funez Medina,Male,Indigenous Peoples,2013-08-25,Honduras,Hitmen,Americas,Murder,2013
reci9efq6RuiY6KxP,Logging,Justo Sorto,Male,Indigenous Peoples,2014-01-21,Honduras,Unknown,Americas,Murder,2014
recj48b2g4ngT2Oqo,Land,Herman Alejandro Maldonado,Male,,2012-09-12,Honduras,,Americas,Murder,2012
reckdB47fOu9LHzW5,Mining & Extractives,Luis Fernando Ayala,Male,Children,2018-02-20,Honduras,Unknown,Americas,Murder,2018
reckm0LerGYezMPnv,Hydropower,Jairo Ramírez,Male,Indigenous Peoples,2016-03-03,Honduras,Unknown,Americas,Murder,2016
reckCUNKSqVxJE8gq,Land,Jose Efraín Del Cid,Male,,2012-05-18,Honduras,,Americas,Murder,2012
recm5Gwxbz3HtpP7C,Land,Alma Yamileth Díaz,Female,Small-scale farmer,2014-03-27,Honduras,Unknown,Americas,Murder,2014
recm8La7wv6KzLaWE,Hydropower,William Jacobo Rodríguez,Male,Indigenous Peoples,2014-05-25,Honduras,Unknown,Americas,Murder,2014
recnZfzUiEvEMY5qp,Land,Manuel Antonio Pérez,Male,,2013-01-11,Honduras,,Americas,Murder,2013
recozTaWgCnloeZtw,Unknown,Mario Zamora Lara,Male,Small-scale farmer,2015-12-28,Honduras,Unknown,Americas,Murder,2015
reco2ErhI4ucWewUQ,Land,Jose Trejo Cabrera,Male,,2013-02-16,Honduras,,Americas,Murder,2013
recpMaoM2AJsIiHNt,Land,Juan Perez,Male,,2013-02-02,Honduras,,Americas,Murder,2013
recrS7jcG2s7S8TRN,Land,Antonio Trejo Cabrera,Male,,2012-09-22,Honduras,Unknown,Americas,Murder,2012
recT3C529y2FVq2Ez,Hydropower,Geovanny Díaz Cárcamo,Male,Small-scale farmer,2018-01-23,Honduras,Police,Americas,Murder,2018
rec3MuygEq3OFL0Ka,Hydropower,Ramón Fiallos,Male,Small-scale farmer,2018-01-22,Honduras,Police,Americas,Murder,2018
recO1IQgrF5Rc6B0v,Logging,Salomón Matute,Male,Indigenous Peoples,2019-02-25,Honduras,Unknown,Americas,Murder,2019
recMUku8ZRo0uXMhv,Logging,Juan Samael Matute,Male,Indigenous Peoples,2019-02-25,Honduras,Unknown,Americas,Murder,2019
recUoAhoxGH030lfw,Logging,Milgen Idan Soto Ávila,Male,Indigenous Peoples,2019-09-28,Honduras,Corporations,Americas,Murder,2019
rech75hjF6JrB8EYh,Hydropower,Mirna Teresa Suazo Martínez,Female,Afrodescendant,2019-09-08,Honduras,Hitmen,Americas,Murder,2019
reclN1znMVTqds08N,Logging,Adolfo Redondo,Male,Indigenous Peoples,2019-09-30,Honduras,Hitmen,Americas,Murder,2019
recWCqeHa2WHdOLN5,Hydropower,Olban Adonay Gómez García,Male,Small-scale farmer,2019-03-10,Honduras,Landowners,Americas,Murder,2019
rec7xsT36XYVbYsV3,Mining & Extractives,Roberto Antonio Argueta Tejada,Male,Other,2019-08-28,Honduras,Hitmen,Americas,Murder,2019
recBRpt1ojQfyd9Ya,Land,María Digna Montero,Female,Afrodescendant,2019-10-12,Honduras,Hitmen,Americas,Murder,2019
recP3m6w4ylMSTDM2,Agribusiness,Oscar Francisco Guerrero Centeno,Male,Afrodescendant,2019-10-19,Honduras,Hitmen,Americas,Murder,2019
recPVBclQY9igHlGR,Land,Abad Miguel Guity,Male,Afrodescendant,2019-10-04,Honduras,Hitmen,Americas,Murder,2019
rec8uPNx0PL36SOAp,Land,Noel Isaac del Cid,Male,Small-scale farmer,2019-01-05,Honduras,Hitmen,Americas,Murder,2019
recKjN7k7PT91Y3py,Mining & Extractives,Santos Isidro Cruz,Male,Other,2019-06-12,Honduras,Unknown,Americas,Murder,2019
recgXftmUfkfmke1M,Land,Efraín Martínez Martínez,Male,Indigenous Peoples,2019-12-29,Honduras,Unknown,Americas,Murder,2019
rec2O1AkYexMATPSY,Land,Karla Ignacia López Martínez,Female,Afrodescendant,2020-01-11,Honduras,Other,Americas,Murder,2020
rechIWgD8YgTruNfg,Land,Santos Felipe Escobar García,Male,Indigenous Peoples,2019-12-21,Honduras,Unknown,Americas,Murder,2019
recAv3EjHCtAiXbZ1,Agribusiness,Iris Argentina Álvarez,Female,Small-scale farmer,2020-04-02,Honduras,Private security guards,Americas,Murder,2020
rec7s6RYNGtaLL0ca,Land,Antonio Bernárdez,Male,Afrodescendant,2020-06-13,Honduras,Unknown,Americas,Disappearance,2020
recigA779URnR75cO,Land,Marvin Damián Castro Molina,Male,Other,2020-07-12,Honduras,Unknown,Americas,Murder,2020
receSoRywHCQ416CY,Hydropower,José Antonio Teruel,Male,Other,2020-09-27,Honduras,Hitmen,Americas,Murder,2020
recWgoGzvhaGGSIRp,Hydropower,Francisca Aracely Zavala,Female,Relatives of persons targeted for repression,2020-09-27,Honduras,Hitmen,Americas,Murder,2020
recjLF8jYHkbo2uY5,Hydropower,Marco Tulio Zavala,Male,Relatives of persons targeted for repression,2020-09-27,Honduras,Hitmen,Americas,Murder,2020
recdJHXZyztRlWW84,Mining & Extractives,Arnold Joaquín Morazán,Male,Other,2020-10-13,Honduras,Hitmen,Americas,Murder,2020
recbU2qZn3AUJkvvz,Land,Laura Carolina Valentín Dolmo,Female,Afrodescendant,2020-11-24,Honduras,Unknown,Americas,Murder,2020
recMSMhKiASqXgNym,Agribusiness,Félix Vásquez López,Male,Indigenous Peoples,2020-12-26,Honduras,Hitmen,Americas,Murder,2020
reczqzdwPRilWANwQ,Land,Adán Mejía,Male,Indigenous Peoples,2020-12-29,Honduras,Hitmen,Americas,Murder,2020
rec5bZydlGtquHjDB,Land,Alberth Sneider Centeno Tomas,Male,Afrodescendant,2020-07-18,Honduras,Armed forces,Americas,Disappearance,2020
recXxRdANBAnTd8M5,Land,Milton Martínez Álvarez,Male,Afrodescendant,2020-07-18,Honduras,Armed forces,Americas,Disappearance,2020
recX33KBN70fYiZnx,Land,Suami Aparicio Mejía García,Male,Afrodescendant,2020-07-18,Honduras,Armed forces,Americas,Disappearance,2020
recaTNMLMlMhIPIon,Land,Gerardo Mizael Róchez Cálix,Male,Afrodescendant,2020-07-18,Honduras,Armed forces,Americas,Disappearance,2020
recxytWXBATu3FaO7,Land,Vicente Zaavedra,Male,Indigenous Peoples,2020-01-09,Honduras,Unknown,Americas,Murder,2020
rec46ymBJi3fERTr6,Hydropower,Juan Carlos Cerros Escalante,Male,Indigenous Peoples,2021-03-21,Honduras,Hitmen,Americas,Murder,2021
recXsOesTxXst3TcQ,Land,David Fernando Padilla,Male,Afrodescendant,2021-02-13,Honduras,Hitmen,Americas,Murder,2021
recTaFHgdUn1PyTnF,Land,Víctor Martínez,Male,Afrodescendant,2021-03-03,Honduras,Hitmen,Americas,Murder,2021
rec0eBeEALyR7w9Fz,Land,Martín Abad Pandy,Male,Afrodescendant,2021-03-03,Honduras,Hitmen,Americas,Murder,2021
recMR5QztNesteyzb,Agribusiness,Edwin Fernández Saravia,Male,Afrodescendant,2020-05-21,Honduras,Hitmen,Americas,Murder,2020
rec9y66eVnF4RZb0p,Land,Juan Manuel Moncada,Male,Small-scale farmer,2021-07-09,Honduras,Hitmen,Americas,Murder,2021
recVgnKJBNbTQPdEd,Land,Celenia Bonilla,Female,Small-scale farmer,2021-11-21,Honduras,Hitmen,Americas,Murder,2021
recCKkzQBT0vipVWL,Land,Nelson García,Male,Small-scale farmer,2021-11-21,Honduras,Hitmen,Americas,Murder,2021
reccYe0qbI8Een03Y,Land,Óscar Javier Pérez,Male,Small-scale farmer,2021-10-10,Honduras,Hitmen,Americas,Murder,2021
recdkM8C9DJbNX17r,Land,Melvin Geovany Mejía Rodríguez,Male,Indigenous Peoples,2022-01-22,Honduras,Hitmen,Americas,Murder,2022
recjgaz5MHnQP4CSE,Land,Alonso Salgado Cabalero,Male,Afrodescendant,2022-05-01,Honduras,Hitmen,Americas,Murder,2022
recERRo0oYA65KkIk,Land,Justo Benítez Sánchez,Male,Indigenous Peoples,2022-04-30,Honduras,Hitmen,Americas,Murder,2022
recxHyQzTcB2o2ZBs,Land,Roberto Carlos Palencia Fuentes,Male,Small-scale farmer,2016-02-21,Honduras,Unknown,Americas,Murder,2016
reclpq5UBtOKJ6io0,Land,Nahún Alberto Morazán Sagastume,Male,Small-scale farmer,2016-02-21,Honduras,Unknown,Americas,Murder,2016
recBIfWYzXAQpOOra,Land,Elvin Joel Palencia Fuentes,Male,Small-scale farmer,2016-02-21,Honduras,Unknown,Americas,Murder,2016
rech43GUrMBFldMuM,Land,José Pantaleón Alvarenga Galdámez,Male,Small-scale farmer,2016-02-21,Honduras,Unknown,Americas,Murder,2016
reckz7EGRLeaZJuwY,Agribusiness,Allan Reyneri Martínez Pérez,Male,Small-scale farmer,2016-06-19,Honduras,Landowners,Americas,Murder,2016
recaXUlozXdwBnz8t,Agribusiness,José Ángel Flores,Male,Other,2016-10-18,Honduras,Private military actors,Americas,Murder,2016
rec4XhYJ28sDlQwIq,Land,Marco Antonio Pineda,Male,Indigenous Peoples,2022-11-23,Honduras,Police,Americas,Murder,2022
reccbU2NOElpOgMLH,Land,Aly Domínguez,Male,Other,2023-01-07,Honduras,Hitmen,Americas,Murder,2023
recQTf7MQqncHcDHk,Land,Jairo Bonilla,Male,Other,2023-01-07,Honduras,Hitmen,Americas,Murder,2023
recO1pNrwTnYr6mYk,Land,Omar Cruz Tomé,Male,Small-scale farmer,2023-01-18,Honduras,Hitmen,Americas,Murder,2023
recN4YIzD1ck4CvVZ,Land,Sandy Martínez Murillo,Male,Relatives of persons targeted for repression,2023-01-18,Honduras,Hitmen,Americas,Murder,2023
rec1gs7LQOSq9L8pi,Land,Santos Hipólito Rivas,Male,Small-scale farmer,2023-02-12,Honduras,Hitmen,Americas,Murder,2023
recDHnK2NyZztdRjO,Land,Javier Rivas,Male,Children,2023-02-12,Honduras,Hitmen,Americas,Murder,2023
recWTP6kfntkUTzjr,Other,Donaldo Rosales Meza,Male,Other,2022-05-15,Honduras,Unknown,Americas,Murder,2022
recgd47h792LxwMdK,Land,Marco Tulio Paredes Molina,Male,Small-scale farmer,2022-05-27,Honduras,Hitmen,Americas,Murder,2022
recenSmhyEwvcON4K,Land,Francisco Ruiz,Male,Small-scale farmer,2022-05-08,Honduras,Hitmen,Americas,Murder,2022
recnSaFyioY22D95s,Land,José Santos Godínez Ruiz,Male,Small-scale farmer,2022-01-31,Honduras,Unknown,Americas,Murder,2022
rec7YvNnc132UjqmI,Land,Pablo Isabel Hernández Rivera,Male,Journalist,2022-01-09,Honduras,Hitmen,Americas,Murder,2022
recO2PXyBRpnFpimy,Land,Wilmer Alexis Domínguez Madrid,Male,Indigenous Peoples,2022-05-10,Honduras,Unknown,Americas,Murder,2022
rec240GVx9g3OKmfg,Land,Marlon Feliciano Montes Núñez,Male,Small-scale farmer,2022-02-25,Honduras,Police,Americas,Murder,2022
recEGpebiP8MD5L34,Land,Mauricio Ezquivel,Male,Small-scale farmer,2022-12-21,Honduras,Unknown,Americas,Murder,2022
rec80c3e6G2eSSAXr,Land,Marta Elizabeth Colindres,Female,Small-scale farmer,2022-07-30,Honduras,Police,Americas,Murder,2022
recDlU2OcFnkOcs2K,Land,Santiago Chacón,Male,Indigenous Peoples,2022-12-25,Honduras,Unknown,Americas,Murder,2022
recGHCduOfCq9HQd2,Land,Martín Morales Martínez,Male,Afrodescendant,2023-05-29,Honduras,Unknown,Americas,Murder,2023
rec7SNDM2p6s9UK29,Mining & Extractives,Óscar Oquelí Domínguez Ramos,Male,Other,2023-06-15,Honduras,Hitmen,Americas,Murder,2023
recNymoCdHNOlUOGg,Hydropower,Benigno Maldonado,Male,Other,2023-02-18,Honduras,Organised crime / mafias,Americas,Murder,2023
reclFL9ogQWepzeTk,Land,Kevin Meza,Male,Small-scale farmer,2023-10-14,Honduras,Police,Americas,Murder,2023
recq8wSjHsAoOf7p1,Land,José David Fortín,Male,Small-scale farmer,2023-09-24,Honduras,Hitmen,Americas,Murder,2023
rec4eHcGbFxWT0j1w,Land,Juana María Martínez,Female,Indigenous Peoples,2023-09-23,Honduras,Unknown,Americas,Murder,2023
recOJepJ63Vp8WuTm,Land,José Gilberto Martínez Cardona,Male,Small-scale farmer,2023-04-18,Honduras,Hitmen,Americas,Murder,2023
recxvrzHTdimqMYxk,Land,Ricardo Arnaúl Montero,Male,Afrodescendant,2023-01-29,Honduras,Unknown,Americas,Murder,2023
recu2Q3zp74AJ1cH1,Land,Amilcar Vieda,Male,Indigenous Peoples,2023-05-09,Honduras,Hitmen,Americas,Murder,2023
recQweIuM8xTrPXIk,Land,Naún Ismael Chacón,Male,Indigenous Peoples,2023-05-09,Honduras,Hitmen,Americas,Murder,2023
rec9jwzDynmHGpe1A,Land,Jacinto Adonay Meza,Male,Indigenous Peoples,2023-05-17,Honduras,Hitmen,Americas,Murder,2023
recEi0LSHQ3eqr3vo,Land,Emerson Martínez,Male,Small-scale farmer,2023-03-25,Honduras,Hitmen,Americas,Murder,2023
rec7vXLDTzrrBDRV9,Logging,Luis Alonso Teruel,Male,Journalist,2024-01-28,Honduras,Hitmen,Americas,Murder,2024
recygLx9iz08unOGQ,Mining & Extractives,Juan López,Male,Other,2024-09-14,Honduras,Hitmen,Americas,Murder,2024
reclIL55H8MjA0TuS,Land,José Abel López Perdomo,Male,Small-scale farmer,2024-01-30,Honduras,Unknown,Americas,Disappearance,2024
recDH1BwDaOyUQnop,Land,Marvin Dubón,Male,Small-scale farmer,2024-03-17,Honduras,Organised crime / mafias,Americas,Murder,2024
recVJxpMTX65stXRU,Land,Selvin Noé García Pérez,Male,Small-scale farmer,2024-10-17,Honduras,Hitmen,Americas,Murder,2024
recAk5rcvxrsVPhVA,Land,Olman García Ortiz,Male,Small-scale farmer,2024-08-04,Honduras,Corporations,Americas,Murder,2024
recTi5Xp1DuSpk9si,Mining & Extractives,Manuelita Solís Contreras,Female,Small-scale farmer,2012-10-22,Mexico,Unknown,Americas,Murder,2012
recYEAwiVaLvDjov4,Mining & Extractives,Bernardo Vásquez Sánchez,Male,Indigenous Peoples,2012-03-15,Mexico,Hitmen,Americas,Murder,2012
recZzSpSnvozbtM5w,Other,Alejandro Nolasco Orta,Male,Other,2016-05-07,Mexico,Unknown,Americas,Disappearance,2016
rec0OQSrN0xSnCM9f,Logging,Rey Mojica,Male,Children,2012-11-28,Mexico,Organised crime / mafias,Americas,Murder,2012
rec2blQq2r0ghC0UD,Other,Héctor Regalado Jiménez,Male,Other,2013-08-01,Mexico,Police,Americas,Murder,2013
rec2c3XmiEXDxAuIR,Logging,Guadalupe Campanur Tapia,Female,Indigenous Peoples,2018-01-16,Mexico,Unknown,Americas,Murder,2018
rec2WYM8h17WZfhQO,Land,Gustavo Salgado Delgado,Male,Other,2015-02-04,Mexico,Unknown,Americas,Murder,2015
recwd8Wt0G6Axstlq,Poaching,Gabriel Ramos Olivera,Male,State official,2017-08-18,Mexico,Poachers,Americas,Murder,2017
recwmX6niQnjMf4N8,Mining & Extractives,Ramón Corrales Vega,Male,Small-scale farmer,2014-05-22,Mexico,Unknown,Americas,Murder,2014
recxSpXOIJgzxMZ9s,Hydropower,Noé Salomón Vázquez Ortiz,Male,Other,2013-08-02,Mexico,Hitmen,Americas,Murder,2013
recAQk6XHcOhdw6ha,Logging,Juventina Villa Mojica,Female,Other,2012-11-28,Mexico,Organised crime / mafias,Americas,Murder,2012
recDbhANvghG4t1de,Mining & Extractives,Bernardo Mendez Vasquez,Male,Demonstrators,2012-01-19,Mexico,Police,Americas,Murder,2012
recENC4s5ecWUgjXr,Land,Francisco Jiménez Alejandre,Male,Indigenous Peoples,2017-04-05,Mexico,Police,Americas,Murder,2017
recF30GQx4kMNBIqw,Logging,Jesus Sebastian Ortiz,Male,Indigenous Peoples,2012-05-16,Mexico,Unknown,Americas,Murder,2012
recFqEbtDu04arVno,Mining & Extractives,Salvador Olmos García,Male,Journalist,2016-06-26,Mexico,Police,Americas,Murder,2016
recIAkitPe2Jc8V9D,Land,Agustín Vázquez Torres,Male,Indigenous Peoples,2017-05-20,Mexico,Unknown,Americas,Murder,2017
recMlHQnBEipoinge,Land,Santiago Crisanto Luna,Male,Indigenous Peoples,2017-04-05,Mexico,Police,Americas,Murder,2017
recMJLVqV9HJ8KLG4,Land,Rocío Mesino Mesino,Female,Small-scale farmer,2013-10-19,Mexico,Unknown,Americas,Murder,2013
recMWKGVhN5JeKLoG,Unknown,Rafael Hernández Cisneros,Male,Indigenous Peoples,2017-01-07,Mexico,Unknown,Americas,Murder,2017
recOvgrwvsXzldUdj,Other,Fabiola Osorio Bernáldez,Female,Other,2012-05-31,Mexico,Hitmen,Americas,Murder,2012
recOl3YsMSCfrvlmM,Hydropower,Antonio Esteban Cruz,Male,Indigenous Peoples,2014-06-04,Mexico,Hitmen,Americas,Murder,2014
recOOUYSGxoejCkXQ,Mining & Extractives,Ismael Solorio Urrutia,Male,Small-scale farmer,2012-10-22,Mexico,Unknown,Americas,Murder,2012
recOTmAIpnzYp5jR0,Land,Rodrigo Guadalupe Huet Gómez,Male,Indigenous Peoples,2017-05-22,Mexico,Other,Americas,Murder,2017
recOWDQrJwFeOsyMp,Other,Alberto Almeida Fernández,Male,Other,2015-02-24,Mexico,Hitmen,Americas,Murder,2015
recQEUzBuYMAVimcK,Land,Julián González Domínguez,Male,Indigenous Peoples,2015-01-12,Mexico,Unknown,Americas,Murder,2015
recRBoGP3902SJ56w,Logging,Urbano Macías Rafael,Male,Indigenous Peoples,2012-07-08,Mexico,Other,Americas,Murder,2012
recSmb3v4MrZjPaAI,Land,Andrés Jiménez Pablo,Male,Small-scale farmer,2017-08-12,Mexico,Landowners,Americas,Murder,2017
rec3HkWPqwxEjXrZH,Land,Luis Gustavo Hernández Cohenete,Male,Indigenous Peoples,2017-04-05,Mexico,Police,Americas,Murder,2017
rec42XhYLvRRpcpX0,Land,José Carlos Jiménez Crisóstomo,Male,Indigenous Peoples,2017-04-05,Mexico,Police,Americas,Murder,2017
rec7xrhQJ3dnydWXm,Other,José Isabel Cervantes Ángeles,Male,Indigenous Peoples,2015-04-18,Mexico,Unknown,Americas,Murder,2015
rec9tfLx9zS4GaLWj,Logging,Juan Ontiveros Ramos,Male,Indigenous Peoples,2017-02-01,Mexico,Unknown,Americas,Murder,2017
recbACjOvOLVd9zyd,Unknown,Baldomero Enríquez Santiago,Male,Indigenous Peoples,2016-04-05,Mexico,Hitmen,Americas,Murder,2016
recbE2LHYdLaxBr5k,Logging,Guadalupe Gerónimo Velázquez,Male,Indigenous Peoples,2012-07-08,Mexico,Other,Americas,Murder,2012
recdEJ0N11zdYHVvJ,Hydropower,Manuel Gaspar Rodríguez,Male,Indigenous Peoples,2018-05-14,Mexico,Unknown,Americas,Murder,2018
rechQcgbPoHSc7SAU,Logging,Isidro Baldenegro López,Male,Indigenous Peoples,2017-01-15,Mexico,Organised crime / mafias,Americas,Murder,2017
reclRbtk5ZnwrlZ9y,Unknown,Benjamín Juárez José,Male,Indigenous Peoples,2017-03-08,Mexico,Police,Americas,Murder,2017
recmj6X9tRiz4Tkw1,Other,Atilano Román Tirado,Male,Small-scale farmer,2014-10-11,Mexico,Hitmen,Americas,Murder,2014
recnyNHfNlRStw0dX,Hydropower,Adrián Tihuilit,Male,Indigenous Peoples,2018-06-01,Mexico,Unknown,Americas,Murder,2018
recouVDMN6WqPMSbq,Unknown,Marciano Martínez Cruz,Male,Indigenous Peoples,2017-01-07,Mexico,Unknown,Americas,Murder,2017
recolM1ZB85JNZ4yh,Mining & Extractives,Quintín Salgado Salgado,Male,Other,2018-01-24,Mexico,Organised crime / mafias,Americas,Murder,2018
recrFxKuDbLTaQ1pX,Logging,Felipe Ramírez,Male,Indigenous Peoples,2017-10-20,Mexico,Unknown,Americas,Murder,2017
recXDSCz0RB3JTDPt,Other,Rolando Crispin López,Male,Indigenous Peoples,2018-07-22,Mexico,Police,Americas,Murder,2018
recDpp0MPJfQPEWVc,Land,Abraham Hernández González,Male,Indigenous Peoples,2018-07-18,Mexico,Unknown,Americas,Murder,2018
recQQMDzIdsMgptjk,Unknown,Yaneth González López,Female,Indigenous Peoples,2018-03-26,Mexico,Hitmen,Americas,Murder,2018
recEINXj4gGXADeta,Hydropower,Sergio Rivera Hernández,Male,Indigenous Peoples,2018-08-23,Mexico,Unknown,Americas,Disappearance,2018
recTmeHUwPqguXHqY,Hydropower,Margarito Díaz González,Male,Indigenous Peoples,2018-09-08,Mexico,Hitmen,Americas,Murder,2018
recBLgBrYEzpgqmUA,Other,Jesús Javier Ramos Arreola,Male,Other,2018-09-28,Mexico,Hitmen,Americas,Murder,2018
recSpZ49XymmONYSw,Logging,Julián Carrillo Martínez,Male,Indigenous Peoples,2018-10-24,Mexico,Unknown,Americas,Murder,2018
recc5T8evPnMJqW2T,Hydropower,Noel Castillo Aguilar,Male,Indigenous Peoples,2018-10-25,Mexico,Hitmen,Americas,Murder,2018
recvUg2B0u6KyBnfL,Land,Jesús Álvarez Chávez,Male,Indigenous Peoples,2018-05-22,Mexico,Organised crime / mafias,Americas,Murder,2018
receATBPVGgz2Xlq8,Logging,Joaquín Díaz Morales,Male,Indigenous Peoples,2018-10-27,Mexico,Unknown,Americas,Murder,2018
recsbcSKQOC40A4jU,Land,Estelina López Gómez,Female,Small-scale farmer,2019-01-23,Mexico,Private military actors,Americas,Murder,2019
recbOQXS3LA73Bngr,Mining & Extractives,Samir Flores Soberanes,Male,Indigenous Peoples,2019-02-20,Mexico,Hitmen,Americas,Murder,2019
recqmMWjhUaZz1F71,Land,Luis Armando Fuentes Aquino,Male,Indigenous Peoples,2019-04-11,Mexico,Hitmen,Americas,Murder,2019
recqiDzZzYq4LtBtq,Logging,Otilia Martínez Cruz,Female,Indigenous Peoples,2019-05-02,Mexico,Organised crime / mafias,Americas,Murder,2019
recpl7rtXwg6lctOk,Mining & Extractives,José Luis Álvarez Flores,Male,Other,2019-06-10,Mexico,Unknown,Americas,Murder,2019
recJ3Snui9yL0of0z,Logging,Gregorio Chaparro Cruz,Male,Indigenous Peoples,2019-05-02,Mexico,Organised crime / mafias,Americas,Murder,2019
recuflP7jM8iwo2tu,Land,Sinar Corzo Esquinca,Male,Other,2019-01-03,Mexico,Hitmen,Americas,Murder,2019
recnBsEcOtvRWzEyM,Other,Nora López León,Female,Other,2019-08-20,Mexico,Unknown,Americas,Murder,2019
recwgJr5HKJVPjo4I,Land,Noé Jiménez Pablo,Male,Indigenous Peoples,2019-10-17,Mexico,Private military actors,Americas,Murder,2019
recwuFLgnQgFt76fR,Land,José Santiago Gómez Álvarez,Male,Small-scale farmer,2019-10-17,Mexico,Private military actors,Americas,Murder,2019
recVPLQqydqNucT7F,Land,Eulodia Lilia Díaz Ortiz,Female,Indigenous Peoples,2019-03-25,Mexico,Unknown,Americas,Murder,2019
recZ5jOEMZwtUH6ig,Other,Paul Humberto Vizcarra Ruiz,Male,Other,2019-10-14,Mexico,Unknown,Americas,Murder,2019
reco1fymRtDElrUjS,Mining & Extractives,Isaías Cantú Carrasco,Male,Indigenous Peoples,2019-10-11,Mexico,Unknown,Americas,Murder,2019
rec8rhZADW2AQwLK5,Other,Héctor Armando Domínguez Rodríguez,Male,Other,2019-04-19,Mexico,Landowners,Americas,Murder,2019
rectJm1YNQRgGvR8b,Other,Julio Emmanuel Domínguez Rodríguez,Male,Relatives of persons targeted for repression,2019-04-19,Mexico,Landowners,Americas,Murder,2019
recxzh5KkXbZ88KA4,Other,Aureliano Domínguez,Male,Relatives of persons targeted for repression,2019-04-19,Mexico,Landowners,Americas,Murder,2019
recP6Pg2WCoI3ONng,Mining & Extractives,Josué Bernardo Marcial Santos,Male,Other,2019-12-16,Mexico,Unknown,Americas,Murder,2019
recPoyq2U2K3zteax,Land,Camilo Pérez Álvarez,Male,Indigenous Peoples,2019-04-03,Mexico,Hitmen,Americas,Murder,2019
rec6pxhwK8i7DwMMC,Logging,Raúl Hernández Romero,Male,,2020-01-27,Mexico,Unknown,Americas,Murder,2020
rec5XmQtoRAnAuKV4,Logging,Homero Gómez González,Male,,2020-01-13,Mexico,Unknown,Americas,Murder,2020
rect5RuvPDpC6aL8R,Land,Paulina Gómez Palacio Escudero,Female,,2020-03-22,Mexico,Other,Americas,Murder,2020
rec5yAiwfK5LdNdQ1,Other,Isaac Medardo Herrera Avilés,Male,,2020-03-23,Mexico,Hitmen,Americas,Murder,2020
recMPK7ZWAK2Mtvr4,Mining & Extractives,Adán Vez Lira,Male,,2020-04-08,Mexico,Hitmen,Americas,Murder,2020
reckgQegJpiPuheo4,Logging,Eugui Roy Martínez Pérez,Male,,2020-05-07,Mexico,Unknown,Americas,Murder,2020
recr8G1rxfkHoI6vs,Agribusiness,Óscar Eyraud Adams,Male,Indigenous Peoples,2020-09-24,Mexico,Hitmen,Americas,Murder,2020
rec0Z6Mb4BEfBLL9p,Agribusiness,Daniel Sotelo,Male,Indigenous Peoples,2020-09-25,Mexico,Hitmen,Americas,Murder,2020
recavaV5uZ1cExNX6,Logging,Antonio Montes Enríquez,Male,Indigenous Peoples,2020-06-16,Mexico,Unknown,Americas,Murder,2020
recjeWDM4pcAeX5fL,Land,Umber Gómez González,Male,,2020-06-01,Mexico,Organised crime / mafias,Americas,Murder,2020
reciubIrDJ9yVE1tO,Land,Esteban Martínez Pérez,Male,Indigenous Peoples,2020-04-09,Mexico,Hitmen,Americas,Murder,2020
rec7TKykwf9tnbUYT,Land,Pablo Guzmán Solano,Male,Indigenous Peoples,2020-04-09,Mexico,Hitmen,Americas,Murder,2020
rec9VEDfruQlbLTXr,Land,Juan Aquino González,Male,Indigenous Peoples,2020-10-28,Mexico,Hitmen,Americas,Murder,2020
recE6R9fOmf4VmhPf,Logging,Jesús Miguel Jerónimo,Male,Indigenous Peoples,2020-07-23,Mexico,Hitmen,Americas,Murder,2020
reckWQRPYnk9BmkEz,Logging,Jesús Miguel Junior,Male,Relatives of persons targeted for repression,2020-07-23,Mexico,Hitmen,Americas,Murder,2020
rec55ohoAyUFPx2Jn,Hydropower,Miguel Vázquez Martínez,Male,,2020-10-20,Mexico,Unknown,Americas,Murder,2020
recetdZLsk3YDy8FA,Hydropower,Fidel Heras Cruz,Male,Indigenous Peoples,2021-01-23,Mexico,Unknown,Americas,Murder,2021
recJ8b4nJhBzNQCZu,Logging,Elias Gallegos Coria,Male,,2020-10-16,Mexico,Armed forces,Americas,Disappearance,2020
recEwshXd2DtQ25wg,Logging,Fredy Gallegos,Male,,2020-10-16,Mexico,Armed forces,Americas,Disappearance,2020
recVI3lAfHBPq4UGV,Logging,Carlos Marqués Oyorzábal,Male,Small-scale farmer,2021-04-03,Mexico,Unknown,Americas,Murder,2021
recDBj02NOOjRPJ2Z,Hydropower,Jaime Jiménez Ruiz,Male,Indigenous Peoples,2021-03-28,Mexico,Unknown,Americas,Murder,2021
rec9ObFMB2QoqyFZe,Mining & Extractives,José Santos Isaac Chávez,Male,Lawyer,2021-04-04,Mexico,Hitmen,Americas,Murder,2021
recfQck2rGsKQki4x,Land,Tomás Martínez Pinacho,Male,,2020-08-24,Mexico,Hitmen,Americas,Murder,2020
recuSuf0FzdZkavyj,Logging,Juan Zamarripa Torres,Male,,2020-04-11,Mexico,Hitmen,Americas,Murder,2020
rec6sxsSnJQ5FENFu,Hydropower,Raymundo Robles Riaño,Male,Indigenous Peoples,2021-03-14,Mexico,Unknown,Americas,Murder,2021
recAnBf3lKofxjmAX,Hydropower,Noé Robles Cruz,Male,Indigenous Peoples,2021-03-14,Mexico,Unknown,Americas,Murder,2021
recC74NaEknktAAhD,Hydropower,Gerardo Mendoza Reyes,Male,Indigenous Peoples,2021-03-14,Mexico,Unknown,Americas,Murder,2021
recgnugwTudOHiW5j,Land,María Agustín Chino,Female,Indigenous Peoples,2020-12-21,Mexico,Organised crime / mafias,Americas,Murder,2020
reccDqghno2i3HEqc,Land,Amalia Morales Guapango,Female,Indigenous Peoples,2020-12-21,Mexico,Organised crime / mafias,Americas,Murder,2020
rec4ExDCaTF5Zb4hS,Land,José Benito Migueleño,Male,Indigenous Peoples,2020-12-21,Mexico,Organised crime / mafias,Americas,Murder,2020
rec1J4PSMqf1YJxNN,Land,Miguel Migueleño,Male,Indigenous Peoples,2020-12-21,Mexico,Organised crime / mafias,Americas,Murder,2020
recRSQ9VDyq3715Ji,Other,Tomás Rojo Valencia,Male,Indigenous Peoples,2021-05-27,Mexico,Unknown,Americas,Murder,2021
rec7b4hEahAh8jm7y,Other,Luis Urbano Domínguez Mendoza,Male,Indigenous Peoples,2021-06-08,Mexico,Hitmen,Americas,Murder,2021
recc7ZdRgwH1SLhak,Mining & Extractives,José Ascensión Carrillo Vázquez,Male,Other,2021-06-06,Mexico,Unknown,Americas,Murder,2021
recTCeFftaXtl0SKO,Logging,Marco Antonio Arcos Fuentes,Male,Other,2021-05-21,Mexico,Hitmen,Americas,Murder,2021
recY0aYx2srnnA7NF,Mining & Extractives,José de Jesús Robledo Cruz,Male,Small-scale farmer,2021-04-27,Mexico,Unknown,Americas,Murder,2021
recsdT9Om0NWKwul6,Mining & Extractives,María de Jesús Gómez Vega,Female,Small-scale farmer,2021-04-27,Mexico,Unknown,Americas,Murder,2021
recRjJyy6R50lxnvy,Land,Gabino Ávila Martínez,Male,Indigenous Peoples,2020-11-20,Mexico,Hitmen,Americas,Murder,2020
recteuKpjUWTe6BpI,Land,Maurilio Hernández Martínez,Male,Indigenous Peoples,2020-11-25,Mexico,Hitmen,Americas,Murder,2020
recQsjByrQD42WV8F,Land,Ismael Cruz García,Male,Indigenous Peoples,2020-11-16,Mexico,Hitmen,Americas,Murder,2020
recbb5NIqtE9mQMGr,Land,Rodolfo Díaz Jiménez,Male,Indigenous Peoples,2020-11-02,Mexico,Hitmen,Americas,Murder,2020
rec8MKeXFxDZ8ZwxE,Land,Ramiro Rodríguez Santiz,Male,Other,2021-02-20,Mexico,Private military actors,Americas,Murder,2021
recvfOkvZnDi6cNfm,Land,Oliverio Martínez Merino,Male,Indigenous Peoples,2021-06-28,Mexico,Hitmen,Americas,Murder,2021
reczk9t6uX1PuCAXi,Land,Flor de Jesús Hernández,Female,Indigenous Peoples,2021-06-28,Mexico,Hitmen,Americas,Murder,2021
recc0WiiSriHxASMD,Mining & Extractives,Braulio Pérez Sol,Male,Indigenous Peoples,2021-07-14,Mexico,Unknown,Americas,Murder,2021
rec8tISl3VxEVe4pt,Mining & Extractives,Leocadio Galaviz Cruz,Male,Indigenous Peoples,2021-07-14,Mexico,Unknown,Americas,Disappearance,2021
recQxTSNPHFAQVteK,Mining & Extractives,Heladio Molina Zavala,Male,Indigenous Peoples,2021-07-14,Mexico,Unknown,Americas,Murder,2021
rec22frIMf89v4pnV,Mining & Extractives,Fabián Sombra Miranda,Male,Indigenous Peoples,2021-07-14,Mexico,Unknown,Americas,Murder,2021
recQWKJ2Cl1guDf8V,Mining & Extractives,Martín Hurtado Flores,Male,Indigenous Peoples,2021-07-14,Mexico,Unknown,Americas,Murder,2021
rec2CWTjZYNyoIEJA,Mining & Extractives,Fabián Valencia Romero,Male,Indigenous Peoples,2021-07-14,Mexico,Unknown,Americas,Murder,2021
recltky5nix5q6zEU,Mining & Extractives,Artemio Arballo Canizalez,Male,Other,2021-07-14,Mexico,Unknown,Americas,Disappearance,2021
rec97zVt2IVk2Yx9C,Land,Simón Pedro Pérez López,Male,Indigenous Peoples,2021-07-05,Mexico,Hitmen,Americas,Murder,2021
rec7uhaGUrJOl9rXF,Mining & Extractives,David Díaz Valdez,Male,Other,2021-07-02,Mexico,Hitmen,Americas,Murder,2021
recNOL5Rh9FInz8j9,Other,Rodrigo Morales Vázquez,Male,Other,2021-09-02,Mexico,Hitmen,Americas,Murder,2021
recFgjeXqmmGSLn65,Hydropower,Vicente Suástegui Muñoz,Male,Other,2021-08-05,Mexico,Hitmen,Americas,Disappearance,2021
recEHqY3L22IPVNGo,Land,Manuel Cartas Pérez,Male,Other,2021-09-03,Mexico,Hitmen,Americas,Murder,2021
recD0EI1i0PJ0Oo8R,Logging,Irma Galindo Barrios,Female,Indigenous Peoples,2021-10-27,Mexico,Unknown,Americas,Disappearance,2021
recMXXZNCvonGpwP7,Agribusiness,Lea Juárez Valenzuela,Female,Small-scale farmer,2021-08-07,Mexico,Organised crime / mafias,Americas,Murder,2021
rec9nuzA8Lhghko36,Land,Narciso López Vasquez,Male,Indigenous Peoples,2021-10-28,Mexico,Hitmen,Americas,Murder,2021
reclqPW1bo8UhhEyb,Hydropower,Isaías Elacio Palma,Male,Other,2021-03-15,Mexico,Hitmen,Americas,Murder,2021
recMKEFoBHYu5ZGDg,Other,Alejandro García Zagal,Male,Other,2021-09-07,Mexico,Hitmen,Americas,Murder,2021
recqArLgPXArbdQpg,Hydropower,Ramiro Ventura Apolonio,Male,Other,2021-08-03,Mexico,Unknown,Americas,Murder,2021
rec0KZHED1ccaj4EY,Logging,José de Jesús Sánchez García,Male,Park ranger,2021-03-17,Mexico,Unknown,Americas,Murder,2021
recUydNhtSrfHHGCo,Land,Jordán Terjiño Luna,Male,Indigenous Peoples,2021-03-08,Mexico,Organised crime / mafias,Americas,Murder,2021
recuYb2bGCbnqvxAM,Land,Jesús Solórzano Díaz,Male,Small-scale farmer,2021-11-07,Mexico,Organised crime / mafias,Americas,Murder,2021
rec5ztFu1X5wOG6pz,Land,Federico de Jesús Gutiérrez,Male,Indigenous Peoples,2021-06-23,Mexico,Hitmen,Americas,Murder,2021
recxMdM6sVGfZS999,Land,Víctor Manuel Vázquez de la Torre,Male,Small-scale farmer,2021-06-12,Mexico,Private military actors,Americas,Murder,2021
recwOYAFdOXi4a2FL,Land,Manuel Hidalgo Vázquez,Male,Small-scale farmer,2021-06-12,Mexico,Private military actors,Americas,Murder,2021
recJz0sj5e10iQOkI,Land,Rolando Pérez González,Male,Small-scale farmer,2021-06-12,Mexico,Private military actors,Americas,Murder,2021
recZgupRamZJwF9Yd,Land,Marco Antonio Jiménez de la Torre,Male,Small-scale farmer,2021-06-12,Mexico,Private military actors,Americas,Murder,2021
recn6fejMlzdSHpAP,Land,Jacinto Hernández Quiroz,Male,Other,2021-10-21,Mexico,Organised crime / mafias,Americas,Murder,2021
recnKClYoyQJ7CgGi,Land,Isidoro Hernández,Male,Other,2021-10-21,Mexico,Organised crime / mafias,Americas,Murder,2021
recY3GcbN2jJ1xgd3,Land,Marcos Quiroz Riaño,Male,Other,2021-10-21,Mexico,Organised crime / mafias,Americas,Disappearance,2021
recnLkPDSqBQMgUwg,Land,Miguel Bautista Avendaño,Male,Other,2021-10-21,Mexico,Organised crime / mafias,Americas,Disappearance,2021
rec6HdlOEMBkGLdKi,Land,Donato Bautista Avendaño,Male,Other,2021-10-21,Mexico,Organised crime / mafias,Americas,Disappearance,2021
recPvEsH4L6LZKT7i,Land,Mayolo Quiroz Barrios,Male,Other,2021-10-21,Mexico,Organised crime / mafias,Americas,Murder,2021
recWHZxHEmbod8JXa,Land,Marcelino Álvarez González,Male,Indigenous Peoples,2021-12-16,Mexico,Hitmen,Americas,Murder,2021
recvAtlBMbU8OI0or,Other,Verónica Patricia Guerrero Vinueza,Female,Lawyer,2022-02-03,Mexico,Hitmen,Americas,Murder,2022
rec9ApX6AoQuf0uUw,Other,Leobardo Hernández Regino,Male,Indigenous Peoples,2021-06-15,Mexico,Police,Americas,Murder,2021
recvhKgUCs9BlZNip,Land,Pedro Lunez Pérez,Male,Indigenous Peoples,2021-05-08,Mexico,Private military actors,Americas,Murder,2021
recaeEsjlk7Hs70iJ,Mining & Extractives,Juan Justino Galaviz Cruz,Male,Other,2021-07-14,Mexico,Unknown,Americas,Disappearance,2021
rec5JQkcsQ6aNV69a,Mining & Extractives,Gustavo Acosta Hurtado,Male,Other,2021-07-14,Mexico,Unknown,Americas,Disappearance,2021
recvsEintldFaY81I,Mining & Extractives,Benjamín Pórtela Peralta,Male,Other,2021-07-14,Mexico,Unknown,Americas,Disappearance,2021
rec0OW1lfeA945CrP,Logging,José Trinidad Baldenegro,Male,Indigenous Peoples,2022-03-07,Mexico,Hitmen,Americas,Murder,2022
recafibkWIOxXeZR6,Hydropower,Francisco Vázquez Domínguez,Male,Other,2022-02-11,Mexico,Hitmen,Americas,Murder,2022
recBW6WLreBs2T0rX,Land,Patricia Rivera Reyes,Female,Lawyer,2022-03-19,Mexico,Hitmen,Americas,Murder,2022
recyXE9859HiStohQ,Land,Humberto Valdovinos Fuentes,Male,Small-scale farmer,2022-05-23,Mexico,Hitmen,Americas,Murder,2022
recv0pVhXaIdOHuBG,Land,Iván Merino Flores,Male,Indigenous Peoples,2022-03-20,Mexico,Hitmen,Americas,Murder,2022
rechniXGP5pgw2wAB,Land,Luis Donato Ortiz,Male,Other,2022-04-28,Mexico,Hitmen,Americas,Murder,2022
reczdu03adDm1hGUR,Land,Teófilo Barrera Herrera,Male,Indigenous Peoples,2022-05-09,Mexico,Police,Americas,Murder,2022
recBpGdIgoq2RmhRQ,Land,Marcelo Carrera Reyes,Male,Indigenous Peoples,2022-05-09,Mexico,Police,Americas,Murder,2022
recKwG9ZJF1EIOobg,Land,Omar Herrera Raymundo,Male,Indigenous Peoples,2022-05-09,Mexico,Police,Americas,Murder,2022
recb6nH3tHTYBN4u4,Land,Miguel Ángel Vázquez Torres,Male,Indigenous Peoples,2017-05-20,Mexico,Unknown,Americas,Murder,2017
recIlXQCXRENxlCd0,Other,Jesús Bañuelos Acevedo,Male,Demonstrators,2022-06-20,Mexico,Hitmen,Americas,Murder,2022
recG2QcYhsPDTjmCL,Land,Crispín Reyes Pablo,Male,Indigenous Peoples,2022-07-14,Mexico,Hitmen,Americas,Murder,2022
recxt924jY79zGko4,Land,Javier Campos Morales,Male,Other,2022-06-20,Mexico,Unknown,Americas,Murder,2022
recQqn6LcLeEuazDv,Land,Joaquín César Mora Salazar,Male,Other,2022-06-20,Mexico,Unknown,Americas,Murder,2022
recFaTtIaSod5rLG4,Land,Pedro Palma,Male,Other,2022-06-20,Mexico,Unknown,Americas,Murder,2022
rec9gQ7jWhHjnO1NT,Hydropower,Filogonio Martínez Merino,Male,Other,2022-10-26,Mexico,Hitmen,Americas,Murder,2022
rechJfGus5BaX524q,Other,Jesús Manuel García Martínez,Male,Other,2022-10-27,Mexico,Hitmen,Americas,Murder,2022
recsm2qYmcQtHWuW3,Logging,Pedro Pascual Cruz,Male,Indigenous Peoples,2022-12-10,Mexico,Hitmen,Americas,Murder,2022
recv56uls3i3eppBP,Agribusiness,Rosendo González Torres,Male,Indigenous Peoples,2022-01-07,Mexico,Unknown,Americas,Murder,2022
recyvTv9HbNnBLzTJ,Land,Héctor Soto Rodríguez,Male,Lawyer,2022-04-18,Mexico,Hitmen,Americas,Murder,2022
recBgltvysvQIqV5R,Land,Marcos Campos Ahuejote,Male,Indigenous Peoples,2022-05-06,Mexico,Private military actors,Americas,Murder,2022
recdx8n4A4HOYkjLm,Land,Lorena Chantzin Paxacuasingo,Female,Indigenous Peoples,2022-05-06,Mexico,Private military actors,Americas,Murder,2022
reco0YBQwu0xLj0jM,Agribusiness,Noé Godínez Arredondo,Male,Lawyer,2022-05-24,Mexico,Unknown,Americas,Disappearance,2022
recT9M0zvSbhAZC4Z,Agribusiness,Antonio de la Cruz,Male,Journalist,2022-06-29,Mexico,Hitmen,Americas,Murder,2022
rec1wv3IrqWqSJivj,Agribusiness,Cynthia de la Cruz,Female,Relatives of persons targeted for repression,2022-06-29,Mexico,Hitmen,Americas,Murder,2022
recWN08upvId50Lb1,Land,Adán Linares Silverio,Male,Indigenous Peoples,2022-11-05,Mexico,Private military actors,Americas,Murder,2022
reco2rFTji0sp7wa6,Land,Guillermo Hilario Morales,Male,Indigenous Peoples,2022-11-05,Mexico,Private military actors,Americas,Murder,2022
recuoCzPlQomFQl93,Land,Moisés Cuapipistenco,Male,Indigenous Peoples,2022-11-05,Mexico,Private military actors,Americas,Murder,2022
recGG9xM0rwIIfliI,Land,Nicolás Pérez Xoyateco,Male,Indigenous Peoples,2022-07-24,Mexico,Hitmen,Americas,Murder,2022
rectf7b16oW3A4ujd,Land,Alberto Morales Sebastián,Male,Indigenous Peoples,2022-07-09,Mexico,Hitmen,Americas,Murder,2022
recMcsEFvL2YIiqcO,Agribusiness,Estanislao González Carrillo,Male,Relatives of persons targeted for repression,2022-01-07,Mexico,Unknown,Americas,Murder,2022
recyyuyGfa4O6lBxE,Logging,Alfredo Cisneros Madrigal,Male,Indigenous Peoples,2023-02-22,Mexico,Hitmen,Americas,Murder,2023
recJmoIJDDReF2NAj,Logging,Álvaro Arvizu Aguiñiga,Male,Other,2023-06-13,Mexico,Unknown,Americas,Murder,2023
recg0fNuABDo8kucV,Logging,Cuauhtémoc Márquez Fernández,Male,Other,2023-06-12,Mexico,Unknown,Americas,Murder,2023
recX9a4UGXMTySnvu,Land,Lorenzo Froylán de la Cruz Ríos,Male,Indigenous Peoples,2023-08-10,Mexico,Organised crime / mafias,Americas,Murder,2023
recWvweANIoVwaxyQ,Mining & Extractives,Higinio Trinidad de la Cruz,Male,Indigenous Peoples,2023-11-25,Mexico,Unknown,Americas,Murder,2023
recbWMuWIe0ipoTHg,Mining & Extractives,Isaul Nemesio Zambrano,Male,Indigenous Peoples,2023-01-12,Mexico,Organised crime / mafias,Americas,Murder,2023
rect7n7Ho1zJWasB9,Mining & Extractives,Miguel Estrada Reyes,Male,Indigenous Peoples,2023-01-12,Mexico,Organised crime / mafias,Americas,Murder,2023
recBSp5CjXipPlzdi,Mining & Extractives,Rolando Magno Zambrano,Male,Indigenous Peoples,2023-01-12,Mexico,Organised crime / mafias,Americas,Murder,2023
reclrPmIZGTdyzkuj,Other,Félix Vicente Cruz,Male,Indigenous Peoples,2023-04-13,Mexico,Hitmen,Americas,Murder,2023
recAC68dYM46b6ZYC,Mining & Extractives,Eustacio Alcalá Díaz,Male,Indigenous Peoples,2023-04-01,Mexico,Unknown,Americas,Murder,2023
recQ7CBXSbg1DcEjN,Mining & Extractives,Juan Medina,Male,Other,2023-04-14,Mexico,Hitmen,Americas,Murder,2023
recS8Xms2Ni1NRIUF,Mining & Extractives,Ricardo Arturo Lagunes Gasca,Male,Lawyer,2023-01-15,Mexico,Unknown,Americas,Disappearance,2023
rec3kn52VrA8Om2ar,Mining & Extractives,Antonio Díaz Valencia,Male,Indigenous Peoples,2023-01-15,Mexico,Unknown,Americas,Disappearance,2023
recAThq574lhpRCid,Land,Alejandro Ortiz Vázquez,Male,Indigenous Peoples,2023-04-21,Mexico,Hitmen,Americas,Disappearance,2023
recDe22dKG1Y6cChE,Other,Román Flores Hernández,Male,Indigenous Peoples,2023-07-04,Mexico,Hitmen,Americas,Murder,2023
rec1DXdJyTXb958sQ,Other,Manuel Flores Reyes,Male,Indigenous Peoples,2023-07-04,Mexico,Hitmen,Americas,Murder,2023
reckrICksIiZmpX3o,Other,Abisaí Pérez Romero,Male,Journalist,2023-02-13,Mexico,Unknown,Americas,Murder,2023
recfNZN2E4on2cLgE,Land,Jesús Toral García,Male,Indigenous Peoples,2023-10-24,Mexico,Hitmen,Americas,Murder,2023
recsuS2zec8Ty679r,Land,Antonio Regis Nicolás,Male,Indigenous Peoples,2024-05-17,Mexico,Organised crime / mafias,Americas,Murder,2024
recyP7HORo9YIVRT1,Logging,José Gabriel Pelayo Zalgado,Male,Other,2024-03-19,Mexico,Organised crime / mafias,Americas,Disappearance,2024
recrvuddh70ONlN00,Other,Alberto Cortina Vázquez,Male,Small-scale farmer,2024-06-20,Mexico,Police,Americas,Murder,2024
recDZCzRA2PKlhxxR,Other,Jorge Cortina Vázquez,Male,Small-scale farmer,2024-06-20,Mexico,Police,Americas,Murder,2024
recX8Ait87pVwZ1id,Logging,José Ángel Pelcastre,Male,Small-scale farmer,2024-02-25,Mexico,Other,Americas,Murder,2024
rec1wr0fguULLJWZj,Logging,Ventura Ojeda,Male,Small-scale farmer,2024-02-25,Mexico,Other,Americas,Murder,2024
recndkemvMwNOKtb6,Logging,Florentino Castro,Male,Small-scale farmer,2024-02-25,Mexico,Other,Americas,Murder,2024
recCZLC53egQq3bLj,Land,Marcelo Pérez Pérez,Male,Indigenous Peoples,2024-10-20,Mexico,Hitmen,Americas,Murder,2024
recYn8HtY7Do4mRBp,Logging,Marcos Sánchez Perea,Male,Other,2024-11-27,Mexico,Hitmen,Americas,Murder,2024
recggt7vygVwqPFeB,Other,Javier Ochoa Tejeda,Male,Other,2024-02-13,Mexico,Unknown,Americas,Murder,2024
rec42oQWe7je8D01S,Mining & Extractives,Ignacio López,Male,Other,2024-05-13,Mexico,Organised crime / mafias,Americas,Murder,2024
rectOzx6l6mfCysBi,Mining & Extractives,Isidra Sosme Temich,Female,Relatives of persons targeted for repression,2024-05-13,Mexico,Organised crime / mafias,Americas,Murder,2024
recW49kZyUnjVxjfd,Mining & Extractives,Rosalinda López,Female,Relatives of persons targeted for repression,2024-05-13,Mexico,Organised crime / mafias,Americas,Murder,2024
recoVemEm99CT66du,Mining & Extractives,Alfonso López,Male,Relatives of persons targeted for repression,2024-05-13,Mexico,Organised crime / mafias,Americas,Murder,2024
recau2X2hwXyLjntG,Mining & Extractives,Teresita de Jesús Arrazate González,Female,Relatives of persons targeted for repression,2024-05-13,Mexico,Organised crime / mafias,Americas,Murder,2024
reczgRdUaoIZHueUo,Mining & Extractives,Dolores Arrazate Córdova,Female,Relatives of persons targeted for repression,2024-05-13,Mexico,Organised crime / mafias,Americas,Murder,2024
reca6FP5rV6EsLnG9,Mining & Extractives,Yohari Belén,Female,Relatives of persons targeted for repression,2024-05-13,Mexico,Organised crime / mafias,Americas,Murder,2024
rec3kEmZzzVSeUZkf,Other,Abraham Alejandro Gobel Gómez,Male,Other,2024-11-03,Mexico,Unknown,Americas,Murder,2024
recPx8hm7gl48HRZ3,Land,Carmen López Lugo,Male,Indigenous Peoples,2024-01-12,Mexico,Organised crime / mafias,Americas,Murder,2024
recXfFggqxT8K5WxH,Land,Marcial Pérez Morales,Male,Indigenous Peoples,2015-10-19,Nicaragua,Other,Americas,Murder,2015
reczvBhoEPYtK0mLw,Land,Tito José González Bendles,Male,Indigenous Peoples,2017-09-08,Nicaragua,Other,Americas,Murder,2017
reczj5MC0JpP7iux2,Land,Feliciano Benlis Flores,Male,Indigenous Peoples,2016-11-27,Nicaragua,Other,Americas,Murder,2016
reczkfjpNnsuoMbDA,Land,Gerardo Conrado Chong,Male,Indigenous Peoples,2015-06-11,Nicaragua,Hitmen,Americas,Murder,2015
recESvAWb1tWrLiDP,Land,Den Silwa,Male,Indigenous Peoples,2016-12-17,Nicaragua,Other,Americas,Murder,2016
recGfQOe3XDeSU8UP,Land,José Álvarez Blandón,Male,Indigenous Peoples,2015-09-12,Nicaragua,Other,Americas,Murder,2015
recIUCEY7tVw003Yv,Land,Benito Francisco Ramos,Male,Indigenous Peoples,2015-09-03,Nicaragua,Other,Americas,Murder,2015
recJ9LgnFvLFaHgcF,Land,Rosmeldo Solórzano,Male,Indigenous Peoples,2015-09-03,Nicaragua,Other,Americas,Murder,2015
recKmOl8E5cuHtkK2,Land,Rey Müller,Male,Indigenous Peoples,2016-12-17,Nicaragua,Other,Americas,Murder,2016
recMWrZVpWPgj4511,Land,Germán Martínez Fenly,Male,Indigenous Peoples,2015-10-29,Nicaragua,Other,Americas,Murder,2015
recSdw4n0UKilxOxU,Land,Bermúdez Wilson Benath,Male,Indigenous Peoples,2015-09-10,Nicaragua,Other,Americas,Murder,2015
rec9Ui2sv0Va8gnIm,Land,Feliciano Benlis Peralta,Male,Indigenous Peoples,2016-11-27,Nicaragua,Other,Americas,Murder,2016
recaT9E3xg0U6Ty8q,Land,Felipe Pérez Gamboa,Male,Indigenous Peoples,2017-11-29,Nicaragua,Other,Americas,Murder,2017
recby8pNUtH4gWyg6,Land,Gerardo Chale Allen,Male,Indigenous Peoples,2016-08-18,Nicaragua,Landowners,Americas,Murder,2016
recbo24TJX8vqrZs1,Land,Bernicia Dixon Peralta,Female,Indigenous Peoples,2016-11-27,Nicaragua,Other,Americas,Murder,2016
recbqH3Cy7AULqWry,Unknown,Mario Leman Muller,Male,Indigenous Peoples,2015-09-14,Nicaragua,Other,Americas,Murder,2015
recgDakQOLEuvv3Ck,Logging,Elías Charlie Taylor,Male,Indigenous Peoples,2013-04-24,Nicaragua,Other,Americas,Murder,2013
rechEp003bLHXOdsw,Land,Nelin Pedro Parista,Male,Indigenous Peoples,2016-08-18,Nicaragua,Landowners,Americas,Murder,2016
recjLcJ0XlmIrAwS4,Land,Celedonia Zalazar Point,Female,Indigenous Peoples,2017-09-08,Nicaragua,Other,Americas,Murder,2017
reckQEhOdEV9HRai2,Land,Camilo Frank López,Male,Indigenous Peoples,2017-01-25,Nicaragua,Unknown,Americas,Murder,2017
reco9b2FOHdxerV5S,Unknown,Balerio Meregildo,Male,Indigenous Peoples,2015-12-17,Nicaragua,Other,Americas,Disappearance,2015
recpS15ltpgpHqPqQ,Land,Bency Gómez Moore,Male,Indigenous Peoples,2015-05-18,Nicaragua,Other,Americas,Murder,2015
recqzKE8CWppSHZud,Unknown,Ángel Flores,Male,Indigenous Peoples,2015-12-17,Nicaragua,Other,Americas,Disappearance,2015
recq54aMUtva13Ftv,Other,Rudy Manuel Centeno Solís,Male,Small-scale farmer,2016-02-17,Nicaragua,Unknown,Americas,Murder,2016
recrEkMmsXLAy3l2j,Unknown,Francisco Joseph,Male,Indigenous Peoples,2015-12-17,Nicaragua,Other,Americas,Disappearance,2015
recjGt4BQk7qHxpCe,Mining & Extractives,Pablo Alonzo Calderón,Male,Indigenous Peoples,2019-10-03,Nicaragua,Private military actors,Americas,Murder,2019
recncoXZXUT6b9Sa8,Mining & Extractives,Isaías Calderón Pérez,Male,Indigenous Peoples,2019-10-03,Nicaragua,Private military actors,Americas,Murder,2019
recmdQ4dOcJfoddxe,Mining & Extractives,Yadira Pérez Martínez,Female,Indigenous Peoples,2019-10-03,Nicaragua,Private military actors,Americas,Murder,2019
reco7glo0lWZ9IKSt,Mining & Extractives,Lucrecia Pérez Dormu,Female,Indigenous Peoples,2019-10-03,Nicaragua,Private military actors,Americas,Murder,2019
recxBzmfKzg5Y7a1x,Mining & Extractives,Pablo Calderón Espinoza,Male,Indigenous Peoples,2019-10-03,Nicaragua,Private military actors,Americas,Murder,2019
recjAnNHZyyp9zUpH,Logging,Jarle Samuel Gutiérrez,Male,Indigenous Peoples,2020-01-29,Nicaragua,Hitmen,Americas,Murder,2020
recCkZ3h2QvxRSiQh,Logging,Juan Emilio Devis Gutiérrez,Male,Indigenous Peoples,2020-01-29,Nicaragua,Hitmen,Americas,Murder,2020
recvbqzcYGOH1IgGW,Logging,Cristino López Ortiz,Male,Indigenous Peoples,2020-01-29,Nicaragua,Hitmen,Americas,Murder,2020
rectwAQqGWNETeNXp,Logging,Amaru Rener Hernández,Male,Indigenous Peoples,2020-01-29,Nicaragua,Hitmen,Americas,Murder,2020
recz0nRLipBZ2ogOa,Land,Nacilio Macario,Male,Indigenous Peoples,2020-11-14,Nicaragua,Hitmen,Americas,Murder,2020
recaGb5GVwWtZKbJu,Land,Michael López Rivera,Male,Indigenous Peoples,2020-12-06,Nicaragua,Other,Americas,Murder,2020
recjRDt4CW6bORFOs,Land,Simón Palacios Hernández,Male,Indigenous Peoples,2020-07-10,Nicaragua,Other,Americas,Murder,2020
recOK618ZtEHpTTfS,Land,Dunis Rodolfo Morales,Male,Indigenous Peoples,2020-03-26,Nicaragua,Hitmen,Americas,Murder,2020
recTn78HvI3i3EpHY,Land,Neldo Dolores Morales Gómez,Male,Indigenous Peoples,2020-03-26,Nicaragua,Hitmen,Americas,Murder,2020
recREGKaVNkXXXL4I,Logging,Mark Rivas,Male,Indigenous Peoples,2020-01-05,Nicaragua,Unknown,Americas,Murder,2020
recCd2MNBF1XpKuB0,Land,Rubén Jacobo Bendles,Male,Indigenous Peoples,2020-03-27,Nicaragua,Other,Americas,Murder,2020
reccvWiLiwr5Bd5eJ,Land,Federico Pérez Gradiz,Male,Indigenous Peoples,2020-03-27,Nicaragua,Other,Americas,Murder,2020
recn2cuEbCeV3sxNy,Land,Víctor Manuel Matamoros Morales,Male,Indigenous Peoples,2021-08-23,Nicaragua,Organised crime / mafias,Americas,Murder,2021
recduSZugmIfTAKMj,Land,Armando Suarez Matamoros,Male,Indigenous Peoples,2021-08-23,Nicaragua,Organised crime / mafias,Americas,Murder,2021
recYTbFbY0SRICjxo,Land,Borlan Gutiérrez Empra,Male,Indigenous Peoples,2021-08-23,Nicaragua,Organised crime / mafias,Americas,Murder,2021
recCbVH1XJ7Pf4dTp,Land,Armando Pérez Medina,Male,Indigenous Peoples,2021-08-23,Nicaragua,Organised crime / mafias,Americas,Murder,2021
recmhxZFZHwID0R54,Land,Albert Jairo Hernández Palacio,Male,Indigenous Peoples,2021-08-23,Nicaragua,Organised crime / mafias,Americas,Murder,2021
recjPHFOF5Roc1XFS,Land,Sixto Gutiérrez Empra,Male,Indigenous Peoples,2021-08-23,Nicaragua,Organised crime / mafias,Americas,Murder,2021
rec2KjndcO4ab6qFI,Land,Kedelin Jarquín Gutiérrez,Female,Indigenous Peoples,2021-08-23,Nicaragua,Organised crime / mafias,Americas,Murder,2021
recHLg5g6RqBpzpci,Land,Ody James Waldan Salgado,Male,Indigenous Peoples,2021-08-23,Nicaragua,Organised crime / mafias,Americas,Murder,2021
rec5bieGI7YYi5ntW,Land,Dolvin Acosta,Male,Indigenous Peoples,2021-08-23,Nicaragua,Organised crime / mafias,Americas,Murder,2021
recOK7k85ZbSxwaBu,Land,Morgan Pantin,Male,Indigenous Peoples,2021-08-23,Nicaragua,Organised crime / mafias,Americas,Murder,2021
recdBUgLsg9Wco6Y7,Land,Romel Simon Kely,Male,Indigenous Peoples,2021-08-23,Nicaragua,Organised crime / mafias,Americas,Murder,2021
rectcIQWzRDvRb0vr,Land,Jaoska Jarquín Gutiérrez,Female,Indigenous Peoples,2021-08-23,Nicaragua,Organised crime / mafias,Americas,Murder,2021
recrtJ6MUxXPhMJKm,Land,J.L.P. or J.R.B,Male,Indigenous Peoples,2021-08-23,Nicaragua,Organised crime / mafias,Americas,Murder,2021
recoWXro2SNLnsHA8,Land,Bonifacio Dixon Francis,Male,Indigenous Peoples,2021-06-14,Nicaragua,Other,Americas,Murder,2021
recxPNRAvipq8ILjJ,Mining & Extractives,Martiniano Julián Macario Samuel,Male,Indigenous Peoples,2021-10-04,Nicaragua,Other,Americas,Murder,2021
recmlZDQBA1B1yBOg,Land,Salomón López Smith,Male,Indigenous Peoples,2022-03-15,Nicaragua,Unknown,Americas,Murder,2022
recNZEIckGaYqEAuS,Land,Tránsito Gutiérrez Melgara,Male,Indigenous Peoples,2022-05-21,Nicaragua,Other,Americas,Murder,2022
rectxGWMB5uPkj1XT,Land,Terlin Gutiérrez Medina,Male,Indigenous Peoples,2022-05-21,Nicaragua,Other,Americas,Murder,2022
rec5nFxRZ3eJlM6uf,Land,Bernabé Palacios Hernández,Male,Indigenous Peoples,2023-04-24,Nicaragua,Other,Americas,Murder,2023
recagwsBtjk5Z4Jzq,Land,Alexander Urbina Mora,Male,Indigenous Peoples,2023-02-21,Nicaragua,Other,Americas,Murder,2023
reckLbRPCdSDcSOiA,Land,Alberto Castillo Palacios,Male,Indigenous Peoples,2023-03-11,Nicaragua,Other,Americas,Murder,2023
recyBo8HziyiivZO6,Land,Lenin Vílchez Patrón Flores,Male,Indigenous Peoples,2023-03-11,Nicaragua,Other,Americas,Murder,2023
recNZ8lbwWeCZbEgK,Land,Jorge Enor Palacios Samuel,Male,Indigenous Peoples,2023-03-11,Nicaragua,Other,Americas,Murder,2023
recz1WI4NgftOVBw5,Land,Jesmin Jacobo Lázaro,Male,Indigenous Peoples,2023-03-11,Nicaragua,Other,Americas,Murder,2023
recS8Us2LWiPMNPWu,Land,Manuel Morgan Diaz Palacios,Male,Indigenous Peoples,2023-03-11,Nicaragua,Other,Americas,Murder,2023
recnESMtSqFAaWAmU,Land,Sergio Julián Juan,Male,Indigenous Peoples,2023-07-05,Nicaragua,Hitmen,Americas,Murder,2023
recGacNDBFcshG5jf,Land,Serato Juwith Charly,Male,Indigenous Peoples,2023-07-05,Nicaragua,Other,Americas,Murder,2023
recuyqQDtGzIC4dIr,Land,Clen Dixon Fernández,Male,Indigenous Peoples,2023-09-13,Nicaragua,Other,Americas,Murder,2023
rec0RwpYYOlE28o65,Land,Roy Dilson Devis Blandón,Male,Indigenous Peoples,2024-12-22,Nicaragua,Other,Americas,Murder,2024
recN0evTqW7XfnPuo,Land,Guzmán Ocampo Cruz,Male,Indigenous Peoples,2024-11-08,Nicaragua,Other,Americas,Murder,2024
recvzFlTPNYOPNfYY,Land,Marlon Ocampo Cruz,Male,Indigenous Peoples,2024-11-08,Nicaragua,Other,Americas,Murder,2024
rec7sZXqQcyBWJXto,Land,S.K.T.L,Female,Indigenous Peoples,2024-05-03,Nicaragua,Other,Americas,Murder,2024
recP57teopxnPTKiM,Hydropower,Onesimo Rodriguez,Male,Indigenous Peoples,2013-03-22,Panama,Unknown,Americas,Murder,2013
recC5ybHD6nX2DSA9,Mining & Extractives,Iván Rodríguez Mendoza,Male,Demonstrators,2023-11-07,Panama,Other,Americas,Murder,2023
recjrNnyGdA7t7krx,Mining & Extractives,Abdiel Díaz Chávez,Male,Demonstrators,2023-11-07,Panama,Other,Americas,Murder,2023
rec4slXLiTPFm7RUV,Mining & Extractives,Agustin Rodriguez Morales,Male,Demonstrators,2023-10-26,Panama,Other,Americas,Murder,2023
recQWJe3FQA88JF4P,Mining & Extractives,Tomás Milton Cedeño,Male,Indigenous Peoples,2023-11-01,Panama,Unknown,Americas,Murder,2023
rec1QBNOgRLSA32RG,Land,Adolfo Castro Benítez,Male,Small-scale farmer,2012-06-15,Paraguay,Police,Americas,Murder,2012
rec27duBQwUr2xT5N,Land,Andres Avelino Riveros,Male,Small-scale farmer,2012-06-15,Paraguay,Police,Americas,Murder,2012
recvEurKE7KFTVDnI,Land,Vidal Vega,Male,Small-scale farmer,2012-12-01,Paraguay,Hitmen,Americas,Murder,2012
recQnsQ5aY4Mpnm80,Land,Ricardo Frutos,Male,Small-scale farmer,2012-06-15,Paraguay,Police,Americas,Murder,2012
rec6D566aV8a3dCnH,Land,Arnaldo Ruíz,Male,Small-scale farmer,2012-06-15,Paraguay,Police,Americas,Murder,2012
rec87Iv7OqFKtN5IH,Land,Delfín Duarte,Male,Small-scale farmer,2012-06-15,Paraguay,Police,Americas,Murder,2012
rec8mZYSnhPMe0w3A,Land,Antonia Maribel Almada,Female,Journalist,2014-10-16,Paraguay,Organised crime / mafias,Americas,Murder,2014
recd8dSBBdv0U0qQH,Land,Avelino Espínola,Male,Small-scale farmer,2012-06-15,Paraguay,Police,Americas,Murder,2012
recgOQdENoyhd8QnU,Land,Luciano Ortega,Male,Small-scale farmer,2012-06-15,Paraguay,Police,Americas,Murder,2012
rechlNzBVSokTGVqi,Agribusiness,Digno Darío Gonzales Maidana,Male,Small-scale farmer,2014-12-25,Paraguay,Hitmen,Americas,Murder,2014
recjUWz95GvJoiGbO,Land,Fermín Paredes González,Male,Small-scale farmer,2012-06-15,Paraguay,Police,Americas,Murder,2012
reclu6otN7h5AseUD,Land,Pablo Medina Velázquez,Male,Journalist,2014-10-16,Paraguay,Organised crime / mafias,Americas,Murder,2014
recl0QFJdh2eTsdjV,Land,Francisco Ayala,Male,Small-scale farmer,2012-06-15,Paraguay,Police,Americas,Murder,2012
recOcm3mS3f1anjG3,Agribusiness,Edgar Emiliano Centurión Almirón,Male,Small-scale farmer,2022-06-15,Paraguay,Police,Americas,Murder,2022
recAoRvP1HdU57s9w,Agribusiness,Artemio Cabral López,Male,Small-scale farmer,2022-09-16,Paraguay,Private security guards,Americas,Murder,2022
recrPppR5AXELcQsa,Other,Francisco Villalba Cubas,Male,Demonstrators,2022-01-21,Paraguay,Hitmen,Americas,Murder,2022
recW6EKvkeGgeMocA,Land,Arnaldo Benítez Vargas,Male,Indigenous Peoples,2023-10-22,Paraguay,Other,Americas,Murder,2023
recCHHNJ9jypk7xa0,Land,Edgar Francisco Villalba Oliveira,Male,Small-scale farmer,2023-10-04,Paraguay,Private security guards,Americas,Murder,2023
recTf3ZenOUCUACln,Hydropower,Hitler Ananías Rojas Gonzales,Male,Other,2015-12-28,Peru,Unknown,Americas,Murder,2015
recTBZJG9wegLA044,Mining & Extractives,Walter Sencia Ancca,Male,Demonstrators,2012-05-28,Peru,Police,Americas,Murder,2012
recVrwBealAtUqGwY,Mining & Extractives,Santos Pablo Esquivel Iparraguirre,Male,Small-scale farmer,2013-04-14,Peru,Police,Americas,Murder,2013
recVluc3Ug2ktJMt4,Mining & Extractives,Ever Pérez Huamán,Male,Other,2015-02-10,Peru,Police,Americas,Murder,2015
recua8USmRhizL5qF,Mining & Extractives,Quintino Cereceda Huisa,Male,Indigenous Peoples,2016-10-14,Peru,Police,Americas,Murder,2016
recvlY3zmLLOv6j86,Mining & Extractives,Nemecio Poma Ashnate,Male,,2012-09-19,Peru,Police,Americas,Murder,2012
recxOHj0O4tSfYmIj,Mining & Extractives,Paulino Leonterio García Rojas,Male,Small-scale farmer,2012-07-03,Peru,Police,Americas,Murder,2012
recEAeg2EORsjfAhU,Mining & Extractives,José Faustino Silva Sánchez,Male,Small-scale farmer,2012-07-03,Peru,Police,Americas,Murder,2012
recEfLYPLYeWNftqL,Mining & Extractives,Victoriano Huayna Huamán,Male,Small-scale farmer,2015-04-23,Peru,Police,Americas,Murder,2015
recF67cqGKNPg7WR6,Logging,Edwin Chota Valera,Male,Indigenous Peoples,2014-09-08,Peru,Other,Americas,Murder,2014
recG7wMjZxavFks3w,Mining & Extractives,Edward Soto de la Cruz,Male,Other,2015-08-11,Peru,Police,Americas,Murder,2015
recIR3N4jxKkvM4Ca,Mining & Extractives,Ramón Colque Vilca,Male,Small-scale farmer,2015-05-22,Peru,Police,Americas,Murder,2015
recJEPqu7IsQ1dRx3,Agribusiness,José Napoleón Tarrillo Astonitas,Male,Small-scale farmer,2017-12-30,Peru,Organised crime / mafias,Americas,Murder,2017
recKansolY5Fi7e6a,Hydropower,Elena Gallegos Mamani,Female,Other,2014-02-24,Peru,Police,Americas,Murder,2014
recOFA2JK0THeP9gK,Mining & Extractives,Beto Chahuallo Huillca,Male,Indigenous Peoples,2015-09-28,Peru,Police,Americas,Murder,2015
recOZdO8kesKmWGJH,Hydropower,Pedro Flavio Ccarita Ccarita,Male,Other,2014-02-24,Peru,Police,Americas,Murder,2014
recQoEV3Kn20Gegjj,Mining & Extractives,Exaltación Huamaní,Male,Indigenous Peoples,2015-09-28,Peru,Police,Americas,Murder,2015
rec5G8pD1gMwHITaW,Mining & Extractives,Pedro Valle Sandoval,Male,Small-scale farmer,2016-11-07,Peru,Police,Americas,Murder,2016
rec6DqJ67fdKZoRkA,Mining & Extractives,Joselito Vasquez Jambo,Male,Small-scale farmer,2012-07-04,Peru,Unknown,Americas,Murder,2012
rec8eXldanEI93Af3,Mining & Extractives,Gilmer César Medina Aguilar,Male,Children,2012-07-03,Peru,Police,Americas,Murder,2012
rec8VvceO3W6zAY4Y,Mining & Extractives,Alfredo Ernesto Vracko Neuenschwander,Male,Other,2015-11-19,Peru,Unknown,Americas,Murder,2015
rec8VxvVriNN6Nj3j,Mining & Extractives,Jhony Cáceres González,Male,State official,2017-09-22,Peru,Organised crime / mafias,Americas,Murder,2017
recaIrvtcaGw5hAFZ,Mining & Extractives,Uriel Elguera Chilca,Male,Indigenous Peoples,2015-09-28,Peru,Police,Americas,Murder,2015
recaYSNkhL3h4nm5K,Unknown,Cristian Alvarado Frias ,Male,Demonstrators,2012-03-27,Peru,Police,Americas,Murder,2012
recbf79tqblAdzOHh,Mining & Extractives,Alberto Roque Cconsilla,Male,Other,2015-03-18,Peru,Unknown,Americas,Murder,2015
recdQUKpL4Dj9Xf9W,Mining & Extractives,Antonio Joselito Sánchez Huaman,Male,Small-scale farmer,2012-07-03,Peru,Police,Americas,Murder,2012
receUMXnia85DCSCa,Mining & Extractives,Jhapet Claysont Huilca Pereira,Male,Indigenous Peoples,2014-09-02,Peru,Police,Americas,Murder,2014
recfIrTlx09xGQdP2,Logging,Leoncio Quinticima Melendez,Male,Indigenous Peoples,2014-09-08,Peru,Other,Americas,Murder,2014
recg201atcpCz9VyL,Logging,Jorge Ríos Pérez,Male,Indigenous Peoples,2014-09-08,Peru,Other,Americas,Murder,2014
rechvi8IPvciNJrCs,Mining & Extractives,Rosalio Sanchez,Male,Indigenous Peoples,2014-09-06,Peru,Unknown,Americas,Murder,2014
recjx1uKKBCyN9jL3,Mining & Extractives,Henry Checlla Chura,Male,Small-scale farmer,2015-05-05,Peru,Police,Americas,Murder,2015
recjz9xHWmRTC8dsX,Mining & Extractives,Alberto Cárdenas Chalco,Male,Indigenous Peoples,2015-09-28,Peru,Police,Americas,Murder,2015
recj3FkEIX3PEquxn,Mining & Extractives,Carlos Vásquez Becerra,Male,Small-scale farmer,2013-06-26,Peru,Unknown,Americas,Murder,2013
recjmBmtgsGGJ5UDp,Logging,Mauro Pio Peña,Male,Indigenous Peoples,2013-05-27,Peru,Hitmen,Americas,Murder,2013
reckcRrawZvTRUBp3,Logging,Francisco Pinedo,Male,Indigenous Peoples,2014-09-08,Peru,Other,Americas,Murder,2014
recqQzYaNrXYXQ64O,Mining & Extractives,Rudecindo Manuelo Puma,Male,Demonstrators,2012-05-28,Peru,Police,Americas,Murder,2012
recsGpC3JEvC12EWF,Land,Emilio Marichi Huansi,Male,Indigenous Peoples,2014-04-05,Peru,Hitmen,Americas,Murder,2014
rec3tlNH9XnhjZTUj,Logging,Cristian Java Ríos,Male,Indigenous Peoples,2019-04-17,Peru,Organised crime / mafias,Americas,Murder,2019
rechOMDUlLen6PwEb,Land,Arbildo Meléndez Grandes,Male,Indigenous Peoples,2020-04-12,Peru,Unknown,Americas,Murder,2020
rec2KmBqyvJlQrv3C,Mining & Extractives,Roberto Carlos Pacheco,Male,,2020-09-11,Peru,Unknown,Americas,Murder,2020
recbyLx1JORqHwV4C,Logging,Santiago Vega Chota,Male,Indigenous Peoples,2020-07-25,Peru,Unknown,Americas,Murder,2020
rec0ZB0STI6ld2WHS,Logging,Gonzalo Pío Flores,Male,Indigenous Peoples,2020-05-17,Peru,Other,Americas,Murder,2020
recFq4OPPYm0Po1el,Logging,Jorge Muñoz Saavedra,Male,,2020-12-19,Peru,Unknown,Americas,Disappearance,2020
recyZs4y74JlDqbVM,Land,Herasmo García Grau,Male,Indigenous Peoples,2021-02-25,Peru,Unknown,Americas,Murder,2021
reccbm9xaT69t6qP9,Land,Yenes Ríos Bonsano,Male,Indigenous Peoples,2021-02-14,Peru,Unknown,Americas,Murder,2021
recINRv1wAfuEzHrt,Land,Estela Casanto Mauricio,Female,Indigenous Peoples,2021-03-12,Peru,Unknown,Americas,Murder,2021
recSbTnplMhYIbjoD,Land,Lorenzo Caminti,Male,Indigenous Peoples,2020-07-20,Peru,Unknown,Americas,Murder,2020
recSFcxhlgwFMaQBE,Land,Mario Marco López Huanca,Male,Indigenous Peoples,2021-07-01,Peru,Unknown,Americas,Murder,2021
recyeBAd9VlU7SNat,Land,Lucio Pascual Yumanga,Male,Indigenous Peoples,2021-11-30,Peru,Organised crime / mafias,Americas,Disappearance,2021
recdmDdlOQdceKpFE,Land,Santiago Meléndez Dávila,Male,Indigenous Peoples,2021-08-09,Peru,Organised crime / mafias,Americas,Disappearance,2021
recO9Dx0IkanJ1Zv7,Land,Luis Tapia Meza,Male,Indigenous Peoples,2021-09-22,Peru,Organised crime / mafias,Americas,Disappearance,2021
recbyOOo5D47SkvoA,Mining & Extractives,Juan Julio Fernández Hanco,Male,Other,2022-03-20,Peru,Hitmen,Americas,Murder,2022
recyVk6QgdwtoixWM,Land,Ulises Rumiche Quintimari,Male,Indigenous Peoples,2022-04-19,Peru,Unknown,Americas,Murder,2022
recZfcSwSA8H0Wpop,Land,Genaro Comisario Bitap,Male,Indigenous Peoples,2022-08-02,Peru,Hitmen,Americas,Murder,2022
recFMcGJAVwdMzRxf,Land,Santiago Contoricón Antúnez,Male,Indigenous Peoples,2023-04-08,Peru,Organised crime / mafias,Americas,Murder,2023
recxxvgcdlqw2gw7T,Land,Cristino Melchor Flores,Male,Small-scale farmer,2023-02-06,Peru,Hitmen,Americas,Murder,2023
reciURbeE6PVrTY0C,Logging,Quinto Inuma Alvarado,Male,Indigenous Peoples,2023-11-29,Peru,Organised crime / mafias,Americas,Murder,2023
rec5sSzUGEzZtFqhM,Land,Benjamin Flores Ríos,Male,Indigenous Peoples,2023-12-17,Peru,Organised crime / mafias,Americas,Murder,2023
rec1x3GlNXTnNVCdo,Mining & Extractives,Victorio Dariquebe Gerewa,Male,Indigenous Peoples,2024-04-19,Peru,Organised crime / mafias,Americas,Murder,2024
recWApcqtzuD2jvG2,Land,Mariano Mucama Isacama Feliciano,Male,Indigenous Peoples,2024-06-21,Peru,Unknown,Americas,Murder,2024
recoRMoN14PkVeRtX,Mining & Extractives,Ricardo Kunchikui Shimpujat,Male,Indigenous Peoples,2024-07-03,Peru,Unknown,Americas,Murder,2024
rec9lfZ346z34OAMG,Land,Gerardo Keimari Enrique,Male,Indigenous Peoples,2024-10-07,Peru,Organised crime / mafias,Americas,Murder,2024
recdDgNlbatiISgp4,Other,Keith Davis,Male,Fishery observer,2015-09-10,United States of America,Unknown,Americas,Disappearance,2015
recleAqYJDuoAJcBx,Other,Manuel Esteban Paez Terán,Male,Demonstrators,2023-01-18,United States of America,Police,Americas,Murder,2023
rec7oLQZY3DYTfvIJ,Mining & Extractives,Sabino Romero Izarra,Male,Indigenous Peoples,2013-03-03,Venezuela,Unknown,Americas,Murder,2013
rec8Tp9qc6FuK0pQt,Mining & Extractives,Freddy Menare,Male,Indigenous Peoples,2017-05-12,Venezuela,Hitmen,Americas,Murder,2017
recoLuF2QRADvVHwZ,Land,Ramón Rosario,Male,Small-scale farmer,2018-08-01,Venezuela,Hitmen,Americas,Murder,2018
reclQgKvmcYVegHSw,Land,Orlando Reyes Parra,Male,Small-scale farmer,2018-08-02,Venezuela,Hitmen,Americas,Murder,2018
recbNGGYpyJGmFmOH,Land,Pedro Vielma,Male,Small-scale farmer,2018-08-02,Venezuela,Hitmen,Americas,Murder,2018
recycQJG6jsXlqiQx,Mining & Extractives,José Perera,Male,Indigenous Peoples,2019-11-22,Venezuela,Armed forces,Americas,Murder,2019
recw0e0RgFGjRlJrT,Mining & Extractives,Jeremy Muñoz,Male,Indigenous Peoples,2019-11-22,Venezuela,Armed forces,Americas,Murder,2019
recMZZ2y5leqIXX6j,Mining & Extractives,Edison Soto,Male,Indigenous Peoples,2019-11-22,Venezuela,Armed forces,Americas,Murder,2019
rec3WkCyHQL8NTvDp,Mining & Extractives,Luis Fernández,Male,Indigenous Peoples,2019-11-22,Venezuela,Armed forces,Americas,Murder,2019
recSv6CtVrJI6GaCg,Mining & Extractives,Richard Rodríguez,Male,Indigenous Peoples,2019-11-22,Venezuela,Armed forces,Americas,Murder,2019
rec65NRcKcgPArW19,Mining & Extractives,Leslie Basanta,Female,Indigenous Peoples,2019-11-22,Venezuela,Armed forces,Americas,Murder,2019
recJpxxNTojlRR9Kb,Mining & Extractives,Cristian Barrios,Male,Indigenous Peoples,2019-11-22,Venezuela,Armed forces,Americas,Murder,2019
recVTXUDL9tzxK5jH,Mining & Extractives,Cristóbal Barrios,Male,Indigenous Peoples,2019-11-22,Venezuela,Armed forces,Americas,Murder,2019
recQEDH82BQEn6GCW,Mining & Extractives,Nelson Martín Pérez Rodríguez,Male,Indigenous Peoples,2021-04-28,Venezuela,Organised crime / mafias,Americas,Murder,2021
rec7x4m0tdsSD2WST,Mining & Extractives,Wilmer José Castro,Male,Other,2021-04-28,Venezuela,Organised crime / mafias,Americas,Murder,2021
recQHdSbjreoHGnGm,Mining & Extractives,Miguel Antonio Rivas Morales,Male,Indigenous Peoples,2021-04-28,Venezuela,Organised crime / mafias,Americas,Murder,2021
recUaroEPUheVpHCi,Mining & Extractives,Carmen Lusdary Rondón,Female,Indigenous Peoples,2021-04-28,Venezuela,Organised crime / mafias,Americas,Murder,2021
receG72vzabjpIOc2,Mining & Extractives,Virgilio Trujillo Arana,Male,Indigenous Peoples,2022-06-30,Venezuela,Hitmen,Americas,Murder,2022
rec6lmjJoutUf219R,Land,Wilmer Rodríguez Pérez,Male,Indigenous Peoples,2022-07-19,Venezuela,Private military actors,Americas,Murder,2022
reciINL6eGzJomLqZ,Land,Divier Rodríguez Pérez,Male,Indigenous Peoples,2022-07-19,Venezuela,Private military actors,Americas,Murder,2022
recsQ1pok1T6pwKb3,Land,Jesús Dadure González,Male,Indigenous Peoples,2022-07-19,Venezuela,Private military actors,Americas,Murder,2022
rechQ5niLcRtbOYHB,Land,Carlos Bolívar Cedeño,Male,Small-scale farmer,2023-03-02,Venezuela,Hitmen,Americas,Murder,2023
recrwKv6BN9hZVtc2,Mining & Extractives,Joaquín Hernández,Male,Indigenous Peoples,2024-09-04,Venezuela,Other,Americas,Murder,2024
rec2FHovUYBJ6toMx,Land,José Luis Hernández Lobo,Male,Small-scale farmer,2025-02-02,Honduras,Organised crime / mafias,Americas,Murder,2025
rec7DnD7c3GWJ4XqZ,Land,Suyapa Guillén,Female,Small-scale farmer,2025-02-02,Honduras,Organised crime / mafias,Americas,Murder,2025
recPc3IXP0ZrlEgbx,Land,Cristino Castro Perea,Male,Indigenous Peoples,2025-02-28,Mexico,Unknown,Americas,Murder,2025
recpn83jipLaIP1ET,Mining & Extractives,Hipólito Quispe Huamán,Male,Small-scale farmer,2025-07-26,Peru,Unknown,Americas,Murder,2025
recQ5WL5g7SCczbhl,Land,Carmelo Guerrero Reyes,Male,Small-scale farmer,2025-01-16,Colombia,Organised crime / mafias,Americas,Murder,2025
recjQosMCuWF46m11,Other,Pedro  María  Ropero Delgado,Male,Small-scale farmer,2025-01-18,Colombia,Organised crime / mafias,Americas,Murder,2025
receNqllBXMcM7syH,Land,José Albeiro Liz Muchicón,Male,Indigenous Peoples,2025-01-27,Colombia,Organised crime / mafias,Americas,Murder,2025
recEOpDmGj4Sk4YPG,Land,James Tomás Guanga Quelal,Male,Indigenous Peoples,2025-02-02,Colombia,Organised crime / mafias,Americas,Murder,2025
rec6UicNhiB1RH9ra,Land,Leonairo Samir Montero Paz,Male,Indigenous Peoples,2025-02-09,Colombia,Organised crime / mafias,Americas,Murder,2025
rece2HjELhZQlzBH2,Land,Alberto Quitumbo Yatacué,Male,Indigenous Peoples,2025-02-10,Colombia,Organised crime / mafias,Americas,Murder,2025
rechcrN68xbZrpMBF,Land,Jacinto Chocué,Male,Indigenous Peoples,2025-02-18,Colombia,Unknown,Americas,Murder,2025
recObmk1XnkK5ap22,Land,Célimo Hurtado Bulgara,Male,Indigenous Peoples,2025-02-18,Colombia,Organised crime / mafias,Americas,Murder,2025
recvxwnnt8jpqBz8Q,Land,Edgar Tumiñá Gembuel,Male,Indigenous Peoples,2025-03-01,Colombia,Organised crime / mafias,Americas,Murder,2025
recD2F5Femp2QkvDz,Mining & Extractives,Jaime Alonso Gallego Gómez,Male,Other,2025-03-09,Colombia,Organised crime / mafias,Americas,Murder,2025
recFrmviwra6tMX5U,Land,Cristian Fernando Guanga,Male,Indigenous Peoples,2025-03-09,Colombia,Unknown,Americas,Murder,2025
recgM2fXh5Lo0VJRJ,Land,Wilmer Solarte Pascal,Male,Indigenous Peoples,2025-03-24,Colombia,Unknown,Americas,Murder,2025
rechrV5fiAVfO60vr,Land,Erik Anderson Menza Paví,Male,Indigenous Peoples,2025-04-12,Colombia,Organised crime / mafias,Americas,Murder,2025
recUxArr47wtI1OP9,Land,Luis Alberto Peña,Male,Small-scale farmer,2025-05-01,Colombia,Unknown,Americas,Murder,2025
recaZtHrAzdQ8TSRv,Land,Zuleima Mosquera Beltrán,Female,Small-scale farmer,2025-05-18,Colombia,Unknown,Americas,Murder,2025
recycqx5xZsl9l5K5,Land,Luis Aurelio Araujo Hernández,Male,Indigenous Peoples,2025-06-03,Colombia,Organised crime / mafias,Americas,Murder,2025
recLQcjwD9v1qmIIO,Land,Jesús Alveiro Chaves Quejuan,Male,Relatives of persons targeted for repression,2025-06-03,Colombia,Organised crime / mafias,Americas,Murder,2025
rec8xpmmF03yZD0oq,Land,Yackson Orlando Solarte Chunata,Male,Relatives of persons targeted for repression,2025-06-03,Colombia,Organised crime / mafias,Americas,Murder,2025
reciqgsnudnqNI4fV,Other,Willy David Pérez Quiroz,Male,Other,2025-07-19,Colombia,Unknown,Americas,Murder,2025
recGi1B5xrhIT1zJs,Land,Marcos Yonda Toconás,Male,Indigenous Peoples,2025-07-21,Colombia,Unknown,Americas,Murder,2025
recn4ikMiZT2Xto2g,Land,Luis Fernando Mayorga Rodríguez,Male,Small-scale farmer,2025-07-22,Colombia,Organised crime / mafias,Americas,Murder,2025
rec88WTZnDRjuW34T,Land,José Erlery Velasco Bolaños,Male,Small-scale farmer,2025-08-18,Colombia,Unknown,Americas,Murder,2025
recJ1CgsWMvNj3dsB,Land,Aida Damaris Flor Camayo,Female,Indigenous Peoples,2025-07-19,Colombia,Other,Americas,Murder,2025
recHGk2tOe0FqXI4m,Land,Marco Antonio Suárez Arroyave,Male,Small-scale farmer,2025-08-30,Colombia,Unknown,Americas,Murder,2025
recsuLeZrNb3fT0pN,Land,Germán Roso Aristizábal,Male,Small-scale farmer,2025-09-10,Colombia,Unknown,Americas,Murder,2025
rec2meDmjM6RtddHP,Other,Arnoldo Nicolás Romero,Male,Indigenous Peoples,2025-01-21,Mexico,Unknown,Americas,Murder,2025
recYDSyOfkEjzig7E,Land,Vicente Fernandes Vilhalva,Male,Indigenous Peoples,2025-11-16,Brazil,Unknown,Americas,Murder,2025
recQeMD3sDh09luwK,Land,Vitor Braz,Male,Indigenous Peoples,2025-03-10,Brazil,Landowners,Americas,Murder,2025
recGaEtnehOXKxevk,Mining & Extractives,Misael Mata Asencio,Male,Indigenous Peoples,2025-05-14,Guatemala,Unknown,Americas,Murder,2025
recj8DaUU2j3buA1X,Land,José Jacó Cosotle,Male,Small-scale farmer,2025-01-29,Brazil,Landowners,Americas,Murder,2025
recRMm2wZtVoriSur,Land,João Celestino Lima Filho,Male,Indigenous Peoples,2025-04-05,Brazil,Unknown,Americas,Murder,2025
recEFBQU6hstAvmWI,Land,Valdir do Nascimento de Jesus,Male,Small-scale farmer,2025-01-10,Brazil,Unknown,Americas,Murder,2025
recWoK7fNeufr1kvT,Land,Gleison Barbosa de Carvalho,Male,Small-scale farmer,2025-01-10,Brazil,Unknown,Americas,Murder,2025
recjZw76LD2fHpKus,Logging,Ronilson de Jesus Santos,Male,Small-scale farmer,2025-04-18,Brazil,Other,Americas,Murder,2025
recMZzjOxffipUY0n,Mining & Extractives,Víctor Manuel Colindres,Male,Other,2025-12-14,Guatemala,Unknown,Americas,Murder,2025
recczl9NgfnGjkJjz,Hydropower,Hanswer Adolfo Gómez Marroquín,Male,Other,2025-07-29,Guatemala,Police,Americas,Murder,2025
recvVm48AnAnJuufr,Hydropower,Abel Hernández Ramírez,Male,Other,2025-07-29,Guatemala,Police,Americas,Murder,2025
recurKTHqpZq8t3Sh,Land,Sebastião Orivaldo da Fonseca Lopes,Male,Small-scale farmer,2025-11-07,Brazil,Unknown,Americas,Murder,2025
recKHdie6fPtcCJei,Land,Marcelo Ortiz,Male,Indigenous Peoples,2025-03-22,Brazil,Unknown,Americas,Murder,2025
recRuUXZLmeDaNtxc,Hydropower,Marco Antonio Suástegui Muñoz,Male,Indigenous Peoples,2025-04-25,Mexico,Unknown,Americas,Murder,2025
recZGQd4plJPwbAdB,Other,José Luis Lucas Quirino,Male,Other,2025-02-06,Mexico,Hitmen,Americas,Murder,2025
recXAIuCDmOFu2zsa,Land,Cándido Essaú Román Pérez,Male,Lawyer,2025-11-03,Mexico,Hitmen,Americas,Murder,2025
recm1NxsIHe0bU9vg,Land,Sergio Hugo Ureiro Castañeda,Male,Other,2025-07-20,Mexico,Hitmen,Americas,Murder,2025
reccDh3NYU7BxXfMf,Logging,Francisco Macías Sánchez,Male,Indigenous Peoples,2025-07-02,Mexico,Organised crime / mafias,Americas,Murder,2025
recENAnAOD7YuoY2N,Logging,Silvia Hernández Meza,Female,Other,2025-01-13,Mexico,Unknown,Americas,Murder,2025
recfywyLBhPVgOVOn,Land,Marcos Aguilar Rojas,Male,Indigenous Peoples,2025-11-26,Mexico,Hitmen,Americas,Murder,2025
recg1Cd898PKK5FJj,Other,Karina Ruiz Ocampo,Female,Other,2025-05-03,Mexico,Unknown,Americas,Murder,2025
rec1i5I6atho08Vi3,Other,Guillermo Velasco,Male,Small-scale farmer,2025-10-27,Colombia,Hitmen,Americas,Murder,2025
recQKQkUZ2zcGH0nE,Land,Luis Eduardo Cisneros Gomez,Male,Indigenous Peoples,2025-11-09,Colombia,Hitmen,Americas,Murder,2025
reck2DGgmxW9aJRh8,Land,"Eduardo Campo Chá
",Male,Indigenous Peoples,2025-11-26,Colombia,Organised crime / mafias,Americas,Murder,2025
rec1gIHB9V4ZCTfg1,Land,Jairo Alberto Díaz Salazar,Male,Small-scale farmer,2025-12-22,Colombia,Private military actors,Americas,Murder,2025
recC9DaELc2qf9Lbu,Land,Clovis Aguirre,Male,Small-scale farmer,2025-02-17,Guatemala,Organised crime / mafias,Americas,Murder,2025
recsGqRNpYaDxrzkE,Agribusiness,Manuel Orellana,Male,Small-scale farmer,2025-03-12,Guatemala,Private security guards,Americas,Murder,2025
rec9AuXkUR0y16ECT,Agribusiness,Arelis López,Female,Small-scale farmer,2025-03-12,Guatemala,Private security guards,Americas,Murder,2025
recCO3hSwX6GpVlRv,Logging,Marco Antonio Zuleta Quevedo,Male,Park ranger,2025-05-09,Guatemala,Hitmen,Americas,Murder,2025
rec6sxpv19YTAoFUY,Logging,Juan Bautista Silva,Male,Other,2025-02-28,Honduras,Other,Americas,Murder,2025
recVQYr8c7AwVyvPR,Logging,Juan Antonio Silva,Male,Other,2025-02-28,Honduras,Other,Americas,Murder,2025
rec5C3aTQ4b1zW98Q,Land,Héctor Otoniel Hernández Castro,Male,Small-scale farmer,2025-07-26,Honduras,Organised crime / mafias,Americas,Murder,2025
reckBYI4XJeOjoMxG,Land,Josué Esaú Aguilar Cárcamo,Male,Small-scale farmer,2025-05-31,Honduras,Organised crime / mafias,Americas,Murder,2025
recwpKrGQ764qY4XY,Land,Ramón Rivas Baquedano,Male,Small-scale farmer,2025-07-17,Honduras,Corporations,Americas,Murder,2025
recMoS3EYSB4Fd66C,Land,Carlos Antonio Rivas Canales,Male,Small-scale farmer,2025-07-17,Honduras,Corporations,Americas,Murder,2025
recg8wA9u0D7FXQVG,Land,Arnulfo Díaz,Male,Small-scale farmer,2025-01-02,Honduras,Corporations,Americas,Murder,2025
recuvmdP9ejoJmR5K,Land,Josenir Vieira de Oliveira,Male,Small-scale farmer,2025-06-16,Brazil,Unknown,Americas,Murder,2025
recO5rduCqpuMu6Rt,Land,Álex Oliveira,Male,Relatives of persons targeted for repression,2025-06-16,Brazil,Unknown,Americas,Murder,2025
recS58EllLuV1CgCj,Land,Luciana Cristiano de Souza,Female,Relatives of persons targeted for repression,2025-06-16,Brazil,Unknown,Americas,Murder,2025
rec600xVeiFupNbWP,Land,Roger Alexis Castillo Fuentes,Male,Small-scale farmer,2025-12-12,Honduras,Organised crime / mafias,Americas,Murder,2025
reciFayQXrJe66mur,Land,Darli Lucía Arcia Anaya,Female,Small-scale farmer,2025-12-02,Colombia,Hitmen,Americas,Murder,2025
recj05BtsRa9tVTOH,Mining & Extractives,Denisse Ana García Solsol,Female,Other,2025-01-08,Peru,Hitmen,Americas,Murder,2025
recYYhxiW3lAtoERg,Land,Douglas Alexander Pereira,Male,Small-scale farmer,2025-05-13,Honduras,Organised crime / mafias,Americas,Murder,2025
recd9qQQhKlcX9Og3,Land,Francisco do Nascimento de Melo,Male,Small-scale farmer,2025-01-14,Brazil,Landowners,Americas,Murder,2025
recJtyWdZ4Gszd9xK,Land,Everton Lopes Rodrigues,Male,Indigenous Peoples,2025-07-12,Brazil,Organised crime / mafias,Americas,Murder,2025
recvDPWwFVkIZ2JE6,Land,Robinson dos Santos Guedes (Bob),Male,Other,2025-03-07,Brazil,Other,Americas,Murder,2025
recv6va9zX2BfoWLw,Land,Ernesto Esaú Muñoz Casamachín,Male,Small-scale farmer,2025-03-14,Colombia,Unknown,Americas,Murder,2025
recWbRAbCbaLP72T4,Land,Hernán Amaya Velásquez,Male,Indigenous Peoples,2025-02-21,Colombia,Unknown,Americas,Murder,2025
recNyC4WhMht6zVZ6,Land,Ednaldo Palheta da Cunha,Male,Small-scale farmer,2025-02-10,Brazil,Landowners,Americas,Murder,2025
recCfRILUpZirJVny,Land,Luz Heneida Hinestroza,Female,Afrodescendant,2025-10-13,Colombia,Organised crime / mafias,Americas,Murder,2025
recQzVYA90qdrDli5,Land,Juan Carlos Rodríguez Torres,Male,Small-scale farmer,2025-05-01,Colombia,Unknown,Americas,Murder,2025
recniKjZ590BoPzi3,Land,Astrid Viviana Ordoñez Arcos,Female,Other,2025-08-03,Colombia,Hitmen,Americas,Murder,2025
rec8gVbyMPFdThjv2,Land,Itarauí Santana de Souza,Male,Indigenous Peoples,2025-07-09,Brazil,Unknown,Americas,Murder,2025
recx8YoWqRnqDO2o1,Land,Gil do Monteiro dos Santos,Male,Indigenous Peoples,2025-07-09,Brazil,Unknown,Americas,Murder,2025
recKwskCTlgA37spB,Land,Gideone Sinfrônio de Menezes,Male,Small-scale farmer,2025-05-23,Brazil,Other,Americas,Murder,2025
recuDb19i35uu3yYJ,Land,Leandro Conceição da Silva,Male,Relatives of persons targeted for repression,2025-07-19,Brazil,Unknown,Americas,Murder,2025
recsPKC0f7b88LOhY,Land,Paulo Maciel Gonçalves dos Reis,Male,Small-scale farmer,2025-07-19,Brazil,Unknown,Americas,Murder,2025
recSOpCOhMgElYJZn,Land,Vanderley Cardoso Lopes,Male,Relatives of persons targeted for repression,2025-07-19,Brazil,Unknown,Americas,Murder,2025
recHy0yFRj8ulbSlt,Land,Alex Santos Santana,Male,Afrodescendant,2025-11-20,Brazil,Police,Americas,Murder,2025
rec4A3IthgqT3lyXT,Land,Alessandro Santos Santana,Male,Afrodescendant,2025-11-20,Brazil,Police,Americas,Murder,2025
rec8HGeBL90l557s5,Land,Raimundo Nonato de Souza Gomes,Male,Small-scale farmer,2025-08-08,Brazil,Police,Americas,Murder,2025
recFIPCC2SkDDAIjw,Land,Elias Camilo Lima,Male,Afrodescendant,2025-11-12,Brazil,Police,Americas,Murder,2025
recotMSJJrHbQ6y3n,Land,José Miguel Mojica Conchangui,Male,Indigenous Peoples,2025-12-26,Colombia,Organised crime / mafias,Americas,Murder,2025
recZGsoMgDh1qJAJu,Land,Julián Arenas,Male,Small-scale farmer,2025-11-17,Colombia,Unknown,Americas,Murder,2025
recMLwoivohhZkbtT,Land,Elizabeth Mojica Nieves,Female,Indigenous Peoples,2025-11-30,Colombia,Unknown,Americas,Murder,2025
recUlgqSicQMH8G91,Land,Ferley Perdomo Molina,Male,Small-scale farmer,2025-11-11,Colombia,Hitmen,Americas,Murder,2025
rec6MiDrZU0MicaYc,Other,José Alberto Guamán Izama,Male,Indigenous Peoples,2025-10-15,Ecuador,Police,Americas,Murder,2025
reciL75LgP2RPQYfl,Other,Efraín Fuérez,Male,Indigenous Peoples,2025-09-28,Ecuador,Armed forces,Americas,Murder,2025
rectzE5SrfINSHALI,Land,Jorge Humberto Jijón Montenegro,Male,Small-scale farmer,2025-10-27,Ecuador,Hitmen,Americas,Murder,2025
recy7ea4j5bWX8tyt,Logging,Benny Raúl Coquinche Vásquez,Male,Indigenous Peoples,2025-11-12,Peru,Corporations,Americas,Murder,2025
recusxLsNKPrDKmqN,Logging,Andy Raúl Coquinche Vásquez,Male,Indigenous Peoples,2025-11-12,Peru,Corporations,Americas,Murder,2025
recAYou2nhGHpcQ4g,Land,Abel Monroy,Male,Small-scale farmer,2025-08-01,Honduras,Organised crime / mafias,Americas,Murder,2025
rec72fDSS0mmChQ4J,Agribusiness,S.C.C.,Male,Indigenous Peoples,2025-09-10,Nicaragua,Other,Americas,Murder,2025
recJZhT2jJQ6R3Fiz,Agribusiness,D.M.C,Male,Indigenous Peoples,2025-09-25,Nicaragua,Police,Americas,Murder,2025
recQyonX6hr3gLl9L,Agribusiness,I.G.,Male,Indigenous Peoples,2025-02-17,Nicaragua,Other,Americas,Murder,2025
