id,industry_driver,name,gender,event_date,event_country,event_continent,act_type,year
recX3dxigUJx6cawV,Land,Celestina Jara,Female,2012-12-10,Argentina,Americas,Murder,2012
rectNwUnWnra6CrB7,Land,Rafael Nahuel,Male,2017-11-25,Argentina,Americas,Murder,2017
recGzhVTQVC6Vk4TD,Agribusiness,Miguel Galván,Male,2012-10-10,Argentina,Americas,Murder,2012
recSKV5PGSRCCqHCC,Land,Lila Coyipé,Female,2012-12-10,Argentina,Americas,Murder,2012
recblmJBV1RWYu1sp,Agribusiness,Santiago Maldonado,Male,2017-08-01,Argentina,Americas,Murder,2017
recG5JS5WOLkd0KCM,Agribusiness,Juan Carlos González,Male,2020-09-15,Argentina,Americas,Murder,2020
recPxGClUTBGciNUc,Land,Elías Garay,Male,2021-11-21,Argentina,Americas,Murder,2021
recBOI5i1AcYOQqlX,Agribusiness,Luis Antonio Martínez,Male,2024-04-05,Argentina,Americas,Murder,2024
recqk2Bjec07vc41y,Other,Glen Turner,Male,2014-07-29,Australia,Oceania,Murder,2014
recw9vXDeWDKh1VD1,Mining & Extractives,Anowarul Islam,Male,2016-04-04,Bangladesh,Asia,Murder,2016
recAv2Y7mhz1Kxg9u,Mining & Extractives,Mortuza Ali,Male,2016-04-04,Bangladesh,Asia,Murder,2016
recBLwYB2hGOFTDOd,Agribusiness,Shyamal Hembrom,Male,2016-11-06,Bangladesh,Asia,Murder,2016
recCfRe35fMjFJTS2,Mining & Extractives,Zaker Hossain,Male,2016-04-04,Bangladesh,Asia,Murder,2016
recIfs9aA76LcgRD2,Agribusiness,Mangal Mardi,Male,2016-11-06,Bangladesh,Asia,Murder,2016
rec4Yso5HJ3P0oX9w,Agribusiness,Ramesh Tudu,Male,2016-11-06,Bangladesh,Asia,Murder,2016
recdiFtnpWRaCpuXG,Mining & Extractives,Zager Ahmed,Male,2016-04-04,Bangladesh,Asia,Murder,2016
recCtQtbHzyQOHarn,Land,Ronald Aceituno Romero,Male,2019-09-28,Bolivia,Americas,Murder,2019
recuBii8CuqdO1zF3,Land,Lino Peña Vaca,Male,2021-07-05,Bolivia,Americas,Murder,2021
recT4N2kxjEghGoGn,Agribusiness,Geusivan Silva de Lima,Male,2012-07-31,Brazil,Americas,Murder,2012
recTlF5YudDLWUbCO,Land,Paulo Sérgio Santos,Male,2014-07-06,Brazil,Americas,Murder,2014
recTlP8RU8HywySv3,Land,Indigenous Yanomami 1,Male,2013-04-14,Brazil,Americas,Murder,2013
recTHpokyildPEKxC,Logging,Joel Martins Gavião Krenyê,Male,2016-04-21,Brazil,Americas,Murder,2016
recU100r9uNywXAUb,Land,Eraldo Moreira Luz,Male,2017-09-13,Brazil,Americas,Murder,2017
recUlTrvE4mVuQbrE,Agribusiness,Ozeir Rodrigues da Silva,Male,2017-05-24,Brazil,Americas,Murder,2017
recUJi2hmhy4QugnF,Land,João Fernandes da Silva,Male,2015-10-17,Brazil,Americas,Murder,2015
recUVhuvTwArczWae,Land,Maria da Lurdes Fernandes Silva,Female,2017-07-25,Brazil,Americas,Murder,2017
recVuFRaHZeQwPfeV,Land,Jailson de Jesus Santos,Male,2014-02-06,Brazil,Americas,Murder,2014
recVuxJkPE4VBS2XQ,Logging,Valmir Rangeu do Nascimento,Male,2017-04-19,Brazil,Americas,Murder,2017
recV4ndIvDiiR5bRv,Land,Lelo Akay Munduruku,Male,2012-06-23,Brazil,Americas,Murder,2012
recV6dx0B2ZllPpXs,Land,Manoel Índio Arruda,Male,2017-07-25,Brazil,Americas,Murder,2017
recV7ABNrDIabK6lM,Land,Anderson Mateus André dos Santos,Male,2015-11-22,Brazil,Americas,Murder,2015
recVlRFgmtt7y1HKS,Agribusiness,Regivaldo Pereira da Silva,Male,2017-05-24,Brazil,Americas,Murder,2017
recVTHhDYwuxZ2RZr,Logging,Fernando Gamela,Male,2016-04-07,Brazil,Americas,Murder,2016
recVTVClyuHvMj6x4,Land,Odair Ruiz,Male,2014-09-04,Brazil,Americas,Murder,2014
recWDIi7co0fVYLxl,Logging,Manoel Quintino da Silva Kaxarari,Male,2017-06-26,Brazil,Americas,Murder,2017
recXvZTMqnCNEedN2,Land,Leandro Soares de França Silva,Male,2013-01-06,Brazil,Americas,Murder,2013
recX4MJq8q2wpeO1F,Land,Maria das Dores dos Santos Salvador,Female,2015-08-12,Brazil,Americas,Murder,2015
recXh7gTPfWYwaNZE,Land,"Raimundo Alves Borges, ""Cabeça""",Male,2012-04-14,Brazil,Americas,Murder,2012
recXOYYtwr2IYkw9o,Land,José Aldenício da Silva,Male,2015-10-08,Brazil,Americas,Murder,2015
recXYTq8U5QMC1UEe,Agribusiness,Julia Venezuela Almeida Guarani Kaiowá,Female,2014-12-08,Brazil,Americas,Murder,2014
recYjsn3bQhVrTDzA,Land,Fabiana Pereira de Souza,Female,2012-12-31,Brazil,Americas,Murder,2012
recYkvrZNnuVk74LH,Logging,Leomar Bhorbak,Male,2016-04-07,Brazil,Americas,Murder,2016
recYBcxfFnDVZtlzh,Agribusiness,Genivaldo Braz do Nascimento,Male,2016-07-08,Brazil,Americas,Murder,2016
recYV8gStQc72WfHQ,Land,Raimundo Rodrigues da Silva,Male,2014-02-24,Brazil,Americas,Murder,2014
recZwv1VbNaYDcyC2,Land,Nilton Santos Nunes,Male,2012-03-23,Brazil,Americas,Murder,2012
recZ13cB3NsPWRnMY,Land,Pedro Bruno,Male,2012-04-02,Brazil,Americas,Murder,2012
recZp7aNxcrMsIaDs,Land,Aurino Santos Calazans,Male,2013-11-08,Brazil,Americas,Murder,2013
recZIPHhVMKnZv4Es,Mining & Extractives,Paulo Sérgio Almeida Nascimento,Male,2018-03-12,Brazil,Americas,Murder,2018
rec0wMBybJBesPP9h,Logging,Assis Guajajara,Male,2016-04-22,Brazil,Americas,Murder,2016
rec0yYiIPEpxpb7Qm,Mining & Extractives,Fernando Pereira,Male,2017-12-22,Brazil,Americas,Murder,2017
rec06GvmhOXS6A0z2,Land,Carlos Eduardo Cabral Francisco,Male,2014-02-22,Brazil,Americas,Murder,2014
rec0iWdN3AKpSqecA,Land,Aguinaldo Ribeiro Queiroz,Male,2014-09-17,Brazil,Americas,Murder,2014
rec0kbQOF2MzUaABT,Agribusiness,Clodiodi Aquileu Rodrigues de Souza,Male,2016-06-14,Brazil,Americas,Murder,2016
rec0mRZ6ee2WbLOD6,Land,João Pereira de Oliveira,Male,2016-04-15,Brazil,Americas,Murder,2016
rec0EfdlMKTtg26LO,Land,Antônio Carlos Biazini,Male,2012-11-30,Brazil,Americas,Murder,2012
rec0JyHXVZ8vy25qX,Land,Rubens Santiago do Nascimento,Male,2014-04-24,Brazil,Americas,Murder,2014
rec0LHrbrFsVhFlGX,Land,Silvino Nunes Gouveia,Male,2017-04-23,Brazil,Americas,Murder,2017
rec0ThxG3lhLOcvjG,Hydropower,Nilce de Souza Magalhães,Female,2016-01-07,Brazil,Americas,Murder,2016
rec0Uq16WxJ6PIacG,Land,Amauri Pereira Silva,Male,2017-08-06,Brazil,Americas,Murder,2017
rec0Wr06CUNYgpOWP,Land,Orlando Pereira Sales,Male,2012-11-29,Brazil,Americas,Murder,2012
rec1xGm0IOUQuX0ai,Land,Luis Antônio Bonfim,Male,2016-02-12,Brazil,Americas,Murder,2016
rec1P2afkDkuYMuPd,Land,Matheus Sousa Barros,Male,2015-02-17,Brazil,Americas,Murder,2015
rec1SNHUoo7UvrayC,Land,José Pontes da Silva,Male,2012-10-23,Brazil,Americas,Murder,2012
rec1VboANXOkj1uyA,Land,Waldomiro Costa Pereira,Male,2017-03-20,Brazil,Americas,Murder,2017
rec28obppVJ5299uH,Mining & Extractives,Jander Borges Farias,Male,2015-04-17,Brazil,Americas,Murder,2015
rec2mpPSYMiN17mT3,Logging,José Queiros Guajajara,Male,2016-09-23,Brazil,Americas,Murder,2016
rec20twwshXk2NFPb,Poaching,Edilson Pereira dos Santos,Male,2017-08-18,Brazil,Americas,Murder,2017
rectak1Fq71NNYO0h,Logging,José Caneta Gavião,Male,2017-03-03,Brazil,Americas,Murder,2017
rectgTvWxZRu3iShV,Logging,Candide Zaraky Tenetehar/Guajajara,Male,2016-07-28,Brazil,Americas,Murder,2016
rectWfUazCfH7RxEE,Land,Sebastião Pereira dos Santos,Male,2016-09-28,Brazil,Americas,Murder,2016
rect0H6iINMkvRtG0,Agribusiness,Edilene Mateus Porto,Female,2016-09-13,Brazil,Americas,Murder,2016
rect00N6JJf8ZLlqk,Land,João Natalício Xukuru-Kariri,Male,2016-10-11,Brazil,Americas,Murder,2016
recuz9eb0yt6V3Dm5,Land,Daniel Aciari,Male,2015-10-17,Brazil,Americas,Murder,2015
recu7hVxJhRwp77fI,Land,Luís Carlos da Silva,Male,2016-05-22,Brazil,Americas,Murder,2016
recu9JWEvJahDDryp,Land,Maria Paciência dos Santos,Female,2014-08-12,Brazil,Americas,Murder,2014
recupMxU7TerAFYLi,Land,Gilberto Tiago Brandão,Male,2012-02-25,Brazil,Americas,Murder,2012
recvt9UNDOzgcVoaU,Mining & Extractives,Adenilson Kirixi Munduruku,Male,2012-11-07,Brazil,Americas,Murder,2012
recvzLuBMxKktUqlY,Land,Reginaldo Alves Pereira,Male,2013-10-25,Brazil,Americas,Murder,2013
recvdkWJVrLRcTkBZ,Land,Valdir Pereira Silva,Male,2017-08-06,Brazil,Americas,Murder,2017
recvW6l1EihHab5HC,Land,Indigenous Yanomami 2,Male,2013-04-14,Brazil,Americas,Murder,2013
recwrLdk68q2VSXqB,Land,Carvalino Kaiowá,Male,2014-06-07,Brazil,Americas,Murder,2014
recwhIFhD1o5B8Xv8,Land,Luiz Jorge Araújo,Male,2016-08-05,Brazil,Americas,Murder,2016
recwjxdjnu54ivihI,Logging,Raimundo Nonato da Silva Chalub,Male,2012-11-21,Brazil,Americas,Murder,2012
recwDyjAPR1PHYzVW,Land,Maria José Amorim Silva Lima,Female,2014-07-10,Brazil,Americas,Murder,2014
recwIPpVuEvGTt4Vf,Land,João Pereira Sobrinho,Male,2015-10-17,Brazil,Americas,Murder,2015
recwWPKWs7J0qlAeo,Land,Valdemir Resplandes,Male,2018-01-09,Brazil,Americas,Murder,2018
recxAHG3WFXI5BCFQ,Land,Zilquenia Machado Queiroz,Female,2015-06-30,Brazil,Americas,Murder,2015
recy1PVszaX9l4exg,Agribusiness,Isaque Dias Ferreira,Male,2016-09-13,Brazil,Americas,Murder,2016
recylpAYB7yHDsEVr,Land,Maria Lúcia do Nascimento,Female,2014-08-13,Brazil,Americas,Murder,2014
recypnxuvb1KBnRQK,Land,Delson Mota,Male,2015-07-15,Brazil,Americas,Murder,2015
recyGB955xB00iJPb,Land,Lúcio Gonçalves dos Santos,Male,2014-12-18,Brazil,Americas,Murder,2014
reczusFxykXygpB8r,Land,Claudio Bezerra da Costa,Male,2015-10-31,Brazil,Americas,Murder,2015
recz96TLIXTZCbO43,Logging,João Oliveira da Silva Kaxarari,Male,2012-08-26,Brazil,Americas,Murder,2012
reczTiQaUpPJJCUZd,Land,Paulo César Cordoval Ferreira,Male,2013-05-09,Brazil,Americas,Murder,2013
reczWS3Y2IC6dz5tw,Land,Antônio Maciel,Male,2013-11-30,Brazil,Americas,Murder,2013
recA2Xz6naQpPKlyi,Land,Rosenilton de Almeida,Male,2017-07-07,Brazil,Americas,Murder,2017
recAGY83ZXpAvpZ3m,Land,Elivelton Castelo Nascimento,Male,2017-02-15,Brazil,Americas,Murder,2017
recAKhbGb526ze70t,Land,José Ribeiro dos Santos,Male,2013-02-14,Brazil,Americas,Murder,2013
recASnhwXSDqBEf5O,Land,Marinalva Manoel,Female,2014-11-01,Brazil,Americas,Murder,2014
recB6h11HY95cWB2Y,Logging,Edson Alves Antunes,Male,2017-04-19,Brazil,Americas,Murder,2017
recBfJOsEBWfMJh0S,Logging,Isaías Guajajara,Male,2016-04-19,Brazil,Americas,Murder,2016
recBU8cfywvx9AM3r,Logging,Marinalva Silva de Souza,Female,2017-12-14,Brazil,Americas,Disappearance,2017
recB0PGttMTZlfN1c,Land,Geraldo de Campos Bandeira,Male,2016-05-09,Brazil,Americas,Murder,2016
recCtaeVxtZwv5vzE,Land,Luís Alberto Araújo,Male,2016-10-13,Brazil,Americas,Murder,2016
recCEgDmZxMcsTkY2,Mining & Extractives,Almir Nogueira de Amorim Araújo,Male,2012-06-22,Brazil,Americas,Murder,2012
recCZX643jfSxvfBQ,Agribusiness,Nivaldo Batista Cordeiro,Male,2016-04-24,Brazil,Americas,Murder,2016
recD318RFBEwJ1QdN,Land,Raimundo Mota de Souza Junior,Male,2017-07-13,Brazil,Americas,Murder,2017
recD0BDdazsvozMKa,Unknown,Orestes Rodrigues de Castro,Male,2017-03-04,Brazil,Americas,Murder,2017
recEy3TmeRThJgYiU,Land,Ademilson Vieira dos Santos,Male,2013-11-08,Brazil,Americas,Murder,2013
recEzNbdlS3TPqfM0,Land,Gonçalo Araújo,Male,2014-01-17,Brazil,Americas,Murder,2014
recEhFNzhPYYTmzwK,Land,Gilmar Alves da Silva,Male,2015-05-03,Brazil,Americas,Murder,2015
recEG96JbuJh5KEnQ,Land,Ademir de Souza Pereira,Male,2017-07-06,Brazil,Americas,Murder,2017
recEUG6ZKRRU3hUoV,Logging,Artêmio Gusmão,Male,2014-07-04,Brazil,Americas,Murder,2014
recFkq92Ajl1xZPJC,Land,Marcos Pereira Silva,Male,2017-08-06,Brazil,Americas,Murder,2017
recFliogjeFCFbBpY,Logging,Aldo Aparecido Carlini,Male,2017-04-19,Brazil,Americas,Murder,2017
recFCkvIMSx0T8ZZx,Land,Clayton Luis dos Anjos Medeiros,Male,2013-06-20,Brazil,Americas,Murder,2013
recFKL1xF69WcNaZw,Land,Wilson Ambrósio da Silva,Male,2013-07-09,Brazil,Americas,Murder,2013
recFVxWpICMy1j9zn,Unknown,Paulo Sérgio Bento Oliveira,Male,2017-05-16,Brazil,Americas,Murder,2017
recGiAs1lnUQC0YFB,Agribusiness,Ruan Hildebran Aguiar,Male,2016-01-31,Brazil,Americas,Murder,2016
recGi1jifoEDl3Aw2,Logging,Alexsandro dos Santos Gomes,Male,2016-05-31,Brazil,Americas,Murder,2016
recGlvJFBxUoLqBqy,Land,Zé Sapo,Male,2016-03-31,Brazil,Americas,Murder,2016
recHxbFhIRKdXk6Uf,Land,Cleidiane Alves Teodoro,Female,2016-05-22,Brazil,Americas,Murder,2016
recH5TAJkvdDQoBss,Unknown,Renato Souza Benevides,Male,2017-03-04,Brazil,Americas,Murder,2017
recH68ZXWC6UBZx71,Land,Edvaldo Bispo de Santana,Male,2012-04-12,Brazil,Americas,Murder,2012
recHlSTHNyOosXZc3,Land,Dinhana Nink,Female,2012-03-31,Brazil,Americas,Murder,2012
recHV8t1zqumtIGCE,Land,Gildásio Bispo das Neves,Male,2017-08-06,Brazil,Americas,Murder,2017
recH0WjZbd4MHkq0c,Land,Ercias Martins de Paula,Male,2012-03-01,Brazil,Americas,Murder,2012
recI5Cv7jEysYrRZG,Agribusiness,Nazildo dos Santos Brito,Male,2018-04-15,Brazil,Americas,Murder,2018
recIbCuzp9b9KClRu,Land,Leidiane Souza Soares,Female,2015-02-17,Brazil,Americas,Murder,2015
recIppOY1WjGCZYvx,Land,José Carlos Alves de Almeida,Male,2012-12-31,Brazil,Americas,Murder,2012
recJx2FI6lY3rU3z6,Land,Antônio Ferreira Caetano,Male,2013-07-19,Brazil,Americas,Murder,2013
recJongJ281NWaqN0,Land,Samylla Letícia Souza Muniz,Female,2015-02-17,Brazil,Americas,Murder,2015
recJHblLkyDAVcbrM,Land,José Bezerra do Santos,Male,2015-10-17,Brazil,Americas,Murder,2015
recKAHWJulOtNDRm1,Land,Celso Rodrigues,Male,2013-06-12,Brazil,Americas,Murder,2013
recKFim6GrsTZm2fU,Land,Josimar Lima Silva,Male,2013-04-16,Brazil,Americas,Murder,2013
recKHbDM5ZU9mtemd,Land,Terezinha Nunes Meciano,Female,2015-11-22,Brazil,Americas,Murder,2015
recKQkzSxoC3N1YvG,Agribusiness,Ronaldo Pereira de Souza,Male,2017-05-24,Brazil,Americas,Murder,2017
recKRZaqVODLA7AXs,Land,Jesusmar Batista Farias,Male,2015-08-11,Brazil,Americas,Murder,2015
recKVz0L7kRb7oboM,Land,Márcio Matos,Male,2018-01-24,Brazil,Americas,Murder,2018
recL5CV1Pz7H5HzYb,Land,Mamede Gomes de Oliveira,Male,2012-12-23,Brazil,Americas,Murder,2012
recL81Bsd4fBRCz5K,Land,Marcus Vinicius de Oliveira,Male,2016-02-04,Brazil,Americas,Murder,2016
recL91ly0hPGNON9J,Logging,Daliameali Enawenê-Nawê,Male,2015-10-24,Brazil,Americas,Murder,2015
recLoPQlhRbASdlgQ,Unknown,Unnamed rural worker,Male,2015-07-06,Brazil,Americas,Murder,2015
recLHKzs32HksfqDj,Land,Gilmar dos Santos de Jesus,Male,2013-02-20,Brazil,Americas,Murder,2013
recMsnYTRhBiSZMpC,Agribusiness,Semião Vilhalva,Male,2015-08-29,Brazil,Americas,Murder,2015
recM4oqQyeDeCxiA3,Agribusiness,Abiair Amaral Gusmão,Male,2012-11-07,Brazil,Americas,Murder,2012
recM783vIjtTkuG2p,Land,Indigenous Yanomami 3,Male,2013-04-14,Brazil,Americas,Murder,2013
recMaSiGFGmXub3G3,Land,Valdair Roque,Male,2014-05-04,Brazil,Americas,Murder,2014
recMBXz4FB9htV6mm,Agribusiness,Francimar de Souza,Male,2015-12-11,Brazil,Americas,Murder,2015
recMOx6SEIJk0ggnQ,Land,Wesley Washington Sousa Barros,Male,2015-02-17,Brazil,Americas,Murder,2015
recNf9uvEvl6sFXTB,Land,Clestina Leonor Sales Nunes,Female,2012-03-23,Brazil,Americas,Murder,2012
recNh2MvWvbA4JfIi,Logging,"Edvaldo da Silva, ""Divaldinho""",Male,2012-01-16,Brazil,Americas,Murder,2012
recNXD6MNW5cpEx4z,Agribusiness,Allysson Henrique Lopes,Male,2016-01-31,Brazil,Americas,Murder,2016
recNXHR5uIQNXxxZo,Land,Indigenous Yanomami child,Unknown,2013-04-14,Brazil,Americas,Murder,2013
recOATrFnYxKBX7PO,Land,Edmilson Alves da Silva,Male,2016-01-22,Brazil,Americas,Murder,2016
recO80bAqOpQ3WwwE,Logging,Ireni da Silva Castro,Female,2014-08-16,Brazil,Americas,Murder,2014
recOf5CaV0CKL4WTf,Land,Etevaldo Soares Costa,Male,2017-05-04,Brazil,Americas,Murder,2017
recODZ9TdVlB47lwz,Logging,Jairo Feitosa Pereira,Male,2017-12-14,Brazil,Americas,Disappearance,2017
recOGkQLorm0vViPt,Land,"Dilson, ""Cipó""",Male,2013-09-03,Brazil,Americas,Murder,2013
recOH0A4y3KHVGLiJ,Land,Valdir Dias Ferreira,Male,2012-03-23,Brazil,Americas,Murder,2012
recOXG2GNQA0KQr0k,Land,João Ferreira dos Santos,Male,2017-10-14,Brazil,Americas,Murder,2017
recOYlNLfv23ZwWPn,Land,Edvaldo Rodrigues Ferreira,Male,2012-06-30,Brazil,Americas,Murder,2012
recPwBWaLdzGQj5yt,Agribusiness,Jane Julia de Oliveira,Female,2017-05-24,Brazil,Americas,Murder,2017
recPkBD00IpFHmVg0,Land,Paulo Justino Pereira,Male,2015-05-01,Brazil,Americas,Murder,2015
recPBT40aRRcsZl4p,Land,Luciano Ferreira de Andrade,Male,2016-08-18,Brazil,Americas,Murder,2016
recPYziEDfwUTKR7C,Logging,Gonzalo Alonso Hernandez,Male,2013-08-05,Brazil,Americas,Murder,2013
recQAQ2HHqvADEAMu,Land,Ronair José de Lima,Male,2016-08-04,Brazil,Americas,Murder,2016
recQ61CNEMidd9zqY,Land,Célio Tigre,Male,2012-08-15,Brazil,Americas,Murder,2012
recQdMRCoSnXtnp4R,Agribusiness,Weldson Pereira da Silva,Male,2017-05-24,Brazil,Americas,Murder,2017
recQqo7faL2MyXFYz,Land,Jair Cleber dos Santos,Male,2014-09-17,Brazil,Americas,Murder,2014
recRsFaCy93gEXC3N,Land,Claudino Pacheco Barreto,Male,2012-09-24,Brazil,Americas,Murder,2012
recRoe3Ry10JH31zI,Land,Geraldo Lucas,Male,2016-12-17,Brazil,Americas,Murder,2016
recREBLgzz3TwByAK,Land,Cloves de Souza Palma,Male,2015-06-30,Brazil,Americas,Murder,2015
recRE9fYNPUS3SgR4,Agribusiness,Denilson Quevedo Barbosa,Male,2013-02-17,Brazil,Americas,Murder,2013
recRG7rbYWoolWvFn,Logging,Valdomiro Lopes de Lorena,Male,2016-06-16,Brazil,Americas,Murder,2016
recSzj2ElKForotEm,Land,José Osvaldo Rodrigues de Sousa,Male,2015-06-14,Brazil,Americas,Murder,2015
recSgKniMLA0RoMv2,Land,Hercules Santos de Souza,Male,2015-10-10,Brazil,Americas,Murder,2015
recSMFsOz37isxsmE,Land,Indigenous Yanomami 4,Female,2013-04-14,Brazil,Americas,Murder,2013
recSMj6RcooEQlFEJ,Logging,Genésio Guajajara,Male,2016-04-11,Brazil,Americas,Murder,2016
recSWOGb0BEHUGYsx,Unknown,Xukuru-Kariri Damião Lima da Silva,Male,2017-03-08,Brazil,Americas,Murder,2017
rec3xMz8Zj7cOOjrk,Agribusiness,Nelson Souza Milhomem,Male,2017-05-24,Brazil,Americas,Murder,2017
rec3dpkVVhZB8WyIL,Logging,Vilmar Bordim,Male,2016-04-07,Brazil,Americas,Murder,2016
rec5tZdV7pfZlQaFx,Mining & Extractives,João Luiz Telles Penetra,Male,2012-06-22,Brazil,Americas,Murder,2012
rec5nU8ey1g6PC8iT,Other,Jaison Caique Sampaio,Male,2016-06-02,Brazil,Americas,Murder,2016
rec5CU1tTanVDBPav,Land,Francisca das Chagas Silva,Female,2016-02-01,Brazil,Americas,Murder,2016
rec5QXrMYMCs4e16k,Land,Francisnilson João Constante de Souza,Male,2012-07-15,Brazil,Americas,Murder,2012
rec6t4TA1y6NPi1KZ,Logging,Antônio Isídio Pereira da Silva,Male,2015-12-24,Brazil,Americas,Murder,2015
rec6aH1HMLpVsty9k,Logging,Iraúna Ka'apor,Female,2016-02-01,Brazil,Americas,Disappearance,2016
rec6eL9vsv15D9wmP,Logging,Samuel Antônio da Cunha,Male,2017-04-19,Brazil,Americas,Murder,2017
rec6ec3CWmEHkMr4o,Land,José Enedina,Male,2014-07-21,Brazil,Americas,Murder,2014
rec6i3Sm6Ztct33Uc,Logging,Josias Paulino de Castro,Male,2014-08-16,Brazil,Americas,Murder,2014
rec6JtmWB8mOvc4C3,Land,Maria do Carmo Moura Ferreira Araújo,Female,2014-01-17,Brazil,Americas,Murder,2014
rec6N0OF7mGiDxR6v,Land,Joais da Silva Rocha,Male,2012-11-30,Brazil,Americas,Murder,2012
rec6OIifqdmA9rs3V,Land,Flávio Gabriel Pacífico dos Santos,Male,2017-09-19,Brazil,Americas,Murder,2017
rec6Ofi79YcJlAmoN,Logging,José Colírio Oliveira Guajajara,Male,2016-11-26,Brazil,Americas,Murder,2016
rec6Vwbk6f1lA0Rgt,Logging,Flávio Lima de Souza,Male,2017-12-14,Brazil,Americas,Disappearance,2017
rec7IoYfz1F5Yocvm,Unknown,"Unnamed landless worker 1, Zona Rural de Monte Negro",Male,2015-05-11,Brazil,Americas,Murder,2015
rec7TS3acnK0NaLTx,Land,Kátia Martins,Female,2017-05-04,Brazil,Americas,Murder,2017
rec7T4RX1P18sxPOW,Logging,Francisco Chaves da Silva,Male,2017-04-19,Brazil,Americas,Murder,2017
rec8tz9BfVh0vEXMe,Unknown,"Unnamed landless worker 2, Zona Rural de Monte Negro",Male,2015-05-11,Brazil,Americas,Murder,2015
rec8RXLsoS3F5Xfsg,Agribusiness,Roberto Santos Araújo,Male,2017-02-01,Brazil,Americas,Murder,2017
rec9r07Srnx8aRAIp,Land,Antônio Tiningo,Male,2012-03-23,Brazil,Americas,Murder,2012
rec94fogSu2KlL0c7,Land,Jorge Matias da Silva,Male,2017-09-13,Brazil,Americas,Murder,2017
rec9JzOPCll7XPk9K,Land,Fábio Carlos da Silva Teixeira,Male,2015-05-12,Brazil,Americas,Murder,2015
rec9QQQQAuhhe8VEC,Land,José Lisboa,Male,2016-07-19,Brazil,Americas,Murder,2016
recaE7EXwpd7wrABG,Land,Rosivaldo Mesquita Sousa,Male,2013-09-28,Brazil,Americas,Murder,2013
recaUOiZhikCA1LuX,Agribusiness,Ivanildo Francisco da Silva,Male,2016-04-07,Brazil,Americas,Murder,2016
recbbazqCq1237Tbm,Land,Valdenir Juventino Izidoro,Male,2017-06-05,Brazil,Americas,Murder,2017
recbd4DC4w4gRWpeu,Logging,Wislen Gonçalves Barbosa,Male,2015-11-17,Brazil,Americas,Murder,2015
recboN1c8Ps33tw81,Agribusiness,Osvaldo Rodrigues Costa,Male,2015-11-06,Brazil,Americas,Murder,2015
recbqo3NSdUbvHQm3,Land,"José Barbosa da Silva, ""Zé Albino""",Male,2012-05-15,Brazil,Americas,Murder,2012
recbXO6EzxpCS1zsx,Hydropower,Daniel Vilanova Dias,Male,2015-05-18,Brazil,Americas,Murder,2015
recdiQZAhW0Lb4A35,Land,Eduardo Pereira dos Santos,Male,2018-06-21,Brazil,Americas,Disappearance,2018
recdmcY7aolxpBKc7,Land,Washington Miranda Muniz,Male,2015-02-17,Brazil,Americas,Murder,2015
recdDAaIHX5kDclVH,Agribusiness,José Antônio Dória dos Santos,Male,2015-01-27,Brazil,Americas,Murder,2015
recdHj1FtqRBuhpkS,Land,Luiz Viana Lima,Male,2016-11-26,Brazil,Americas,Murder,2016
recdSPHdMkp5o5VBz,Agribusiness,Antonio Pereira Milhomem,Male,2017-05-24,Brazil,Americas,Murder,2017
recdTgJhq6lT800LS,Land,Cícero Guedes dos Santos,Male,2013-01-25,Brazil,Americas,Murder,2013
recdYfFzdRCV3cMg4,Land,Roni dos Santos Miranda,Male,2016-02-01,Brazil,Americas,Murder,2016
recerUiRgip6Xo8RE,Agribusiness,Bruno Henrique Pereira Gomes,Male,2017-05-24,Brazil,Americas,Murder,2017
recejf0hguTbT78bO,Logging,Izaul Brito dos Santos,Male,2017-04-19,Brazil,Americas,Murder,2017
recelLXpns1dxEWNZ,Land,José Nunes da Cruz,Male,2015-10-27,Brazil,Americas,Murder,2015
receWbondTuvqIxMh,Agribusiness,Claudemir Ferreira da Silva,Male,2012-07-31,Brazil,Americas,Murder,2012
recfsG5w4pGzjZ8mZ,Logging,Sônia Vicente Cacau Gavião,Female,2017-03-03,Brazil,Americas,Murder,2017
recf7x6onYUu0Z2Eb,Land,Regina dos Santos Pinho,Female,2013-02-06,Brazil,Americas,Murder,2013
recfNyLAkhzuYpoig,Land,José Dias de Oliveira Lopes Guajajara,Male,2016-11-12,Brazil,Americas,Murder,2016
recfWWZmJ3qQyYdxV,Land,Francisco da Conceição Souza Guajajara,Male,2012-03-09,Brazil,Americas,Murder,2012
recg4hjpD82vbtblm,Land,Rodrigo Pereira de Freitas,Male,2014-07-09,Brazil,Americas,Murder,2014
recglECfl2GjTvydd,Land,Luís Carlos Silva,Male,2014-01-05,Brazil,Americas,Murder,2014
rechs72KdyX3uDmDa,Land,Adeilton Brito de Souza,Male,2017-08-06,Brazil,Americas,Murder,2017
rech8XSod1pQHpV4L,Land,Valdiro Chagas de Moura,Male,2016-01-23,Brazil,Americas,Murder,2016
rechaxiMYjIlS4tvr,Land,Dagner Lemes Pereira,Male,2015-10-17,Brazil,Americas,Murder,2015
rechNtGz3hbSbVf4l,Land,José Bernardo da Silva,Male,2016-04-23,Brazil,Americas,Murder,2016
recivEpiZkpPUk96r,Land,Gilzan Teixeira Lima,Male,2013-03-16,Brazil,Americas,Murder,2013
reciyhWTffCvckHQV,Land,Raimundo Pires Ferreira,Male,2015-06-30,Brazil,Americas,Murder,2015
reciDcyHwwxD5gaJA,Land,Júlio César Souza Muniz,Male,2015-02-17,Brazil,Americas,Murder,2015
reciLwMY7XqIUx9Xc,Logging,Ivan Tenharim,Male,2013-12-02,Brazil,Americas,Murder,2013
reciMc0sLEbsDcRz5,Land,Leônidas Fernandes da Silva,Male,2014-06-01,Brazil,Americas,Murder,2014
recjs9zYOsK4rYpLO,Agribusiness,Antônio de Cipriano,Male,2017-04-23,Brazil,Americas,Murder,2017
recjx2tCN0fb71Igv,Mining & Extractives,Odilon Barbosa do Nascimento,Male,2015-04-10,Brazil,Americas,Murder,2015
recj3vUEnPS3Y2Ujn,Hydropower,Leidiane Drosdroski Machado,Female,2015-05-18,Brazil,Americas,Murder,2015
recjkSgAqz9MSD5LA,Agribusiness,Josivani Amaral Gusmão,Male,2012-11-07,Brazil,Americas,Murder,2012
recjl3eWRYhnXot6K,Logging,Altamiro Lopes Ferreira,Male,2015-03-13,Brazil,Americas,Murder,2015
recjPz5bykGg8iYsQ,Logging,Maria Amélia Guajajara,Female,2012-04-28,Brazil,Americas,Murder,2012
reckCKZPrwtYGvNug,Land,Lindomar Fernandes Martins,Male,2017-07-16,Brazil,Americas,Murder,2017
reckSQmxZBkkGRWlI,Land,Katison de Souza,Male,2018-06-02,Brazil,Americas,Murder,2018
reckW90LHkHclvCfM,Land,Cosme Rosário da Conceição,Male,2017-08-06,Brazil,Americas,Murder,2017
recmDTfaAwoJoPlSq,Agribusiness,Jesser Batista Cordeiro,Male,2016-04-24,Brazil,Americas,Murder,2016
recmMP0pB7AvrGzMc,Agribusiness,Weclebson Pereira Milhomem,Male,2017-05-24,Brazil,Americas,Murder,2017
recmXKqy0tBRyz7m1,Land,Agenor Monteiro de Souza Júnior,Male,2013-11-08,Brazil,Americas,Murder,2013
recnxh10H5OIvhN3Q,Logging,Fábio Rodrigues dos Santos,Male,2017-04-19,Brazil,Americas,Murder,2017
recnzEJH6voPQSxjm,Land,Oziel Gabriel,Male,2013-05-30,Brazil,Americas,Murder,2013
recnbvdzo8WbkDZoU,Agribusiness,Hércules Santos de Oliveira,Male,2017-05-24,Brazil,Americas,Murder,2017
recnfL9YDa3SeQ7Ey,Land,Fábio dos Santos Silva,Male,2013-04-02,Brazil,Americas,Murder,2013
recng8TlMJ0UxVByj,Logging,Eusébio Ka’apor,Male,2015-04-26,Brazil,Americas,Murder,2015
recnoRznfpgh8BO5a,Land,Raimundo Silva,Male,2017-04-12,Brazil,Americas,Murder,2017
recno747ggi9zRz5V,Land,Edinaldo Alves Moreira,Male,2015-07-05,Brazil,Americas,Murder,2015
recowfM7DRsypKrei,Logging,Sebastião Ferreira de Souza,Male,2017-04-19,Brazil,Americas,Murder,2017
reco95BzcvmNYVSAJ,Logging,João Luiz de Maria Pereira,Male,2016-06-17,Brazil,Americas,Murder,2016
recodQn4I6oHjfgBa,Agribusiness,Ceará,Male,2017-01-29,Brazil,Americas,Murder,2017
recpbWL0jviUpsefT,Logging,Hugo Rabelo Leite,Male,2017-12-07,Brazil,Americas,Murder,2017
recpdCSiPb77iPFYp,Land,Enilson Ribeiro dos Santos,Male,2016-01-23,Brazil,Americas,Murder,2016
recpjEnXDof5p1iPh,Land,Luís dos Santos Santana,Male,2014-04-26,Brazil,Americas,Murder,2014
recpnDB7GEd7h2Oi5,Agribusiness,Lucas da Costa Silva,Male,2015-12-31,Brazil,Americas,Murder,2015
recpUmMCDfF1Aun1S,Land,Margarido,Male,2013-12-13,Brazil,Americas,Murder,2013
recqwVUXlbPPNIIoP,Logging,Raimundo dos Santos Rodrigues,Male,2015-08-25,Brazil,Americas,Murder,2015
recqzeTbUcb3y81kl,Land,Félix Leite dos Santos,Male,2014-07-18,Brazil,Americas,Murder,2014
recq2gt8OjQERc9wv,Land,Renato Nathan Gonçalves Pereira,Male,2012-04-09,Brazil,Americas,Murder,2012
recqNiyub1npSVUvx,Logging,Ezequias Santos de Oliveira,Male,2017-04-19,Brazil,Americas,Murder,2017
recqRvWSXGCE0apeJ,Land,Cleomar Rodrigues,Male,2014-10-22,Brazil,Americas,Murder,2014
recrr3nvF9HLPC6OO,Land,João Miranda,Male,2015-05-15,Brazil,Americas,Murder,2015
recryCedjDENP9dsg,Land,Adenilson da Silva Nascimento,Male,2015-05-01,Brazil,Americas,Murder,2015
recrlYThcUiSkcygb,Land,Luiz Alves de Campos,Male,2014-08-23,Brazil,Americas,Murder,2014
recrpeBZsdWGjqHDS,Land,Machado,Male,2013-04-26,Brazil,Americas,Murder,2013
recs9W3NEev3I49kp,Logging,Aponuyre Guajajara,Male,2016-03-26,Brazil,Americas,Murder,2016
recsFiHV9f95VxbjB,Land,Bernardino Dávila,Male,2013-11-23,Brazil,Americas,Murder,2013
reczjm4j5ntHSIkpm,Other,Haroldo Betcel,Male,2018-09-29,Brazil,Americas,Murder,2018
recAHuJOppRcNv0cF,Land,Carlos Antônio dos Santos,Male,2018-02-07,Brazil,Americas,Murder,2018
rec5HMT3Riw5H6NKg,Land,Joacir Fran Alves da Mota,Male,2018-03-06,Brazil,Americas,Murder,2018
rec4l7hUn3K1qdUdp,Land,Gazimiro Sena Pacheco,Male,2018-01-09,Brazil,Americas,Murder,2018
recAlJBFeB6kUXPeI,Logging,Leoci Resplandes de Sousa,Male,2018-06-03,Brazil,Americas,Murder,2018
recmwW9lAOFXkZlo6,Land,Lucas de Lima Batista,Male,2018-07-08,Brazil,Americas,Murder,2018
recdKg7TkVmo0IX3H,Land,Ismauro Fatimo dos Santos,Male,2018-07-22,Brazil,Americas,Murder,2018
rece8CDq1R7brnFmG,Land,Edemar Rodrigues da Silva,Male,2018-04-03,Brazil,Americas,Murder,2018
recLLVGo6H5E0beno,Logging,Jorginho Guajajara,Male,2018-08-12,Brazil,Americas,Murder,2018
recI4O4JBC3bVPXPK,Land,Juvenil Martins Rodrigues,Male,2018-08-01,Brazil,Americas,Murder,2018
recAAJbSVlVtkxeXx,Land,Aluísio Sampaio dos Santos,Male,2018-10-11,Brazil,Americas,Murder,2018
recteGfHVy55lwHHC,Unknown,José Bernardo da Silva,Male,2018-12-08,Brazil,Americas,Murder,2018
recsHXgsBzto6x4iU,Unknown,Rodrigo Celestino,Male,2018-12-08,Brazil,Americas,Murder,2018
recX2ktLYQ2b4QJPB,Unknown,Gilson Maria Temponi,Male,2018-12-15,Brazil,Americas,Murder,2018
reclzUpLWGPrrYjfq,Mining & Extractives,Rosane Santiago Silveira,Female,2019-01-29,Brazil,Americas,Murder,2019
recfDk8tQJvz3AGh0,Mining & Extractives,Emyra Waiãpi,Male,2019-07-22,Brazil,Americas,Murder,2019
rec9f5urATy84Lyq0,Hydropower,Dilma Ferreira Silva,Female,2019-03-22,Brazil,Americas,Murder,2019
recpReP7N9KE1eRLt,Hydropower,Claudionor Costa da Silva,Male,2019-03-22,Brazil,Americas,Murder,2019
recl7kyoyle0uDagy,Hydropower,Milton Lopes,Male,2019-03-22,Brazil,Americas,Murder,2019
recCQV2FNOKREOib7,Logging,Maxciel Pereira dos Santos,Male,2019-09-06,Brazil,Americas,Murder,2019
recwQRXKhMWrwSb4z,Logging,Paulo Paulino Guajajara,Male,2019-11-01,Brazil,Americas,Murder,2019
recvvDxkhEPr6xcl5,Logging,Firmino Guajajara,Male,2019-12-07,Brazil,Americas,Murder,2019
recJRmqjuD6UZfJsM,Land,Romildo Martins Ramires,Male,2019-07-29,Brazil,Americas,Murder,2019
recs6n0NbvFPRuinC,Land,Willames Machado Alencar,Male,2019-06-13,Brazil,Americas,Murder,2019
recvr1GyvNyn3jmih,Land,Carlos Alberto Oliveira de Souza,Male,2019-08-06,Brazil,Americas,Murder,2019
reclbMjgTE2aB1F6D,Land,Francisco de Souza Pereira,Male,2019-02-27,Brazil,Americas,Murder,2019
recCnHAfE2bWXE56S,Agribusiness,Nemis Machado de Oliveira,Male,2019-03-30,Brazil,Americas,Murder,2019
recAj6tlSei2BPAkP,Land,Elizeu Queres de Jesus,Male,2019-01-05,Brazil,Americas,Murder,2019
rec1XU9oGCoXF6RS7,Mining & Extractives,Edmar Valdinei Rodrigues Branco,Male,2019-04-19,Brazil,Americas,Murder,2019
recRMiDzrFmzOWdRc,Land,Alexandre Coelho Furtado Neto,Male,2019-10-19,Brazil,Americas,Murder,2019
rec7dKPItsEDzOLrN,Land,Aluciano Ferreira dos Santos,Male,2019-06-05,Brazil,Americas,Murder,2019
rec2bGUXDorQXSXFL,Land,Gustavo José Simoura,Male,2019-01-11,Brazil,Americas,Murder,2019
recW1gi0ACiUuzbwA,Land,José Araújo dos Santos,Male,2019-09-26,Brazil,Americas,Murder,2019
rec87103AS2Urjfif,Land,Celino Fernandes,Male,2020-01-05,Brazil,Americas,Murder,2020
recwGNVJbDsc5bQ9w,Land,Wanderson de Jesus Rodrigues Fernandes,Male,2020-01-05,Brazil,Americas,Murder,2020
rec3xUzv4YrZlOzdo,Agribusiness,Marcio Rodrigues dos Reis,Male,2019-12-04,Brazil,Americas,Murder,2019
recYbOzM4kraZ67j4,Agribusiness,Demilson Ovelar Mendes,Male,2019-11-14,Brazil,Americas,Murder,2019
recKWhjt39DxG8kIX,Land,Francisco Sales Costa de Sousa,Male,2019-12-18,Brazil,Americas,Murder,2019
rec4qbeUrbjiIoldD,Logging,Zezico Rodrigues Guajajara,Male,2020-03-31,Brazil,Americas,Murder,2020
recA3fsx66qNShfJs,Logging,Raimundo Benício Guajajara,Male,2019-12-07,Brazil,Americas,Murder,2019
recGMWRm7Ij8Hl9zC,Land,Marciano dos Santos Fosalusa,Male,2019-02-20,Brazil,Americas,Murder,2019
recqXy2XpiKUsm3q9,Logging,Ari Uru-Eu-Wau-Wau,Male,2020-04-18,Brazil,Americas,Murder,2020
recarpg0WSINd73el,Mining & Extractives,Damião Cristino de Carvalho Junior,Male,2020-05-02,Brazil,Americas,Murder,2020
recv0RfKYkDGXzcWd,Mining & Extractives,Original Yanomami,Male,2020-06-12,Brazil,Americas,Murder,2020
rec0Ux8tIH3WaOeRe,Mining & Extractives,Marcos Yanomami,Male,2020-06-12,Brazil,Americas,Murder,2020
recI8TpEa1UN2g4IE,Land,Virgínio Tupa Rero Jevy Benites,Male,2020-03-08,Brazil,Americas,Murder,2020
recpjBjEC1MsHNWqh,Land,Raimundo Paulino da Silva Filho,Male,2020-02-22,Brazil,Americas,Murder,2020
recJt1HdaIY3E9wrK,Land,Fernando dos Santos Araújo,Male,2021-01-26,Brazil,Americas,Murder,2021
recncoUFGddbhZcQr,Agribusiness,Carlos Augusto Gomes,Male,2020-07-08,Brazil,Americas,Murder,2020
reccVFjugw6kmDuIq,Logging,Kwaxipuru Kaapor,Male,2020-08-03,Brazil,Americas,Murder,2020
rec71wPZgTNdV5Sv1,Land,Fernando Ferreira da Rocha,Male,2020-02-18,Brazil,Americas,Murder,2020
rec3jTIBeVAGh8pbI,Hydropower,Josimar Moraes Lopes,Male,2020-08-07,Brazil,Americas,Murder,2020
recUCskLcpMmD4P68,Hydropower,Josivan Moraes Lopes,Male,2020-08-07,Brazil,Americas,Disappearance,2020
rec6Iz49Xz60Q9Usj,Hydropower,Mateus Cristiano Araújo,Male,2020-08-09,Brazil,Americas,Murder,2020
recwcLVGNfoPGSOt5,Hydropower,Anderson Barbosa Monteiro,Male,2020-08-09,Brazil,Americas,Murder,2020
recoFOguvq2kWZm7L,Hydropower,Vanderlânia de Souza Araújo,Female,2020-08-09,Brazil,Americas,Murder,2020
reck16AfC2CVMwJyd,Land,Antônio Correia dos Santos,Male,2020-05-08,Brazil,Americas,Murder,2020
recSyydmHzQ75RDAH,Land,Claudomir Bezerra de Freitas,Male,2020-10-26,Brazil,Americas,Murder,2020
rec14YSaBhg96Fhiq,Land,Raimundo Nonato Batista Costa,Male,2020-08-15,Brazil,Americas,Murder,2020
recNpBGg2daNQUUgR,Land,Alex Barros Santos da Silva,Male,2021-09-23,Brazil,Americas,Murder,2021
recal2BWRZaBZaDAi,Land,Isac Tembé,Male,2021-02-12,Brazil,Americas,Murder,2021
rechzRskXWAOiGlUu,Land,Reginaldo Alves Barros,Male,2021-06-18,Brazil,Americas,Murder,2021
recgmI4883Ok9xzQh,Land,Maria da Luz Benício de Sousa,Female,2021-06-18,Brazil,Americas,Murder,2021
recQwmLIkzpA8Tpgw,Land,José do Carmo Corrêa Júnior,Male,2021-11-12,Brazil,Americas,Murder,2021
reco2FvAHezoUlhZF,Land,Maria José Rodrigues,Female,2021-11-12,Brazil,Americas,Murder,2021
recUChoX3XJYBkNKM,Land,Sidinei Floriano Da Silva,Male,2021-11-16,Brazil,Americas,Murder,2021
recDxRzbgtI8AyYag,Land,Antônio Gonçalves Diniz,Male,2021-07-02,Brazil,Americas,Murder,2021
recG8rRobhdTFbQeV,Land,João de Deus Moreira Rodrigues,Male,2021-10-29,Brazil,Americas,Murder,2021
rech7pHluHoktD75T,Agribusiness,Kevin Fernando Holanda de Souza,Male,2021-08-13,Brazil,Americas,Murder,2021
reciGWBCSoyFZ9ea5,Agribusiness,Amaral José Stoco Rodrigues,Male,2021-08-13,Brazil,Americas,Murder,2021
recEVVmy3q99jveBV,Agribusiness,Amarildo Aparecido Rodrigues,Male,2021-08-13,Brazil,Americas,Murder,2021
recsSEb1vH1Xc8eUa,Land,Getúlio Coutinho dos Santos,Male,2021-08-06,Brazil,Americas,Murder,2021
recl0YapCOJDlpCVm,Land,Roberto Muniz Campista,Male,2021-10-16,Brazil,Americas,Murder,2021
recWf2mSQ66pP5yce,Land,José Gomes,Male,2022-01-09,Brazil,Americas,Murder,2022
recHiyu3okkrPR5a6,Land,Márcia Nunes Lisboa,Female,2022-01-09,Brazil,Americas,Murder,2022
recor11S8SOX2JMKF,Land,Joane Nunes Lisboa,Female,2022-01-09,Brazil,Americas,Murder,2022
recmwKbYAS5eTlWRx,Land,Eliseu Pedroso,Male,2021-11-15,Brazil,Americas,Murder,2021
recDNtt2okdNC8yX8,Land,Rafael Gasparini Tedesco,Male,2021-10-29,Brazil,Americas,Murder,2021
reck11TEBVn4uIpoi,Land,José Francisco de Souza Araújo,Male,2021-07-11,Brazil,Americas,Murder,2021
recTDHNonfMdvoJmd,Land,Wagner Romão da Silva,Male,2021-08-07,Brazil,Americas,Murder,2021
rec0x96GvMOkGmLr8,Land,José Vane Guajajara,Male,2021-11-17,Brazil,Americas,Murder,2021
recPNlEhcatlvqr3r,Agribusiness,F.S.S.,Male,2021-01-07,Brazil,Americas,Murder,2021
rec1CxCERYrG3frwU,Land,Aldenir dos Santos Macedo,Male,2021-11-20,Brazil,Americas,Murder,2021
recOHziG8Hm7qEF0c,Land,Marcelo Chaves Ferreira,Male,2021-09-23,Brazil,Americas,Murder,2021
recVoLgtBkPFzRyFc,Land,Ângelo Venicius Henrique Mozer,Male,2021-09-23,Brazil,Americas,Murder,2021
rec2wZSSSIrGR6A3T,Land,Roberto Pereira da Silva Pandolfe,Male,2021-04-27,Brazil,Americas,Murder,2021
reca3Ti4QsWcbSUpv,Land,Jerlei,Male,2021-04-15,Brazil,Americas,Murder,2021
recoYiS9aHktJsAa0,Land,Dom Phillips,Male,2022-06-05,Brazil,Americas,Murder,2022
recqofcYJDL4BSMge,Land,Bruno Pereira,Male,2022-06-05,Brazil,Americas,Murder,2022
recLRTse7Dzr4wTsC,Logging,Janildo Oliveira Guajajara,Male,2022-09-03,Brazil,Americas,Murder,2022
recHQOyTMx13hce1X,Land,Vitor Fernandes,Male,2022-06-24,Brazil,Americas,Murder,2022
recDn6VWppHIhaNAb,Land,Jonatas de Oliveira dos Santos,Male,2022-02-10,Brazil,Americas,Murder,2022
recGWrWYPseaSABkG,Land,Maria Aristides da Silva,Female,2022-02-08,Brazil,Americas,Murder,2022
recciOZdWNc5j931j,Land,Sebastião David Pereira,Male,2022-02-08,Brazil,Americas,Murder,2022
recEdfHYwsRhdrmzs,Land,Gustavo Silva da Conceição,Male,2022-09-04,Brazil,Americas,Murder,2022
rec2PfrCnvTld7BtN,Agribusiness,José Lopes Rodrigues,Male,2022-01-08,Brazil,Americas,Murder,2022
rec9oh9NpBi6yDuhM,Land,Edvaldo Pereira Rocha,Male,2022-04-29,Brazil,Americas,Murder,2022
recHuPsR5VnXD26bh,Land,Márcio Moreira,Male,2022-07-14,Brazil,Americas,Murder,2022
recWVoaLwfhgZeZo0,Land,Alex Recarte Vasques Lopes,Male,2022-05-21,Brazil,Americas,Murder,2022
rec41TFPHa2uAnOuA,Land,Ilma Rodrigues dos Santos,Female,2022-02-17,Brazil,Americas,Murder,2022
recEg7TmLrVjObCYR,Land,Edson Lima Rodrigues,Male,2022-02-17,Brazil,Americas,Murder,2022
recFtGSuOpQbLwVm1,Land,Wesley Flávio da Silva,Male,2022-06-17,Brazil,Americas,Murder,2022
recde1m6dFbRPcG67,Land,Normandes Mariano Barbosa,Male,2022-08-11,Brazil,Americas,Murder,2022
rec62bFF2I1oHZNMz,Land,Jheilson Batista Pecla Cordeiro,Male,2022-08-11,Brazil,Americas,Murder,2022
reck6JoqZrzTGLZLp,Land,Arcelino Soares de Souza,Male,2022-02-15,Brazil,Americas,Murder,2022
recpHlbUwZD5IguwA,Land,Rafael Bini,Male,2022-02-15,Brazil,Americas,Murder,2022
recEmn3KXv5Yw5eFC,Land,Moacir de Jesus dos Santos Correia,Male,2022-06-27,Brazil,Americas,Murder,2022
recseajjqnRqglU3g,Land,Vitorino Sanches,Male,2022-09-13,Brazil,Americas,Murder,2022
rec8RFaMvSI0UE8Te,Land,Josias Vicente Mafra,Male,2022-03-11,Brazil,Americas,Murder,2022
rec7e7NiguhxsSDa7,Land,Eliseu Santos Cardoso,Male,2022-02-03,Brazil,Americas,Murder,2022
recei2SYnypVSO9ot,Land,Raimundo Nonato Silva Oliveira,Male,2022-12-13,Brazil,Americas,Murder,2022
rec2H1yGyRVyU2dSI,Land,Estela Verá Guarani,Female,2022-11-15,Brazil,Americas,Murder,2022
recX7QEmvxMnPHlas,Agribusiness,Clebson Barra Portilho,Male,2022-09-24,Brazil,Americas,Murder,2022
recvrWEcxNNY6EyXK,Land,Elias Penha Gibson,Male,2022-01-23,Brazil,Americas,Murder,2022
recpEFpmZgRd5tORy,Land,Gedeão Dias de Oliveira,Male,2022-01-23,Brazil,Americas,Murder,2022
recJ1kJ1DkHZBdtJU,Land,Jeferson Nunes de Souza,Male,2022-01-13,Brazil,Americas,Murder,2022
recCthwt3YVGyChQD,Land,Ana Yanomami Xexana,Female,2022-04-11,Brazil,Americas,Murder,2022
recrtRLtZpAIIC6rb,Land,Cleomar Xirixana,Male,2022-10-02,Brazil,Americas,Murder,2022
recwgwkDSoUKtVYoA,Land,Sebastiana Galton,Female,2023-09-18,Brazil,Americas,Murder,2023
recApHS94imcgehdR,Land,Rufino Velasque,Male,2023-09-18,Brazil,Americas,Murder,2023
recwzW9WYfhkf8uAI,Land,Maria Bernadette Pacífico,Female,2023-08-17,Brazil,Americas,Murder,2023
recUnjSz8ZlnkzRS5,Land,Valdemar Marciano Guajajara,Male,2023-01-28,Brazil,Americas,Murder,2023
recxO6cXLOORxJeok,Land,Raimundo Ribeiro da Silva,Male,2023-01-31,Brazil,Americas,Murder,2023
recCdBaBZ4tTh3k6z,Land,Lindomar Dias de Souza,Male,2023-04-10,Brazil,Americas,Murder,2023
recKzzTIv7RvNW7QG,Land,Ana Paula Costa Silva,Female,2023-11-11,Brazil,Americas,Murder,2023
rec34WWEJyXPMFgY5,Land,Aldecy Vitunno Barros,Male,2023-11-11,Brazil,Americas,Murder,2023
recOFpFjSYL8HP8Ux,Agribusiness,Agnaldo da Silva Paz,Male,2023-11-10,Brazil,Americas,Murder,2023
recydCfstpynThqhU,Mining & Extractives,Ilson Xiriana,Male,2023-04-29,Brazil,Americas,Murder,2023
recLkUjONoeISiD1i,Mining & Extractives,Venâncio Xiriana,Male,2023-04-29,Brazil,Americas,Murder,2023
recPuerghOTlQHy7X,Land,Samuel Cristiano do Amor Divino,Male,2023-01-17,Brazil,Americas,Murder,2023
recGauVdwCh1ZZEcu,Land,Nauí Brito de Jesus,Male,2023-01-17,Brazil,Americas,Murder,2023
recMd1izHmdi27TeB,Land,José Alberto Moreno Mendes,Male,2023-10-27,Brazil,Americas,Murder,2023
recrNynmCsWEyzOoS,Land,Josimar da Silva Pereira,Male,2023-11-05,Brazil,Americas,Murder,2023
recr6AF9prRkx94mu,Land,José Carlos dos Santos,Male,2023-10-14,Brazil,Americas,Murder,2023
recRnYtDyTXCYpFVu,Mining & Extractives,Angelita Prororita Yanomami,Female,2023-05-01,Brazil,Americas,Murder,2023
recGAxWAivwSuk8fc,Land,Cleide Silva Dalla Libera,Female,2023-08-03,Brazil,Americas,Murder,2023
recSeDppc8xTKyh3r,Land,Abalau Lacheski da Cruz,Male,2023-08-03,Brazil,Americas,Murder,2023
recegVjU9ZjCus4jY,Land,Lucas Santos de Oliveira,Male,2023-12-21,Brazil,Americas,Murder,2023
recwQyz15G4Aguzi6,Land,Gilson Silva da Rosa,Male,2023-03-12,Brazil,Americas,Murder,2023
rec6G7Ed7LlZ1fYmb,Land,José Inácio Guajajara,Male,2023-01-24,Brazil,Americas,Murder,2023
recjq54uqhBRtLskT,Land,Luis Fernando de Jesus Santana,Male,2023-02-18,Brazil,Americas,Murder,2023
rec9LdrjjVzG6JNbi,Agribusiness,Paola Rodrigues,Female,2023-12-04,Brazil,Americas,Murder,2023
recAvberKD8dMWnq8,Mining & Extractives,Yanomami child,Unknown,2023-07-03,Brazil,Americas,Murder,2023
recfFoDQJSsHMq8np,Land,Maria Fátima Muniz de Andrade,Female,2024-01-21,Brazil,Americas,Murder,2024
recxZF2kJoZ5pTUSe,Agribusiness,Neri Ramos da Silva,Male,2024-09-18,Brazil,Americas,Murder,2024
recCBHwMDQ2csCAdO,Land,Hariel Paliano,Male,2024-04-27,Brazil,Americas,Murder,2024
recr3pvEgWuQEIOPR,Land,Cícero Rodrigues de Lima,Male,2024-06-03,Brazil,Americas,Murder,2024
reco53asUhZ1EfGH8,Agribusiness,Sidiney de Oliveira Silva,Male,2024-06-15,Brazil,Americas,Murder,2024
reclhg23qJv6oBe0t,Land,Adão Rodrigues de Sousa,Male,2024-10-11,Brazil,Americas,Murder,2024
recAkB42fbQGCDqtY,Land,Edson Silva e Silva,Male,2024-10-11,Brazil,Americas,Murder,2024
recDEcCxajK5QxgTm,Land,João Teixeira de Souza,Male,2024-10-07,Brazil,Americas,Murder,2024
recTCMAxH9FrIRky6,Land,Raimundo Bertoldo,Male,2024-05-27,Brazil,Americas,Murder,2024
recdVzuOUGMpWATGa,Land,Zaqueu Fernandes Baileiro,Male,2024-09-29,Brazil,Americas,Murder,2024
recyxkAR1gZkvBk4H,Unknown,Ademir Ferreira Ribeiro,Male,2024-04-03,Brazil,Americas,Murder,2024
recx2LCfckCnNtZ6e,Land,Algimiro Escarlate,Male,2024-12-12,Brazil,Americas,Murder,2024
recRIWCwpQ7mVcqv5,Mining & Extractives,Fahadou Cissé,Male,2019-05-31,Burkina Faso,Africa,Murder,2019
rec9R5SPKhKkAs13k,Mining & Extractives,Hama Balima,Male,2019-05-31,Burkina Faso,Africa,Murder,2019
recWJ2UF3aTPYEnl2,Logging,Sieng Narong,Male,2015-11-07,Cambodia,Asia,Murder,2015
recuuLXAd32Vyjbn8,Land,Heng CHANTHA,Female,2012-05-16,Cambodia,Asia,Murder,2012
recCvevZiEP5HtOIP,Logging,Chut Wutty,Male,2012-04-26,Cambodia,Asia,Murder,2012
recD2bE0zugynJXLB,Logging,Teurn Soknai,Male,2018-01-30,Cambodia,Asia,Murder,2018
recLUBb63z0SBMVGY,Logging,Hang Serei ODOM,Male,2012-09-11,Cambodia,Asia,Murder,2012
recPeBJriDXXPUmNo,Logging,Sab Yoh,Male,2015-11-07,Cambodia,Asia,Murder,2015
recbVUUjZJONRQNUl,Land,Try Chamroeun,Female,2014-07-27,Cambodia,Asia,Murder,2014
receyij12WTi8X2En,Logging,Thul Khna,Male,2018-01-30,Cambodia,Asia,Murder,2018
recjsItFK9Z0lbR0A,Logging,Sek Wathana,Male,2018-01-30,Cambodia,Asia,Murder,2018
recZSuHcB22deGwSv,Agribusiness,Uon Vanna,Male,2019-01-31,Cambodia,Asia,Murder,2019
recw3MljfAgs9kj8v,Logging,Chhoeung Chheng,Male,2024-12-07,Cambodia,Asia,Murder,2024
rectF6AptGKt83ttm,Poaching,Bruce Danny Ngongo,Male,2016-12-07,Cameroon,Africa,Murder,2016
recdBlnHFA9WF94Hu,Land,Salihou Moussa,Male,2024-11-11,Cameroon,Africa,Murder,2024
recQosaflZZIIWr7i,Agribusiness,Regan Russell,Female,2020-06-19,Canada,Americas,Murder,2020
recV3HTxuYNeqfc8R,Poaching,Daoud Aldjouma,Male,2012-09-03,Chad,Africa,Murder,2012
recICSNatP37MZrpl,Poaching,Idriss Adoum,Male,2012-09-03,Chad,Africa,Murder,2012
rec6vb8VzlQVEJ9h7,Poaching,Djibrine Adoum Goudja,Male,2012-09-03,Chad,Africa,Murder,2012
recl7pWy2y6df7HKy,Poaching,Brahim Khamis,Male,2012-09-03,Chad,Africa,Murder,2012
recq7XXIdpaaGM4IN,Poaching,Zakaria Ibrahim,Male,2012-09-03,Chad,Africa,Murder,2012
recqr4mGfVdrlq0Wz,Hydropower,Macarena Valdés,Female,2016-08-22,Chile,Americas,Murder,2016
recjq9c2wWPgkLFDO,Logging,Camilo Catrillanca,Male,2018-11-14,Chile,Americas,Murder,2018
recxGj1Hkcnz0hv4J,Other,Alejandro Castro,Male,2018-10-04,Chile,Americas,Murder,2018
recgOf7ciOAgO91Em,Land,Jordan Liempi Machacan,Male,2021-11-03,Chile,Americas,Murder,2021
recMlzB6dqffGly0o,Logging,Julia del Carmen Chuñil Catricura,Female,2024-11-08,Chile,Americas,Disappearance,2024
recTNB3zioX0ZH8Dw,Land,Duvis Antonio Galvis,Male,2014-01-26,Colombia,Americas,Murder,2014
recTOiT9LvCvQWkXl,Land,Gersaín Cerón Tombe,Male,2016-06-02,Colombia,Americas,Murder,2016
recUtOzGtsS32htcx,Unknown,Aníbal Coronado Madera,Male,2016-02-18,Colombia,Americas,Murder,2016
recU4qMGBxxoWWECn,Land,Venancio Taquinás,Male,2013-04-18,Colombia,Americas,Murder,2013
recU6wda0k5mz4ivL,Other,Giovany Leiton,Male,2014-01-04,Colombia,Americas,Murder,2014
recUa5euwWBpvKfG5,Unknown,Yimer Chávez Rivera,Male,2016-10-16,Colombia,Americas,Murder,2016
recV4YYw5HHqKJIEO,Land,Ermes Enrique Vidal Osorio,Male,2013-03-21,Colombia,Americas,Murder,2013
recVEzB8bBlQJTbLq,Agribusiness,Hernán Bedoya,Male,2017-12-08,Colombia,Americas,Murder,2017
recVWZOuz1QPupJJN,Mining & Extractives,Gilberto Paí Canticús,Male,2012-02-11,Colombia,Americas,Murder,2012
recWtCbjSXaZ7UvwT,Unknown,Héctor William Cabrera Suárez,Male,2015-02-10,Colombia,Americas,Murder,2015
recWcUXGxYvPzqMsi,Mining & Extractives,William Castillo Chima,Male,2016-03-07,Colombia,Americas,Murder,2016
recWmTj7No5ZjRub3,Unknown,Diego Alfredo Chirán Nastacuas,Male,2016-08-29,Colombia,Americas,Murder,2016
recXyCnWqXJq21wbp,Land,Luis Javier Campo Méndez,Male,2014-04-21,Colombia,Americas,Murder,2014
recX6v0HHoW19kPTc,Land,Samir de Jesus Ruiz,Male,2012-03-27,Colombia,Americas,Murder,2012
recXQ9gDYXHR3ZVJF,Unknown,Yaneth Alejandra Calvache Viveros,Female,2016-12-30,Colombia,Americas,Murder,2016
recYVClrDPOJX43e3,Land,Gilmer Genaro García Ramírez,Male,2015-08-03,Colombia,Americas,Murder,2015
recZxZuLUsBNzu3Ai,Land,Aulio Isarama Forastero,Male,2017-10-24,Colombia,Americas,Murder,2017
rec1KjlbvontrHJQz,Land,Belarmino Chocué,Male,2013-04-28,Colombia,Americas,Murder,2013
rec2vRoyBBCD0nPR0,Land,Gustavo Adolfo Pizo,Male,2013-03-25,Colombia,Americas,Murder,2013
rec22ke4EyuAlIqyp,Other,Doris Viviana Vallejo,Female,2014-01-04,Colombia,Americas,Murder,2014
rec2nIVRWr4EJegkU,Unknown,Manuel Chimá Pérez,Male,2016-05-20,Colombia,Americas,Murder,2016
rec2YC27Epzd2Wshs,Unknown,Cristian Anacona Castro,Male,2016-03-27,Colombia,Americas,Murder,2016
rectG0xXuUUjvla9K,Unknown,Manuel Ramírez Mosquera,Male,2017-08-17,Colombia,Americas,Murder,2017
rectMX07hTDfWcFdn,Mining & Extractives,Adelinda Gómez Gaviria,Female,2013-09-30,Colombia,Americas,Murder,2013
rect0f73SQN3nssNb,Unknown,Heriberto Narváez Hoyos,Male,2015-02-04,Colombia,Americas,Murder,2015
recuuHfyG28DWkpp8,Land,Ernesto Guzmán,Male,2015-09-21,Colombia,Americas,Murder,2015
recu4jlOVsxbdLPOo,Land,Mario Castaño Bravo,Male,2017-11-26,Colombia,Americas,Murder,2017
recv7vDPqFT6YJF1i,Land,Pablo García Llano,Male,2014-07-24,Colombia,Americas,Murder,2014
recvXWRI7omtSDdEr,Land,Luis Francisco Hernandez Gonzalez,Male,2015-11-13,Colombia,Americas,Murder,2015
recvZur74witDheff,Unknown,Ramiro Culma Carepa,Male,2016-09-17,Colombia,Americas,Murder,2016
recwP9A0PtYegYyUw,Land,Miller Angulo,Male,2012-12-01,Colombia,Americas,Murder,2012
recwVqd1LwARMh9m1,Unknown,Evaristo Dagua Troches,Male,2016-07-29,Colombia,Americas,Murder,2016
recxuuZVRaZWmRjz2,Unknown,Gil de Jesús Silgado,Male,2016-03-10,Colombia,Americas,Murder,2016
recx6tM9fiS6cXz0B,Unknown,Camilo Roberto Taicus Bisbicusm,Male,2016-08-26,Colombia,Americas,Murder,2016
recxEvekvBLoqFxPI,Land,Efigenia Vasquez Astudillo,Female,2017-10-08,Colombia,Americas,Murder,2017
recxWZX2VtFiW7oUq,Mining & Extractives,Aldemar Parra García,Male,2017-01-07,Colombia,Americas,Murder,2017
recyaXNHprhSz0IIz,Land,Miguel Becheche Zarco,Male,2014-09-12,Colombia,Americas,Murder,2014
recycSKOxpZEWQwBm,Unknown,Esquivel Manyoma,Male,2017-10-07,Colombia,Americas,Murder,2017
recymOCpxTBUE56ds,Unknown,Eder Cuetia Conda,Male,2017-02-26,Colombia,Americas,Murder,2017
recynXBKyRMl42VR8,Land,Yoryanis Isabel Bernal Varela,Female,2017-01-26,Colombia,Americas,Murder,2017
recyTZqS57x5K8Oba,Mining & Extractives,Libio Guanga,Male,2012-07-12,Colombia,Americas,Murder,2012
recyX8PB4OUZRAjVP,Unknown,Ofelia María Mosquera Úsuga,Female,2015-12-26,Colombia,Americas,Murder,2015
reczvtban1BcGNfzf,Land,José Arlex Avendaño Arango,Male,2014-06-17,Colombia,Americas,Murder,2014
reczAzd9X2lDsn41V,Mining & Extractives,Fabio Hernán Torres Cabrera,Male,2015-07-19,Colombia,Americas,Murder,2015
reczpeaFZDi5r4App,Mining & Extractives,César García,Male,2013-11-02,Colombia,Americas,Murder,2013
reczJqja3VKJ9nAPj,Mining & Extractives,Nereo Meneses,Male,2016-08-29,Colombia,Americas,Murder,2016
reczWPSK5XliL9cir,Land,Ceferino Domicó Majoré,Male,2013-04-17,Colombia,Americas,Murder,2013
recAFwqQsGF6XnqQ3,Mining & Extractives,María Angela Muncué,Female,2014-04-17,Colombia,Americas,Murder,2014
recBJ2xQryzMeDM8A,Unknown,Jaminton Andres Avila,Male,2015-01-30,Colombia,Americas,Murder,2015
recC87pzKTGbt5gXb,Mining & Extractives,Giovanni Rosero,Male,2012-02-11,Colombia,Americas,Murder,2012
recErZd63feLeUhuP,Land,Juan Alberto Causado Priolo,Male,2014-03-01,Colombia,Americas,Murder,2014
recEva5of7huhc4hV,Mining & Extractives,Alfonso González Quintero,Male,2015-07-31,Colombia,Americas,Murder,2015
recEDPrsgF9cz8hUJ,Land,Maricela Tombé,Female,2016-02-28,Colombia,Americas,Murder,2016
recEEjcqloSjtSYyF,Land,David Gaspar Peña Santander,Male,2015-05-09,Colombia,Americas,Murder,2015
recGsKVP7hsM1k2g5,Unknown,Adrián Quintero,Male,2016-03-18,Colombia,Americas,Murder,2016
recGp5e4YA3vMejnI,Hydropower,Luis Edilson Arango Gallego,Male,2017-08-01,Colombia,Americas,Murder,2017
recGMUHVD2lzczXod,Land,Daniel Abril Fuentes,Male,2015-11-13,Colombia,Americas,Murder,2015
recGVqMeH6ZU6pITh,Unknown,José Antonio Velasco Taquinas,Male,2016-11-11,Colombia,Americas,Murder,2016
recGZHrzFD0QVVicv,Mining & Extractives,Eduardo Cardozo Enrique Flórez,Male,2013-06-04,Colombia,Americas,Murder,2013
recHr6Hj2OMx6fIXY,Mining & Extractives,Erley Monroy Fierro,Male,2016-11-18,Colombia,Americas,Murder,2016
recH3Vf6CfaTg5igh,Mining & Extractives,Falver Cerón Gómez,Male,2017-02-18,Colombia,Americas,Murder,2017
recHmdBafLYyyhGAt,Land,Iván Darío Restrepo,Male,2013-05-04,Colombia,Americas,Murder,2013
recId8Cjiqpfrvcty,Mining & Extractives,Javier Silva Pérez,Male,2012-04-21,Colombia,Americas,Disappearance,2012
recIFy96NI5qzj2yd,Mining & Extractives,Luis Peralta Cuéllar,Male,2015-02-14,Colombia,Americas,Murder,2015
recIL4DF85si3Py9e,Unknown,Luciano Pascal García,Male,2016-08-29,Colombia,Americas,Murder,2016
recIZZWeVv2VZ8JVI,Mining & Extractives,Ariel Sotelo,Male,2016-08-29,Colombia,Americas,Murder,2016
recKm9fFdKaZwvXBR,Land,Gerardo Velasco Escue,Male,2015-02-06,Colombia,Americas,Murder,2015
recMxrrNsEuRKjjJi,Land,Edilberto Cantillo Meza,Male,2017-02-04,Colombia,Americas,Murder,2017
recM9BOff6Z2xdsT0,Unknown,José Yeimer Cartagena,Male,2017-01-11,Colombia,Americas,Murder,2017
recNLYPWOLJ3KDVhA,Land,Daniel Felipe Castro Basto,Male,2017-05-09,Colombia,Americas,Murder,2017
recOB4iF38jBHoOh7,Unknown,Fabio José Alegría Dagua Conda,Male,2014-10-28,Colombia,Americas,Murder,2014
recOV9d0iwyFJ423P,Hydropower,Edmiro León Alzate Londoño,Male,2017-01-12,Colombia,Americas,Murder,2017
recP2r6keJjj0RI64,Unknown,Jorge Arbey Chantré Achipiz,Male,2017-05-04,Colombia,Americas,Murder,2017
recP6Pz4ItX7bcW9r,Unknown,Ezequiel Rangel Romano,Male,2017-07-17,Colombia,Americas,Murder,2017
recPXH4iIOWyTxugp,Land,Mario Andrés Calle Correa,Male,2017-05-13,Colombia,Americas,Murder,2017
recQ6pAxbIREIBUIM,Unknown,Epifanio Latin Ñuscue,Male,2014-03-03,Colombia,Americas,Murder,2014
recQjQDK7gTxZSaxK,Logging,Nelson Fabra Díaz,Male,2017-05-02,Colombia,Americas,Murder,2017
recQQrZHeGBcaXqRx,Mining & Extractives,Fernando Salazar Calvo,Male,2015-04-07,Colombia,Americas,Murder,2015
recR8hKaCgua2CCg9,Land,Wallis del Carmen Barriosnuevo Posso,Female,2015-04-05,Colombia,Americas,Murder,2015
recRdB8UvupOR2xtI,Land,Reinel de Jesús Cano,Male,2014-07-24,Colombia,Americas,Murder,2014
recRZO84bxOMG7pQ0,Land,Jorge Eliécer Calderón Chiquillo,Male,2013-12-02,Colombia,Americas,Murder,2013
recSQbSnEKsZM1QDq,Agribusiness,Fiderson Guillermo Pavi Ramos,Male,2015-04-10,Colombia,Americas,Murder,2015
recSUscAQqq1yXGEi,Land,Manuel Ruiz,Male,2012-03-27,Colombia,Americas,Murder,2012
rec3m0tDPfHLWdOMS,Mining & Extractives,Luis de Jesús Rodríguez,Male,2015-03-17,Colombia,Americas,Murder,2015
rec3UcZhXqvnHfcHu,Land,Henry Pérez,Male,2016-01-26,Colombia,Americas,Disappearance,2016
rec4Xl4s9urQ7Jouf,Mining & Extractives,Álvaro Osnas,Male,2014-10-24,Colombia,Americas,Murder,2014
rec55K1lx1vRRvEW1,Land,Emiliano Silva Oteca,Male,2015-02-06,Colombia,Americas,Murder,2015
rec5UPDldhwnog5Hj,Mining & Extractives,Nestor Ivan Martinez,Male,2016-09-11,Colombia,Americas,Murder,2016
rec62f3wP8gVCnwCR,Unknown,Jaime Alberto Chazatar Bastidas,Male,2012-01-01,Colombia,Americas,Murder,2012
rec6eJDkzsjQnfnKB,Mining & Extractives,Luis Albeiro Guetio Zetty,Male,2014-04-10,Colombia,Americas,Murder,2014
rec6L9IrRE2hCYlQI,Unknown,José Joaquín Pinzón,Male,2015-03-31,Colombia,Americas,Murder,2015
rec7rgTVWtSranWnp,Unknown,Ruth Alicia Lopez Guisao,Female,2017-03-02,Colombia,Americas,Murder,2017
rec7Z1QYuUQxkbRJb,Land,Mario Jacanamijoy,Male,2017-11-25,Colombia,Americas,Murder,2017
rec8idjHX3dhCU2tH,Land,Ernelio Pacheco Tunay,Male,2014-09-12,Colombia,Americas,Murder,2014
rec8Q2yHlFCae45Uc,Land,Wilson Hernando Guanga Nastacuas,Male,2014-05-12,Colombia,Americas,Murder,2014
rec9lf29njeCdqC3I,Unknown,Alberto Pascal García,Male,2016-08-29,Colombia,Americas,Murder,2016
rec9Ic2chkpaImXqB,Unknown,Jhon Jairo Rodriguez,Male,2016-11-01,Colombia,Americas,Murder,2016
recawOrzEhBUoejry,Unknown,Víctor Andrés Flórez,Male,2016-02-26,Colombia,Americas,Murder,2016
recbsIk82JpM4ofnN,Land,Luis Alberto Restrepo Vallejo,Male,2014-02-05,Colombia,Americas,Murder,2014
recbO91DdnJdlerav,Mining & Extractives,Adenis Jiménez Gutiérrez,Female,2015-03-17,Colombia,Americas,Murder,2015
reccYyA449O3BBIJS,Land,Octavio Avilés Guerra,Male,2015-05-19,Colombia,Americas,Murder,2015
recdmdBNc3ENTgUAM,Unknown,Gerson Acosta Salazar,Male,2017-04-19,Colombia,Americas,Murder,2017
recfujEXy41k1cgKn,Mining & Extractives,Joel Meneses,Male,2016-08-29,Colombia,Americas,Murder,2016
recfi3X51PsIeNQwt,Land,María Angélica Grajales Ramírez,Female,2013-03-12,Colombia,Americas,Murder,2013
recfnsndRPEEVYTWS,Unknown,Nair Edilia Tay Torres,Female,2014-09-24,Colombia,Americas,Murder,2014
recfPdRtpKczQxlD5,Mining & Extractives,Berlain Saigama Gutierrez,Male,2014-01-01,Colombia,Americas,Murder,2014
recfZWYSSjdBoR1Ic,Land,Marco Aurelio Díaz,Male,2016-06-02,Colombia,Americas,Murder,2016
recg226srdItaSzMu,Mining & Extractives,Jhon Braulio Saigama,Male,2014-01-01,Colombia,Americas,Murder,2014
recg8uUWjXCNNQIXY,Land,Willington Quibarecama Naquirucama,Male,2016-05-30,Colombia,Americas,Murder,2016
recgGvQL0vhx9lJVm,Unknown,Luís Carlos Tenorio,Male,2016-12-02,Colombia,Americas,Murder,2016
recgGcIpKa8FBIVcm,Unknown,Gustavo Bañol Rodríguez,Male,2015-05-09,Colombia,Americas,Murder,2015
rechc5PE6yYG9d0sq,Unknown,Cecilia Coicue,Female,2016-09-06,Colombia,Americas,Murder,2016
rechlKjuK5o86KK5B,Mining & Extractives,Oscar Ferney Tenorio,Male,2017-10-07,Colombia,Americas,Murder,2017
reciyArV3PdRg4IAa,Unknown,Anuar José Alvarez Armero,Male,2016-12-25,Colombia,Americas,Murder,2016
reciFPwsEJ58Y8wnj,Land,Miguel Segundo Díaz Soto,Male,2014-01-24,Colombia,Americas,Murder,2014
reciKOWvDXqzzkif0,Land,Nelson de Jesús Ríos,Male,2015-05-03,Colombia,Americas,Murder,2015
reciYyGKMNzkE0z6r,Land,Juan Alvaro Nastacuas Pai,Male,2013-11-29,Colombia,Americas,Murder,2013
reckem2ENyi4SQAgj,Mining & Extractives,Manuel Dolores Pino Perafán,Male,2016-05-04,Colombia,Americas,Murder,2016
reclDHAtaOo89ehUK,Land,Narciso Enrique Teherán Mejía,Male,2013-04-12,Colombia,Americas,Murder,2013
reclPog5Z1VSA2x5c,Land,Herlen de Jesús Barriosnuevo Posso,Male,2015-04-05,Colombia,Americas,Murder,2015
reclTnVyJ8sJQ9II2,Land,Leovigildo Cunampia Quiro,Male,2012-10-21,Colombia,Americas,Murder,2012
recmDd2I6f2AGAat0,Hydropower,Nelson Giraldo Posada,Male,2013-09-17,Colombia,Americas,Murder,2013
recmEyQaynJrWj4nv,Unknown,Amado Gómez,Male,2016-06-22,Colombia,Americas,Murder,2016
recmXNjut35sVIbPw,Mining & Extractives,Yolanda Maturana,Female,2018-02-01,Colombia,Americas,Murder,2018
recm0EyQd2s7t8TwV,Mining & Extractives,Didier Losada Barreto,Male,2016-11-18,Colombia,Americas,Murder,2016
recnVQmU6uEMAFUhA,Unknown,Edwin Bañol Álvarez,Male,2015-05-09,Colombia,Americas,Murder,2015
recoqTVdzEkjD9Tyg,Land,Elver Cordero Oviedo,Male,2013-04-09,Colombia,Americas,Murder,2013
recquxgaKIk3LCvfZ,Mining & Extractives,Daniel Humberto Sanchez Avendaño,Male,2014-10-02,Colombia,Americas,Murder,2014
recqmhXP8Ud4KZIFt,Land,Douglas Zuluaga,Male,2014-04-10,Colombia,Americas,Murder,2014
recrKARHX0Df9OIk4,Agribusiness,Javier Oteca Pilcué,Male,2017-03-22,Colombia,Americas,Murder,2017
recs7pAmIDLc9MHlY,Unknown,Jesús Adilio Mosquera Palacios,Male,2016-04-14,Colombia,Americas,Murder,2016
recs8tkZQn5dzTJRa,Mining & Extractives,Willar Alexander Oimé Alarcón,Male,2016-03-02,Colombia,Americas,Murder,2016
recsdeecLPqW8uwXz,Land,Heriberto Mora Muñetón,Male,2014-01-22,Colombia,Americas,Murder,2014
recsophLKQrvcDpqn,Unknown,Ernesto Pejendino Pejendino,Male,2015-06-05,Colombia,Americas,Murder,2015
recsEFalfeCgQuyHf,Unknown,Johan Alexis Vargas,Male,2016-01-24,Colombia,Americas,Murder,2016
recs0N7bsnW9IaQLC,Land,Wilber Chamarra Carpio,Male,2014-09-26,Colombia,Americas,Murder,2014
recRfWdvT2r5yLYtj,Unknown,Emiliano Trochez Yonda,Male,2018-08-10,Colombia,Americas,Murder,2018
rec9VTRWILx9sxzjt,Unknown,Holmes Alberto Niscue,Male,2018-08-19,Colombia,Americas,Murder,2018
recpbW3TJ3fYuzdAU,Land,Fredy Julián Conda Dagua,Male,2018-08-23,Colombia,Americas,Murder,2018
rec1HYcolCpo2LR2i,Logging,Luis Alexander Castellanos Triana,Male,2018-07-06,Colombia,Americas,Murder,2018
reczasYsh1g8pvE6S,Other,Héctor Fabio Almario,Male,2018-11-11,Colombia,Americas,Murder,2018
recT3magyPaGNIeLz,Other,José Osvaldo Taquez Taquez,Male,2018-07-20,Colombia,Americas,Murder,2018
recAduCdw59pbJiBw,Unknown,José Abraham García,Male,2018-06-25,Colombia,Americas,Murder,2018
recxmMUx9ah70SqgI,Agribusiness,Héctor Janer Latín,Male,2018-03-30,Colombia,Americas,Murder,2018
rec77yJP6rNfx3oLo,Mining & Extractives,María del Carmen Moreno Paez,Female,2018-04-27,Colombia,Americas,Murder,2018
rec6pH9eVquHTsFe5,Unknown,Carlos Jimmy Prado Gallardo,Male,2018-06-02,Colombia,Americas,Murder,2018
recgzHK3ThTBc4dZF,Unknown,José Uriel Rodríguez,Male,2018-08-07,Colombia,Americas,Murder,2018
rec7PBdchbgYiJLDE,Land,James Luís Jiménez Estrada,Male,2018-04-20,Colombia,Americas,Murder,2018
recJKd0DaI7TghbB7,Agribusiness,Ramón Ascué,Male,2018-05-14,Colombia,Americas,Murder,2018
recm6LRQ1ohToA8so,Other,Plinio Pulgarín,Male,2018-01-18,Colombia,Americas,Murder,2018
rec0c8UT8IWivJf4t,Unknown,Nixon Mutis,Male,2018-01-30,Colombia,Americas,Murder,2018
rece45hsr6t2I0Z4s,Unknown,Jesús Orlando Grueso Obregón,Male,2018-02-09,Colombia,Americas,Murder,2018
reciyjjhk09Yv2EoL,Unknown,Jhonatan Cundumí Anchino,Male,2018-02-09,Colombia,Americas,Murder,2018
recew6oJiUjQCHjc4,Other,Flover Sapuyes Gaviria,Male,2018-02-23,Colombia,Americas,Murder,2018
recFlvlKcom6DWqy7,Land,Éider Arley Campo Hurtado,Male,2018-03-05,Colombia,Americas,Murder,2018
rec5AuSNtraJM0ygr,Logging,Óliver Herrera Camacho,Male,2018-08-31,Colombia,Americas,Murder,2018
recRVOBc5QrT0cdjV,Other,Hoover Alexánder Orrego,Male,2018-09-24,Colombia,Americas,Murder,2018
reco06r8hOwIIejys,Other,Edixon Panche Noscué,Male,2018-09-24,Colombia,Americas,Murder,2018
recTSujPtsDy2bE95,Land,Edwin Dagua Ipia,Male,2018-12-07,Colombia,Americas,Murder,2018
recHBZZZcHpQs2rNj,Mining & Extractives,Fabiola Fajardo,Male,2018-08-21,Colombia,Americas,Murder,2018
recjcauac2TrsctDT,Land,Seferino Yunda Camayo,Male,2019-04-02,Colombia,Americas,Murder,2019
recspx7nbtJoSDC7t,Other,Argemiro López Pertuz,Male,2019-03-17,Colombia,Americas,Murder,2019
recLSsvId6VsSUf3D,Land,Aquileo Mecheche Baragon,Male,2019-04-12,Colombia,Americas,Murder,2019
recns5BVLd0xmFgq7,Land,Maritza Isabel Quiroz Leiva,Female,2019-01-06,Colombia,Americas,Murder,2019
recitgWJgEU4KukJ8,Land,Leonardo Nastacuás Rodríguez,Male,2019-01-12,Colombia,Americas,Murder,2019
recBi1SMGKRFVfUNs,Other,Dilio Corpus Guetio,Male,2019-01-29,Colombia,Americas,Murder,2019
recpxtWEISq4GXlKP,Land,Ebel Yonda Ramos,Male,2019-03-27,Colombia,Americas,Murder,2019
rec5OXeyVcKtgC0zb,Land,Carlos Biscue,Male,2019-06-23,Colombia,Americas,Murder,2019
recMdpwPMvdRdNhOH,Land,Gersaín Yatacué,Male,2019-08-01,Colombia,Americas,Murder,2019
rec1H62TtHM5wXJYK,Mining & Extractives,Emilio Vitucay,Male,2019-07-28,Colombia,Americas,Murder,2019
reco6Wi9JDiGHNh16,Land,José Eduardo Tumbó,Male,2019-08-03,Colombia,Americas,Murder,2019
recyfWxc0RHMZ6baA,Land,Eugenio Tenorio,Male,2019-08-12,Colombia,Americas,Murder,2019
reclBhivG7mBcUjFw,Land,Kevin Mestizo Coicué,Male,2019-08-12,Colombia,Americas,Murder,2019
recrsNV4N7bVOqpxA,Other,Wilmer Antonio Miranda Cabrera,Male,2019-01-04,Colombia,Americas,Murder,2019
recXOEtTKqVbu444I,Mining & Extractives,Fernando Jaramillo Vélez,Male,2019-09-06,Colombia,Americas,Murder,2019
recYvUFnNA8T5ivCM,Land,Víctor Manuel Trujillo,Male,2019-01-15,Colombia,Americas,Murder,2019
recELf9sVs5bQheET,Land,Maria Nelly Bernal Andrade,Female,2019-02-14,Colombia,Americas,Murder,2019
rec3wXF9vXW4hYWT9,Land,Erick Esnoraldo Viera Paz,Male,2019-02-03,Colombia,Americas,Murder,2019
recMN9mqqsZUPzH57,Land,Alfonso Correa Sandoval,Male,2019-03-14,Colombia,Americas,Murder,2019
recWJxu2v5BsKeUIG,Other,Manuel Gregorio González Segura,Male,2019-07-26,Colombia,Americas,Murder,2019
recuZqKOMPSGf34UR,Land,Magdalena Cocubana,Female,2019-09-02,Colombia,Americas,Murder,2019
recBwjIx78TG8aJTw,Other,Wilson Pérez Ascanio,Male,2019-01-06,Colombia,Americas,Murder,2019
recSSQnzkCKeh1hxa,Other,Manuel Osuna Tapias,Male,2019-07-06,Colombia,Americas,Murder,2019
rec0V7SQWch5wsnSh,Land,María del Pilar Hurtado,Female,2019-06-21,Colombia,Americas,Murder,2019
recVoO2eSH6cEjDDz,Land,Enrique Guejia Meza,Male,2019-08-04,Colombia,Americas,Murder,2019
recmNpke2FX1rxHaH,Land,Víctor Manuel Chani Aguilar,Male,2019-09-20,Colombia,Americas,Murder,2019
rec7f7TVPjZCbQ2bM,Other,Lucero Jaramillo Álvarez,Female,2019-04-07,Colombia,Americas,Murder,2019
recKFjNHsi3gNIyCM,Land,Cristina Bautista,Female,2019-10-29,Colombia,Americas,Murder,2019
recMEiQaoCnj318gG,Land,José Gerardo Soto,Male,2019-10-29,Colombia,Americas,Murder,2019
recZbERLcgAmVB7RV,Land,James Wilfredo Soto,Male,2019-10-29,Colombia,Americas,Murder,2019
recIwrX6kuPYTEaJc,Land,Asdruval Cayapu,Male,2019-10-29,Colombia,Americas,Murder,2019
recmcrjNrJmASTXKb,Other,Emiliano Chocue,Male,2019-11-19,Colombia,Americas,Murder,2019
recJKqIUb28vv90Zj,Land,Toribio Canas Velasco,Male,2019-10-13,Colombia,Americas,Murder,2019
recuORjxwCpWnRo3v,Land,Carlos Aldario Arenas Salinas,Male,2019-11-08,Colombia,Americas,Murder,2019
recESKJOF7oqoOOBa,Land,Freiman Baicué,Male,2019-06-10,Colombia,Americas,Murder,2019
recz3fBCckIsM4coj,Land,Uver Ney Villano,Male,2019-06-10,Colombia,Americas,Murder,2019
recWg346bph1OiYAb,Land,Daniel Eduardo Rojas Zambrano,Male,2019-05-14,Colombia,Americas,Murder,2019
recPEV7lguL7pBZPn,Other,Hernán Antonio Bermúdez Arévalo,Male,2019-11-23,Colombia,Americas,Murder,2019
reczzy1sLKmY1ZZ2G,Land,Milton Hernández,Male,2019-05-08,Colombia,Americas,Murder,2019
recZ5dvSMWn6mX3yY,Land,Carlos Obando,Male,2019-05-08,Colombia,Americas,Murder,2019
rec0jTQZBJrBLprI2,Land,Carlos Daniel Obando,Male,2019-05-08,Colombia,Americas,Murder,2019
rec8qTazz42nWGscm,Land,Demetrio Barrera Fuentes,Male,2019-02-24,Colombia,Americas,Murder,2019
rec8EeeoHpoXxysQE,Land,Jesús Eduardo Mestizo Yosando,Male,2019-11-03,Colombia,Americas,Murder,2019
recAeQWXkcpvYrIL9,Other,Jairo Javier Ruiz Fernández,Male,2019-10-26,Colombia,Americas,Murder,2019
reclqDqJMwf47MJN0,Other,Bernardo de Jesús Chanci,Male,2019-11-25,Colombia,Americas,Murder,2019
recPcBLW6DJ4bFqzG,Land,Marlon Ferney Pacho,Male,2019-09-26,Colombia,Americas,Murder,2019
recKKP8CvcpHOcdu0,Land,Miguel Ángel Alpala,Male,2019-05-01,Colombia,Americas,Murder,2019
rec9mCPnUGra3xnXi,Other,Walter Enrique Rodríguez Palacio,Male,2019-11-19,Colombia,Americas,Murder,2019
recwELe4h3eNFqqo0,Land,Humberto Londoño,Male,2019-12-06,Colombia,Americas,Murder,2019
reccj4BfDjgnFZZW0,Land,Jairo Ortiz,Male,2019-12-21,Colombia,Americas,Murder,2019
recwzlo97dCcTBqNV,Land,Reinaldo Carrillo Vera,Male,2019-12-25,Colombia,Americas,Murder,2019
recWxkzt7K0gOdjYD,Land,Eliodoro Finscué,Male,2019-10-29,Colombia,Americas,Murder,2019
rechKWENzlLnL0afP,Land,Constantino Ramírez Bedoya,Male,2019-10-17,Colombia,Americas,Murder,2019
recCJny4FcXGNXeO4,Land,Mario Alberto Achicué,Male,2019-11-09,Colombia,Americas,Murder,2019
recUAEQEPG5cXLkfk,Land,Gilberto Domicó Domicó,Male,2019-10-31,Colombia,Americas,Murder,2019
recqTgWGgDuoiGgAK,Other,Gloria Ocampo,Female,2020-01-06,Colombia,Americas,Murder,2020
reclnbZLnIbHTHyDb,Other,Heladio Moreno,Male,2020-01-06,Colombia,Americas,Murder,2020
recS247QxUh4V8g3d,Other,Tulio César Sandoval Chia,Male,2020-01-13,Colombia,Americas,Murder,2020
recdraiFfIwFsxqeg,Other,Marco Rivadeneira,Male,2020-03-19,Colombia,Americas,Murder,2020
recyHCJrGBwDSQOu9,Other,Jorge Macana,Male,2020-03-07,Colombia,Americas,Murder,2020
recRR3jQAsPyTH4sx,Mining & Extractives,Luis Alberto Jumí Bailarín,Male,2019-08-09,Colombia,Americas,Murder,2019
recuL5QVDYyrhaUzo,Other,Alex Fernando Salcedo,Male,2019-09-29,Colombia,Americas,Murder,2019
rechJcOApP4SxMQnV,Other,Cristian Sánchez,Male,2019-09-29,Colombia,Americas,Murder,2019
recO341iprm4Kxmnd,Other,Albert Armando Sánchez Gómez,Male,2019-09-29,Colombia,Americas,Murder,2019
recLlv8oZUKiCSUmA,Land,Henry Cayuy,Male,2019-09-13,Colombia,Americas,Murder,2019
recwLPzNGh0wOJNCI,Land,Didier Ferney González,Male,2019-05-07,Colombia,Americas,Murder,2019
recFgp94jYGnJi0nD,Other,Natalia Jiménez,Female,2019-12-23,Colombia,Americas,Murder,2019
reczYsR7PLGRfj3UI,Other,Rodrigo Monsalve,Male,2019-12-23,Colombia,Americas,Murder,2019
recBumkRbAJOL4hsH,Land,Lilia Patricia García,Female,2019-10-13,Colombia,Americas,Murder,2019
recsiVcjcdRs10hG0,Land,Virginia Silva,Female,2020-01-07,Colombia,Americas,Murder,2020
recflEk1DGxTXX8Cy,Land,Anuar Rojas Isaramá,Male,2020-01-09,Colombia,Americas,Murder,2020
recTD5DPnvE5hUzoY,Land,Wilder García,Male,2020-03-26,Colombia,Americas,Murder,2020
recb4Bl6juoksf396,Other,Alejandro Carvajal,Male,2020-03-26,Colombia,Americas,Murder,2020
recTpXx1XS6iDh1Gv,Land,Aramis Arenas Bayona,Male,2020-05-19,Colombia,Americas,Murder,2020
recw5OrXyALU4o1MU,Mining & Extractives,Jorge Enrique Oramas,Male,2020-05-16,Colombia,Americas,Murder,2020
recIjElgkq11yyEAg,Land,Javier Girón Triviño,Male,2020-02-02,Colombia,Americas,Murder,2020
reciweV17wj01hQBH,Land,Albeiro Silva Mosquera,Male,2020-02-16,Colombia,Americas,Murder,2020
recvrlMrUW5Y0lRUI,Land,Luis Hugo Silva Mosquera,Male,2020-02-16,Colombia,Americas,Murder,2020
recHRRDq7O9Cgjvaa,Land,Felipe Angucho Yunda,Male,2020-02-09,Colombia,Americas,Murder,2020
rec7jAsaMBPM0airB,Land,Ismael Angucho Yunda,Male,2020-02-09,Colombia,Americas,Murder,2020
rec0exgHmt5OCFPS4,Other,Efrén Ospina Velásquez,Male,2020-02-08,Colombia,Americas,Murder,2020
recLgmBXUXlh7kvZF,Other,Teodomiro Sotelo Anacona,Male,2020-04-17,Colombia,Americas,Murder,2020
recTHhNEzSPJhBwwe,Land,Mario Chilhueso,Male,2020-04-19,Colombia,Americas,Murder,2020
reclFD7zNBz8j7lll,Land,Hugo de Jesús Giraldo López,Male,2020-04-22,Colombia,Americas,Murder,2020
rec7rsLqPvnvZ2Prj,Land,María Nelly Cuetia Dagua,Female,2020-05-29,Colombia,Americas,Murder,2020
recqlaCCZf3wJXdqx,Land,Pedro Ángel María Tróchez Medina,Male,2020-05-29,Colombia,Americas,Murder,2020
recEh4twPXNlZGi2e,Land,Nelson Enrique Meneses Quiles,Male,2020-01-10,Colombia,Americas,Murder,2020
rec1GnwKIkyR9vIlr,Other,Jaime José Vanegas Urueta,Male,2020-01-21,Colombia,Americas,Murder,2020
recksTTZXMlSLLloC,Other,Luis Guillermo Piedrahita,Male,2020-01-21,Colombia,Americas,Murder,2020
reckWtJsuFm2JQuLJ,Other,Gentil Hernández Jiménez,Male,2020-01-08,Colombia,Americas,Murder,2020
recj4RfJOEMn4cJAz,Land,Yamid Alonso Silva Torres,Male,2020-02-06,Colombia,Americas,Murder,2020
recEsj2TzZEEgz64B,Land,Javier Uragama Chamorro,Male,2020-06-25,Colombia,Americas,Disappearance,2020
rec4uqeQ6dWCL2Cv2,Land,Alejandro Llinás,Male,2020-04-25,Colombia,Americas,Murder,2020
recb9O9DWBU3TD1li,Other,Carlos Andrés Sánchez Villa,Male,2020-05-04,Colombia,Americas,Murder,2020
recBUuNBmBL0pN10U,Land,Didian Arley Agudelo,Male,2020-02-25,Colombia,Americas,Murder,2020
rec9ETJ9pAb4k2im2,Land,William Ramiro Montoya,Male,2020-03-03,Colombia,Americas,Murder,2020
recApVzlctHvRXYlv,Other,Óscar Quintero Valencia,Male,2020-01-08,Colombia,Americas,Murder,2020
recuvEuk949ZgiVlw,Mining & Extractives,Jaime Monge Hamman,Male,2020-08-18,Colombia,Americas,Murder,2020
recB4LxvPRDZQfbmA,Land,Rodrigo Salazar,Male,2020-07-09,Colombia,Americas,Murder,2020
recw9IBCMnJlEe37q,Land,Joel Aguablanca Villamizar,Male,2020-05-31,Colombia,Americas,Murder,2020
recwrydAEc84RUs2S,Mining & Extractives,Hernando José Molina Villamizar,Male,2020-08-07,Colombia,Americas,Murder,2020
recEY0dG4GxvbtKzP,Land,Javier Francisco Parra,Male,2020-12-03,Colombia,Americas,Murder,2020
recT7uUKh02ZyClzI,Land,Miguel Tapí Rito,Male,2020-12-03,Colombia,Americas,Murder,2020
recbFwP85QcX4zi4y,Agribusiness,Abelardo Liz Cuetia,Male,2020-08-13,Colombia,Americas,Murder,2020
recZbsRJD2y2fDzfs,Other,Carlos Navia,Male,2020-10-26,Colombia,Americas,Murder,2020
recpeRzvU5jt04tZX,Land,Juana Perea Plata,Female,2020-10-29,Colombia,Americas,Murder,2020
recQStogcXEpY6aQc,Land,José Nelson Tapia Caizamo,Male,2020-09-06,Colombia,Americas,Murder,2020
recK098cUB4Wk5ZbL,Land,Julio César Sogamoso,Male,2020-08-29,Colombia,Americas,Murder,2020
recVrG7rAr62fDtmI,Land,Edis Manuel Caré Pérez,Male,2020-08-24,Colombia,Americas,Murder,2020
recGCK2UgsmfdRVSq,Land,Uberney Muñoz,Male,2020-08-13,Colombia,Americas,Murder,2020
recBl2bfHxqxTmIba,Land,Alberto Ruiz,Male,2020-08-13,Colombia,Americas,Murder,2020
reciOTd24jatIErY3,Land,Jorge Luis Quintero Villada,Male,2020-09-28,Colombia,Americas,Murder,2020
reco5JgVN9Nojhnak,Land,Javier García Guaguarabe,Male,2020-05-15,Colombia,Americas,Murder,2020
recfaumjm3GCzRTho,Other,Eider Adán Lopera,Male,2020-06-15,Colombia,Americas,Murder,2020
recUPwmHTkl6WtBFT,Land,José Gustavo Arcila Rivera,Male,2020-07-26,Colombia,Americas,Murder,2020
recuBrP1Hc9GIJSGe,Other,Freddy Angarita Martínez,Male,2020-05-16,Colombia,Americas,Murder,2020
recVeItQQcG4jUGnB,Land,Sigifredo Gutiérrez,Male,2020-07-18,Colombia,Americas,Murder,2020
reczznOkurkRmtYv2,Other,Julio César Hernández Salcedo,Male,2020-05-13,Colombia,Americas,Murder,2020
recGKyYovThOW1Bn2,Land,Floro Samboní Gómez,Male,2020-04-24,Colombia,Americas,Murder,2020
recMQIDBo4WJp1EKU,Land,Mauricio Pérez Martínez,Male,2020-08-05,Colombia,Americas,Murder,2020
rec1pwASg36so3dX7,Other,Ernesto Aguilar Barreras,Male,2020-07-18,Colombia,Americas,Murder,2020
recZSy61qoBAgkOT5,Land,Juan Pablo Prado Bolaños,Male,2020-09-03,Colombia,Americas,Murder,2020
rec22q5XabBPiCBxP,Land,Alba Alexandra Pizanda Cuestas,Female,2020-09-20,Colombia,Americas,Murder,2020
recyWwtXISDKAUyx4,Land,Ana Lucía Bisbicús,Female,2020-10-03,Colombia,Americas,Murder,2020
recaxPpV9m2h28rMc,Agribusiness,Oswaldo Rojas,Male,2020-10-10,Colombia,Americas,Murder,2020
recn8Ctmr5wj10YTe,Land,Mary Luz Pérez Camaño,Female,2020-10-13,Colombia,Americas,Murder,2020
recgxXknVBeZyz6Od,Land,Genaro Isabare Forastero,Male,2020-11-12,Colombia,Americas,Disappearance,2020
recND8BX5g0YrO77z,Land,Deiro Alexander Pérez Bisbicús,Male,2020-05-06,Colombia,Americas,Murder,2020
recxe3kWhb8ZQDcLB,Land,Norbey Antonio Rivera,Male,2020-12-30,Colombia,Americas,Murder,2020
recGkQfWlo1y3SsMa,Other,Remberto Arrieta Bohórquez,Male,2021-01-31,Colombia,Americas,Murder,2021
recAvn0AR77MnqNtm,Other,Sandra Liliana Peña Chocué,Female,2021-04-20,Colombia,Americas,Murder,2021
reckamD4mTpWz2vjY,Land,José Santos López,Male,2021-03-28,Colombia,Americas,Murder,2021
reciJca4bF1aLNriF,Land,Jhon Edward Martinez,Male,2021-03-28,Colombia,Americas,Murder,2021
receSaYxJDya2hiIU,Land,Gonzalo Cardona Molina,Male,2021-01-08,Colombia,Americas,Disappearance,2021
recfob03ueCmmMHCV,Land,Yordan Eduardo Guetio,Male,2021-02-02,Colombia,Americas,Murder,2021
recWsx5auMGn4ZAdj,Land,Edwin Antonio Indaburo,Male,2021-01-07,Colombia,Americas,Murder,2021
recEWTSmWdQ9ypGgT,Land,Jaime Enrique Basilio Basilio,Male,2021-03-01,Colombia,Americas,Murder,2021
recZzEFs5EezoHMZQ,Land,Aura Esther García Peñalver,Female,2021-03-31,Colombia,Americas,Murder,2021
recElattExVZgYC1b,Other,Fermiliano Meneses Hoyos,Male,2021-01-16,Colombia,Americas,Disappearance,2021
recVzLqRya0AvLfqe,Land,Danilo Torres,Male,2021-06-26,Colombia,Americas,Murder,2021
recQnLiW9x9ghPwqq,Land,Yarley Margarito Salas,Male,2021-04-08,Colombia,Americas,Murder,2021
rec4ARkYD5n24hMPj,Land,José Riascos,Male,2021-04-08,Colombia,Americas,Murder,2021
rec5jjzYPbvT8MudV,Land,Wilson de Jesús López,Male,2021-04-28,Colombia,Americas,Murder,2021
recG9OmdI3P6tUvye,Land,Argenis Yatacué,Female,2021-06-09,Colombia,Americas,Murder,2021
recF2sV9LpgO1BhGd,Land,Marcelino Yatacué Ipia,Male,2021-06-09,Colombia,Americas,Murder,2021
recJs6wKjOgir92mZ,Land,Ángel Miro Cartagena,Male,2021-06-14,Colombia,Americas,Disappearance,2021
rec139kH8hJKYh1hY,Land,Rafael Domicó Carupia,Male,2021-04-06,Colombia,Americas,Murder,2021
recOUqg8fB8XdHsCR,Land,Jhon Alberto Pascal,Male,2021-10-01,Colombia,Americas,Murder,2021
reccFXBXfiKhGsdsu,Land,Dilio Bailarín,Male,2021-09-20,Colombia,Americas,Murder,2021
recKKtIsU0MuUduAs,Land,Ilia Pilcué Yule,Female,2021-09-22,Colombia,Americas,Murder,2021
recnWFuHh2rhrRBty,Land,Fredy Pestana Herrera,Male,2021-12-10,Colombia,Americas,Murder,2021
recRAuyY95yYnyMHo,Land,Cristian Torres Cifuentes,Male,2021-05-14,Colombia,Americas,Murder,2021
recWN5IjJ7AuZ8GqE,Land,Juana Panesso Dumasá,Female,2021-12-10,Colombia,Americas,Murder,2021
rec9nxyvRtgxSRr4e,Land,Jair Adán Roldán Morales,Male,2021-05-28,Colombia,Americas,Murder,2021
recQIOUujGUuGTr9P,Land,Nazaria Calambás Tunubalá,Female,2021-10-21,Colombia,Americas,Murder,2021
rec4dkcgMk0yI1FlH,Land,John Albeiro Paí Pascal,Male,2021-02-24,Colombia,Americas,Murder,2021
recDQs8iJwdJX0oax,Other,Marcos Fidel Camayo Guetio,Male,2021-11-21,Colombia,Americas,Murder,2021
rectRPY8gUPBsfKhE,Other,Noel Corsini Zúñiga,Male,2021-10-25,Colombia,Americas,Murder,2021
rec8pQhZrSs3Eqy3v,Other,Rogelio López Figueroa,Male,2021-10-19,Colombia,Americas,Murder,2021
recxoqH7N0PLwLCGq,Land,Efrén España,Male,2021-10-18,Colombia,Americas,Murder,2021
recimmt6YtJTebvEX,Land,Luis Alfonso Narváez Escobar,Male,2021-10-18,Colombia,Americas,Murder,2021
reczbuQd1snEa5Ji5,Land,Víctor Orlando Mosquera,Male,2021-10-10,Colombia,Americas,Murder,2021
recjeNDsD6OdgTQ7L,Land,Guillermo Chicame Ipia,Male,2022-01-14,Colombia,Americas,Murder,2022
rechraAsGI3kKxB35,Land,Breiner David Cucuñame López,Male,2022-01-14,Colombia,Americas,Murder,2022
rec52nSJheLciGvB2,Land,Luz Marina Arteaga,Female,2022-01-12,Colombia,Americas,Disappearance,2022
reccAdjgWBwJ9df0Z,Land,José Albeiro Camayo Güetio,Male,2022-01-24,Colombia,Americas,Murder,2022
recOcPbCqMp5zvmcv,Land,Luis Chamapuro Quiro,Male,2022-02-03,Colombia,Americas,Murder,2022
recEU0BH82mxLekg1,Land,Teófilo Acuña,Male,2022-02-22,Colombia,Americas,Murder,2022
recA8zh4OXxQZdHhU,Land,Jorge Alberto Tafur,Male,2022-02-22,Colombia,Americas,Murder,2022
reclCqAkclFrufU24,Land,Dilson Arbey Borja Roldán,Male,2022-02-25,Colombia,Americas,Murder,2022
recxW0VY6s9Pnf3V0,Land,Julio Victoria Cárdenas,Male,2022-02-23,Colombia,Americas,Murder,2022
recz7OEr3TrX6Dr8l,Land,José Miller Correa Vásquez,Male,2022-03-14,Colombia,Americas,Murder,2022
recq0vu0cReAAN1lz,Land,Sarcelino Lana,Male,2022-03-25,Colombia,Americas,Murder,2022
recHNcf7867lxElXo,Land,Julio César Bravo,Male,2022-02-01,Colombia,Americas,Murder,2022
reczozqRY0dcVl6H3,Land,Juan Orlando Moreno,Male,2022-07-03,Colombia,Americas,Murder,2022
reci7Xe6BYBTAXowh,Land,John Faver Nasatacuas,Male,2022-07-03,Colombia,Americas,Murder,2022
recFWvaMXPPz0tJmM,Land,Carlos José García,Male,2022-07-03,Colombia,Americas,Murder,2022
recRCxhqYi1QUtofZ,Land,José Luis Quiñones,Male,2022-08-02,Colombia,Americas,Murder,2022
recAKqwywLKXbE3me,Land,Hery Olivero Vallesilla,Male,2022-05-01,Colombia,Americas,Murder,2022
rec1lcXrLYw9t95oK,Land,Luis Antonio Tombé Menza,Male,2022-05-01,Colombia,Americas,Murder,2022
recz81L8thtCq4ruT,Land,Jesusita Moreno Mosquera,Female,2022-06-07,Colombia,Americas,Murder,2022
recfz6yGnCwBE0WFR,Land,Yesid Caña,Male,2022-04-30,Colombia,Americas,Murder,2022
reczuOMGNkNW8gkMR,Land,José Pascual Quevedo Velásquez,Male,2022-04-03,Colombia,Americas,Murder,2022
recFg3dOw0JmK2oWL,Other,Edgar Quintero,Male,2022-05-15,Colombia,Americas,Murder,2022
reckNA946cp5Bdg92,Land,John Jairo Esquivel,Male,2022-04-18,Colombia,Americas,Murder,2022
rechdtLFuzPWeaZwa,Land,Libardo Castillo Ortiz,Male,2022-01-20,Colombia,Americas,Murder,2022
recB5f8BfehpGWTRi,Land,Jorge Santofimio Yepes,Male,2022-02-24,Colombia,Americas,Murder,2022
recbuKXHFPYpapBMi,Other,Gustavo Antonio Torres,Male,2022-02-26,Colombia,Americas,Murder,2022
recypeWkZxT95aFF0,Other,José Mauricio Sepúlveda Lozano,Male,2022-03-03,Colombia,Americas,Murder,2022
recZOwytiKX2Pj1Sv,Land,Pablo Emilio Baquero Cárdenas,Male,2022-04-11,Colombia,Americas,Murder,2022
recJAoKo3lons7I0r,Land,María José Arciniegas Salinas,Female,2022-04-30,Colombia,Americas,Murder,2022
recx0kMBxnzUPfyt1,Land,Francisco Sarco Pipicay,Male,2022-11-11,Colombia,Americas,Murder,2022
recwdVINN3VA9bH0h,Land,Carlitos Uragama Cano,Male,2022-11-11,Colombia,Americas,Murder,2022
rec3juONHPBjYQIUO,Other,Mario Óscar Solarte,Male,2022-11-17,Colombia,Americas,Murder,2022
recqlo9GXLFMOcYmZ,Land,Juan Alberto Guejia Peteche,Male,2022-11-11,Colombia,Americas,Murder,2022
rec1FF34ON2b0w6JQ,Land,Arcelia Fernández,Female,2022-11-11,Colombia,Americas,Murder,2022
recQ3HSj4gYasy46t,Land,Filadelfo Anzola Padilla,Male,2022-12-06,Colombia,Americas,Murder,2022
recg8U3DvmAnSzUuF,Land,Juvencio Cerquera Manquillo,Male,2022-11-09,Colombia,Americas,Murder,2022
rec8csva1B7WRTX7Q,Land,Jonás Carabalí,Male,2022-10-30,Colombia,Americas,Murder,2022
rec6yDbo4YBmrUOhu,Land,Faustino Carabalí,Male,2022-10-30,Colombia,Americas,Murder,2022
rec5y6ikkjSaGt4rX,Land,Adelmo Balanta,Male,2022-10-27,Colombia,Americas,Murder,2022
reccCwtRcANngl8rj,Land,Fredy Mena Obregón,Male,2022-10-09,Colombia,Americas,Murder,2022
rec8EVDcoXGYsVpwk,Land,Yermi Chocué Camayo,Female,2022-10-27,Colombia,Americas,Murder,2022
recAjcDU6LVEXRU0Z,Land,Pedro Nel Sánchez Sanabria,Male,2022-05-21,Colombia,Americas,Murder,2022
rect5mN0vTsLCeam2,Land,Jancy Muñoz Avirama,Male,2022-05-11,Colombia,Americas,Murder,2022
recdiRiZwNqzYXPyt,Other,Neiber Pertuz,Male,2022-08-28,Colombia,Americas,Murder,2022
rec09CziTCV3bIOCz,Land,Edison Gómez Ortiz,Male,2022-05-31,Colombia,Americas,Murder,2022
recI9OiewBz3ZtdaL,Other,Julián David Ochoa,Male,2022-06-27,Colombia,Americas,Murder,2022
rechgLBhuLEBpcg1V,Land,Libardo Perdomo Molano,Male,2022-06-28,Colombia,Americas,Murder,2022
recWdXefhRkZEw9Wl,Land,Wilson Nixon Melón Robles,Male,2022-07-02,Colombia,Americas,Murder,2022
reciMdu5V8uC1ptnu,Land,Julio César Buitrago Hernández,Male,2022-07-12,Colombia,Americas,Murder,2022
recdnZj5YgBDnwzCk,Land,Jorge Eliecer Mejía,Male,2022-07-16,Colombia,Americas,Murder,2022
recPQPS5jIBPzknZw,Land,José Edilson Vargas Monroy,Male,2022-07-17,Colombia,Americas,Murder,2022
recqXJHmwQz9Xp337,Land,Larry Reinoso Sánchez,Male,2022-07-18,Colombia,Americas,Disappearance,2022
reciE0mwjZAvccIOa,Other,Javier Usechi,Male,2022-08-06,Colombia,Americas,Murder,2022
rec1T1ynvPu6L3kaj,Land,Mariton Jusayu Ipuana,Male,2022-08-18,Colombia,Americas,Murder,2022
rec1pNslUBlZTPHX0,Land,William Pedraza,Male,2022-09-03,Colombia,Americas,Murder,2022
recOPhrt1N4Cwr3Lb,Land,Diocelino García Bisbicús,Male,2022-09-21,Colombia,Americas,Murder,2022
recaR4Jzf4meCl75p,Land,Edinson Murillo Ararat,Male,2022-10-06,Colombia,Americas,Murder,2022
recuc44dAlByTl2zp,Other,Ferney Morales,Male,2022-10-08,Colombia,Americas,Murder,2022
recH41tuRljJrkVdE,Other,Rigo Alape,Male,2022-10-08,Colombia,Americas,Murder,2022
recnKaIgn2tRYQ5L1,Other,Luis Eduardo Montoya Jaramillo,Male,2022-08-25,Colombia,Americas,Murder,2022
recQGqIPFXo7XJzNj,Land,Samuel Sabi Dorado,Male,2023-01-21,Colombia,Americas,Murder,2023
recda5QTJ60s4EejM,Other,José Isaías Yandi Pacho,Male,2023-01-22,Colombia,Americas,Murder,2023
recPsU0azKt3wkRGQ,Land,Edilsan Andrade Avirama,Female,2023-01-31,Colombia,Americas,Murder,2023
recOlP3sermN5ug1g,Mining & Extractives,José Antonio Santiago Pérez,Male,2023-02-04,Colombia,Americas,Murder,2023
recglOG3JTJWYarAP,Other,Jorge Adolfo Cárdenas Fajardo,Male,2023-02-05,Colombia,Americas,Murder,2023
recygSbZsGWJp3AEe,Land,Milton Rocha Peña,Male,2023-09-28,Colombia,Americas,Murder,2023
recA9mHGnHKrhNGA7,Land,Marlon Hernando García Pascal,Male,2023-03-03,Colombia,Americas,Murder,2023
recCe4x1netV7Ssz1,Land,Wilson Andrés Bomba Piamba,Male,2023-03-15,Colombia,Americas,Murder,2023
recmEpkGUJQpvRWIh,Land,Weimar Possú Díaz,Male,2023-03-19,Colombia,Americas,Murder,2023
recNfz9BolUe9pQSO,Land,Jaime Álvarez Romero,Male,2023-01-14,Colombia,Americas,Murder,2023
rec8EtfP850gPDwJw,Land,Néstor Enríque Martínez Brito,Male,2023-03-15,Colombia,Americas,Murder,2023
recAlNWuZWWg9TUI9,Land,Marcos Canticus Nastacuas,Male,2023-06-23,Colombia,Americas,Murder,2023
recGlQVZkWMwhAIHr,Land,Carlos Julio Tautiva Cruz,Male,2023-04-11,Colombia,Americas,Murder,2023
recIqcKqvzI3eeMmv,Land,Luis Alberto Quiñones Cortés,Male,2023-04-09,Colombia,Americas,Murder,2023
recYwblxb5JThkgbT,Land,Marcelino Martínez Cuadros,Male,2023-06-10,Colombia,Americas,Murder,2023
recJ82xcxDE3uGRbB,Land,Custodio Yucuna Tanimuca,Male,2023-06-06,Colombia,Americas,Murder,2023
recNtLztMLo1sH2z5,Land,Jhon William Vargas Peña,Male,2023-05-03,Colombia,Americas,Murder,2023
rec6XxQNOG9FwQvTr,Land,Gustavo Muñoz Mojomboy,Male,2023-04-13,Colombia,Americas,Murder,2023
rec5hdijYf8Jp0G6K,Hydropower,Nelson Medina Muñoz,Male,2023-06-26,Colombia,Americas,Murder,2023
recjaxhOFUY4kp7sr,Land,Sebastian Lucumí Mina,Male,2023-06-20,Colombia,Americas,Murder,2023
recmLAD9195qpZqE5,Land,Juan Alexander Chocué Peña,Male,2023-06-19,Colombia,Americas,Murder,2023
recjwOXOpLUFoWRLn,Mining & Extractives,Diana Carolina Rodríguez Madrigal,Female,2023-04-11,Colombia,Americas,Murder,2023
reccVsUdmRuxKJF6e,Land,Marcelino Dagua Baicué,Male,2023-06-12,Colombia,Americas,Murder,2023
reczdn53Nf3Ulaj5p,Land,Rosalía Quiguanas Dagua,Female,2023-06-12,Colombia,Americas,Murder,2023
recl9LCrN4sYZGSEt,Land,José Isaías Quiguanás Musicué,Male,2023-04-18,Colombia,Americas,Murder,2023
recyrrqKBIBww2oW6,Land,Luisa Isabel Moreno,Female,2023-04-15,Colombia,Americas,Murder,2023
recOEGy6hvPQXkn3E,Land,Jhon Freddy Rueda Rodríguez,Male,2023-05-11,Colombia,Americas,Murder,2023
recaV6SipjhOQ7fm5,Other,Alejandro Forero Valderrama,Male,2023-06-15,Colombia,Americas,Murder,2023
rec03ech7mFTHUUGJ,Logging,Yenifer Córdoba Henao,Female,2023-05-16,Colombia,Americas,Murder,2023
recP0e3gLyi1GZOqg,Mining & Extractives,Luis Gabriel Martínez Pérez,Male,2023-06-05,Colombia,Americas,Murder,2023
recuWYeo01kw7QaJk,Land,Jairo Enrique Tombé,Male,2023-06-05,Colombia,Americas,Disappearance,2023
rec2IFqTKNVFgTlq8,Land,Leonora González,Female,2023-06-05,Colombia,Americas,Disappearance,2023
recH2PW8bhVm7ERg7,Land,Hegils Edimer Escorcia Carranza,Male,2023-06-05,Colombia,Americas,Murder,2023
rec7zeCODD4ej25jh,Land,José Hernán Tenorio Mestizo,Male,2023-07-04,Colombia,Americas,Murder,2023
rec3nJRAPC1YUWqY0,Land,Albán Mestizo Yosando,Male,2023-07-04,Colombia,Americas,Murder,2023
recBZJ4qT0lSo8mt7,Land,Yonnis Orfilio García Nastacuás,Male,2023-07-05,Colombia,Americas,Murder,2023
recmiNlURr0LJPWvr,Land,Rigoberto Mendoza Ospina,Male,2023-07-08,Colombia,Americas,Murder,2023
rec5qYO7QFbIF0QBF,Land,Tiberio Chepe Zeti,Male,2023-07-23,Colombia,Americas,Murder,2023
recUnEWIQEzOkGvnh,Land,Fredy Alexander Bomba Campo,Male,2023-07-26,Colombia,Americas,Murder,2023
rec26ARWHPYT9Suuo,Land,Luis Eduardo Timaná García,Male,2023-08-04,Colombia,Americas,Murder,2023
recHoJ4dkBvq2ihyx,Land,Martín Darys Escobar Barón,Male,2023-08-16,Colombia,Americas,Murder,2023
recFPZqQEzhYtTKrZ,Land,Ferley Fernández Rojas,Male,2023-08-23,Colombia,Americas,Murder,2023
recu2VL5SG6oUeiyg,Land,Jhon Kevin Taicús Guanga,Male,2023-08-24,Colombia,Americas,Murder,2023
rec3sjf8Cr8Y0yPkF,Land,Edwin Manuel Tapia Gaviria,Male,2023-08-26,Colombia,Americas,Murder,2023
recTBG7GgdlHSIsRh,Land,José Arley Cruz Chocue,Male,2023-09-17,Colombia,Americas,Murder,2023
recOp63f24YchIANB,Mining & Extractives,Johan Ferney Aguilar González,Male,2023-09-03,Colombia,Americas,Murder,2023
recVozJPRVqacF97j,Land,Salomón Durán,Male,2023-07-13,Colombia,Americas,Murder,2023
recZyNCpb6pmbZdap,Land,Julio Cesar Tapias Carvajal,Male,2023-07-04,Colombia,Americas,Murder,2023
rec8OBO1CtPW2YQ1j,Other,José Ilder Díaz Benavides,Male,2023-07-23,Colombia,Americas,Murder,2023
reck1ZhMhrIZueygM,Land,Pedro Chocue Poche,Male,2023-07-26,Colombia,Americas,Murder,2023
rec0GGsG9sfDUEPa7,Land,Milton Santacruz Aguilar,Male,2023-09-21,Colombia,Americas,Murder,2023
rec0ALJTmGPaadh9T,Other,Eliseo Losada Cedeño,Male,2023-07-20,Colombia,Americas,Murder,2023
recQgBQELziO0UYV2,Other,Hugo Armando Trujillo,Male,2023-06-24,Colombia,Americas,Murder,2023
recockgFNbv14AQUm,Other,Maribel Arce Piedrahita,Female,2023-06-24,Colombia,Americas,Murder,2023
recWZOKnZQ4ixWpaI,Land,Samuel Avendaño,Male,2023-10-04,Colombia,Americas,Murder,2023
reciftZdHptJIU8nt,Land,Daniel Andrés Rivas Prieto,Male,2023-11-12,Colombia,Americas,Murder,2023
recZZecMlLmYZpECm,Land,Marino Paví Julicue,Male,2023-12-16,Colombia,Americas,Murder,2023
recTi4AqPKzKDyKWG,Land,Eliécer Puyo Chocué,Male,2023-12-24,Colombia,Americas,Murder,2023
recRqWnoQitjkZvaV,Land,Robert Fernández,Male,2023-12-11,Colombia,Americas,Murder,2023
rec2rxh7zsxnBg25H,Land,Carlos Arturo Quijano,Male,2023-12-20,Colombia,Americas,Murder,2023
reck4Ji1bkiZK1QTF,Land,John Freiman Ramos Ocaña,Male,2023-12-22,Colombia,Americas,Murder,2023
recAcpGbkDdG2OJn9,Land,Yisel Menza,Female,2023-12-22,Colombia,Americas,Murder,2023
recTOthmhPEbHPIXK,Land,Jelen Charit Ramos Menza,Female,2023-12-22,Colombia,Americas,Murder,2023
rec3xANt20CugWE7I,Land,Cristobal Nastacuás Nastacuás,Male,2023-11-09,Colombia,Americas,Murder,2023
recntmBETs2TIJdhT,Land,Berna Nastacuás Paí,Male,2023-01-28,Colombia,Americas,Murder,2023
recIymc3gTXO6cCWI,Land,Phanor Guazaquillo Peña,Male,2023-12-03,Colombia,Americas,Murder,2023
recZHXLpKHlWJJtmp,Land,Rogelio Chate Peña,Male,2023-11-30,Colombia,Americas,Murder,2023
recBZbM2IAXtrzPvk,Land,Miller Silva Rosero,Male,2023-10-20,Colombia,Americas,Murder,2023
receW5GgTaimvY30V,Land,Yamili Bernal García,Female,2023-10-14,Colombia,Americas,Murder,2023
rec58TfytVOqIiweN,Land,Leniz Rojas Silva,Male,2023-11-23,Colombia,Americas,Murder,2023
recImNI4gqHsqmGKN,Mining & Extractives,Elkin Jesús Díaz Vergara,Male,2023-11-23,Colombia,Americas,Murder,2023
recelRk5ca80xgqnz,Land,Pedro Pablo Salas Sánchez,Male,2023-12-04,Colombia,Americas,Murder,2023
recO7Lm3ulxggLRQe,Land,Robiro Rojas Benavides,Male,2023-12-04,Colombia,Americas,Murder,2023
receY2kIOemP7eDHT,Land,Raúl Antonio Nastacuas,Male,2023-03-24,Colombia,Americas,Murder,2023
recl4rb9Huxv5WqyK,Land,Bryan Camilo Osuna Gómez,Male,2023-12-07,Colombia,Americas,Murder,2023
recSyeNfC3mSJx03X,Land,Tulia Carrillo Lizarazo,Female,2023-12-14,Colombia,Americas,Murder,2023
recX09wKmEdxffOcA,Land,Diego Antonio Arrieta López,Male,2023-12-15,Colombia,Americas,Murder,2023
recYo5h7vAZCTGSKQ,Land,Carlos Alberto Romero Martínez,Male,2023-12-16,Colombia,Americas,Murder,2023
receca3bntTgjjERq,Land,Luis Parra Toroca,Male,2023-12-31,Colombia,Americas,Murder,2023
recL8FoHtR9CyKBQO,Other,Carmelina Yule Paví,Female,2024-03-17,Colombia,Americas,Murder,2024
recrRnV8aRIdxOcbX,Land,Dairo Yobani Aquite,Male,2024-03-04,Colombia,Americas,Murder,2024
recNRPwRhx6BQOyiL,Land,Eywar Yamid Morán Campo,Male,2024-02-10,Colombia,Americas,Murder,2024
recrARyDCU14CJCJO,Land,José Alirio Chocué Molano,Male,2024-01-19,Colombia,Americas,Murder,2024
recjX98qIW12xk8qz,Land,Ludivia Galindez Jiménez,Female,2024-02-23,Colombia,Americas,Murder,2024
rec58jJhMjhmMBUDm,Land,Tiberio Domicó Bailarín,Male,2024-01-24,Colombia,Americas,Murder,2024
recxEMtIv5vs2UD3e,Land,Graciel Mendoza Valencia,Male,2024-03-31,Colombia,Americas,Murder,2024
rec6t5dMEfgBhTwS0,Land,Álvaro Javier Morales Flor,Male,2024-03-19,Colombia,Americas,Murder,2024
reclAbaj7DLJWR4Nb,Land,Josué Castellanos Pérez,Male,2024-03-04,Colombia,Americas,Murder,2024
recqA961IdYyQd69H,Land,Fidel Antonio Hernández Correa,Male,2024-01-17,Colombia,Americas,Murder,2024
recOfie5uTgExAi56,Land,José Antonio Lozano Puentes,Male,2024-02-20,Colombia,Americas,Murder,2024
recxW7GsaJUlJkSvf,Land,Harrison Okí Valencia,Male,2024-03-07,Colombia,Americas,Murder,2024
recY9pNNetrnygLs8,Land,Jaime Ernesto Páez Devia,Male,2024-02-11,Colombia,Americas,Murder,2024
recAmBZo0GQEiO6qF,Land,Narciso Beleño,Male,2024-04-21,Colombia,Americas,Murder,2024
recncgRsYA7Stx0gF,Land,Hilton Eduardo Barrios Jara,Male,2024-04-26,Colombia,Americas,Murder,2024
recuDbdEpevDZayqH,Land,William Ramírez Muñoz,Male,2024-06-13,Colombia,Americas,Murder,2024
rec7yOJbX9LyC9BCQ,Land,José Elver Giraldo Villada,Male,2024-06-09,Colombia,Americas,Murder,2024
recWjtly6izYeu3yw,Land,Luis Eduardo Vivas,Male,2024-06-25,Colombia,Americas,Murder,2024
recsTbeNAVkGx3XJ8,Land,Segundo Virgilio Imbachí Noguera,Male,2024-03-07,Colombia,Americas,Murder,2024
rec3OROWNgZpJoRlm,Land,José Enrique Roa Cruz,Male,2024-01-14,Colombia,Americas,Murder,2024
recyEaOWOlidUqub8,Land,Eyber Danilo Poto Pazú,Male,2024-06-27,Colombia,Americas,Murder,2024
recElLFAZbSaZ1blw,Mining & Extractives,Javier Condía Cárdenas,Male,2024-06-05,Colombia,Americas,Murder,2024
recI7a4KPqNgXS83p,Land,Marián Rodríguez Camelo,Female,2024-06-04,Colombia,Americas,Murder,2024
recp5G4XszrXUthqd,Land,José Naín Barón,Male,2024-06-04,Colombia,Americas,Murder,2024
recGGwch7mxqpPPav,Hydropower,Isidoro Bautista Ortiz,Male,2024-11-16,Colombia,Americas,Murder,2024
rec7oB0GId0Vfbqv5,Land,Bruno Pambelé Moreno,Male,2024-07-07,Colombia,Americas,Murder,2024
reccZqT4FJ5xuEu8g,Land,Luis Obdulio Ramón,Male,2024-09-19,Colombia,Americas,Murder,2024
recH4SHglXBydWSLM,Land,Dino Ul Musicué,Male,2024-08-03,Colombia,Americas,Murder,2024
reclS5T2UhXjCg3eO,Land,Erney Noa Papa,Male,2024-09-23,Colombia,Americas,Murder,2024
rec6l1WjHyEMbc9Pm,Land,Víctor Alfonso Yule Medina,Male,2024-08-18,Colombia,Americas,Murder,2024
rec8PZbv3w66hKHe3,Land,Carlos Andrés Ascué Tumbo,Male,2024-08-29,Colombia,Americas,Murder,2024
recm6kohCV5Bj5FJ0,Land,Ferney Aponte,Male,2024-10-13,Colombia,Americas,Murder,2024
rec05faPA4GR5b0Yv,Land,Daniel Nolavita,Male,2024-10-07,Colombia,Americas,Murder,2024
recE029SYfnP2k0qe,Land,Nelson Javier Pérez Vargas,Male,2024-10-18,Colombia,Americas,Murder,2024
recIfuFDcbLXoOIgM,Land,Gustavo Taquinás,Male,2024-10-31,Colombia,Americas,Murder,2024
recxqKa21Z1ItCITZ,Land,Evangelina Quiguanás Quebrada,Female,2024-10-31,Colombia,Americas,Murder,2024
recCnWF1QlBMMonCG,Land,Emanuel José Oca Cuspián,Male,2024-11-05,Colombia,Americas,Murder,2024
recJ0jFd8XtQ2xzs7,Land,Lorenzo Pascal Guanga,Male,2024-11-28,Colombia,Americas,Murder,2024
recPFr4GFf5RJNEqf,Land,Carlos Alberto Aristizábal Morales,Male,2024-08-07,Colombia,Americas,Murder,2024
recbBya0DumJXYyhr,Land,Heber Rivera Méndez,Male,2024-09-24,Colombia,Americas,Murder,2024
recSehWXtKSYZNOHl,Land,Willis Guillermo Robinson Sánchez,Male,2024-08-23,Colombia,Americas,Murder,2024
recdQgZNJ11X3NcWM,Land,Alexander Pilcué Tenorio,Male,2024-12-18,Colombia,Americas,Murder,2024
recDOEFcUHpX4p6gb,Land,Víctor Manuel Vargas,Male,2024-12-02,Colombia,Americas,Murder,2024
recYACddfv1IJgo6H,Land,Yofri Heraldo Vázquez Medina,Male,2024-12-02,Colombia,Americas,Murder,2024
rect9MLClliL7zhUu,Land,Anderson David Murillo,Male,2024-12-02,Colombia,Americas,Murder,2024
recRlBFZY2tDGqAbR,Land,Fernando Pérez Beltrán (Child),Male,2024-12-02,Colombia,Americas,Murder,2024
rec2ulqf9lum0hPdw,Land,Luis Eduardo Sterling,Male,2024-01-14,Colombia,Americas,Murder,2024
recygyQm4bMUGeOIc,Land,Yilber Silva,Male,2024-01-14,Colombia,Americas,Murder,2024
recTP76LrkzTznZhm,Land,Jean Claude Kiza Vunabandi,Male,2015-10-26,Democratic Republic of the Congo,Africa,Murder,2015
recUPNh13O0Q14jQv,Poaching,Dieudonné Tsago Matikuli,Male,2016-04-24,Democratic Republic of the Congo,Africa,Murder,2016
recWTF1wLOi8zcZxb,Poaching,Barthelemie Kakule Mulewa,Male,2018-04-09,Democratic Republic of the Congo,Africa,Murder,2018
recXRRDy1atXE2JS6,Poaching,Venant Mumbere Muvesevese,Male,2016-03-01,Democratic Republic of the Congo,Africa,Murder,2016
recY961apIsVjiGw0,Mining & Extractives,Antopo Selemani,Male,2017-07-14,Democratic Republic of the Congo,Africa,Murder,2017
recZLYHPEODCRqtDm,Other,Christian Mbone Nakulire,Male,2017-08-26,Democratic Republic of the Congo,Africa,Murder,2017
rec0S5uj4BN53Gge1,Poaching,Fidèle Mulonga Mulegalega,Male,2016-03-01,Democratic Republic of the Congo,Africa,Murder,2016
recuR9z83ueg5gwqd,Poaching,Atamato Madrandele,Male,2012-12-16,Democratic Republic of the Congo,Africa,Murder,2012
recvis5VL6bOPIWC8,Poaching,Djuma Adalu Uweko,Male,2015-10-09,Democratic Republic of the Congo,Africa,Murder,2015
recx53uNbAQO2pnuQ,Mining & Extractives,Lokana Tingiti,Male,2017-07-14,Democratic Republic of the Congo,Africa,Murder,2017
recyaiPFqZeqyMhDY,Other,Sebinyenzi Bavukirahe Yacinthe,Male,2016-01-23,Democratic Republic of the Congo,Africa,Murder,2016
reczHxjhtZwlnY7Ij,Poaching,Munganga Nzonga Jacques,Male,2016-10-04,Democratic Republic of the Congo,Africa,Murder,2016
recAjD4kzmDYzy4cr,Poaching,Fiston Madawa,Male,2012-06-24,Democratic Republic of the Congo,Africa,Murder,2012
recCmbAoc1BK2GZOL,Poaching,Kasereka Sikwaya,Male,2015-06-18,Democratic Republic of the Congo,Africa,Murder,2015
recCUb3vIo76zFYg0,Mining & Extractives,Patrick Kisembo N’singa,Male,2017-07-14,Democratic Republic of the Congo,Africa,Murder,2017
recDwpGWG8vOHRb8t,Poaching,Pacifique Musubao Fikirini,Male,2017-08-14,Democratic Republic of the Congo,Africa,Murder,2017
recD7Mt9yqduWSHoJ,Poaching,Patrick Prince Muhayirwa,Male,2016-12-14,Democratic Republic of the Congo,Africa,Murder,2016
recDibQ8Np1lz4d1Z,Poaching,Anselme Kimbesa Muhindo,Male,2015-10-09,Democratic Republic of the Congo,Africa,Murder,2015
recDpundE62hb5h5R,Poaching,Jonas Paluku Malyani,Male,2017-08-14,Democratic Republic of the Congo,Africa,Murder,2017
recEQZmgNfQIjkjWc,Poaching,Jean de Dieu Byamungu,Male,2018-04-09,Democratic Republic of the Congo,Africa,Murder,2018
recFGeXTA97OOOCIc,Poaching,Tims Nalola Butinda,Male,2017-05-03,Democratic Republic of the Congo,Africa,Murder,2017
recL4lK3mfAwZ3MBr,Poaching,Easter Ishara Birindwa,Male,2015-08-06,Democratic Republic of the Congo,Africa,Murder,2015
recN2Do5MZOfrjWS9,Poaching,Jacques Sukamate Lusengo,Male,2015-10-09,Democratic Republic of the Congo,Africa,Murder,2015
recNcWp1w83pChZk2,Poaching,Kananwa Sibomana,Male,2018-04-09,Democratic Republic of the Congo,Africa,Murder,2018
recPVcERpJKtuQkRW,Mining & Extractives,Léopold Gukiya Ngbekusa,Male,2017-07-14,Democratic Republic of the Congo,Africa,Murder,2017
recQwqkeycqtWqAV8,Poaching,Richard Sungudikpio Ndingba,Male,2016-04-24,Democratic Republic of the Congo,Africa,Murder,2016
recQ7QtECDg8aLivT,Poaching,Kambale Musubao,Male,2015-06-17,Democratic Republic of the Congo,Africa,Murder,2015
recRZmFjzEJlH1U5c,Poaching,Andre Gada Migifuloyo,Male,2015-10-09,Democratic Republic of the Congo,Africa,Murder,2015
recbFlhm97e7eiIR4,Poaching,Dudunyabo Machongani Célestin,Male,2017-07-16,Democratic Republic of the Congo,Africa,Murder,2017
reccY915alEBuqu8i,Poaching,Agoyo Mbikoyo,Male,2015-04-25,Democratic Republic of the Congo,Africa,Murder,2015
recd6JHLHuPHhaY6e,Poaching,Jules Kombi Kambale,Male,2016-09-01,Democratic Republic of the Congo,Africa,Murder,2016
recfC68d63t8CGnBd,Poaching,Badusi Mugaotinikoni,Male,2012-06-24,Democratic Republic of the Congo,Africa,Murder,2012
rech2yLGcKiIKOQoJ,Poaching,Jean-Marie Kpionyeslinani,Male,2015-06-17,Democratic Republic of the Congo,Africa,Murder,2015
recheqlFZtPoJUMnF,Mining & Extractives,Sudi Koko,Male,2017-07-14,Democratic Republic of the Congo,Africa,Murder,2017
rechk7WRDIgXq8AZM,Mining & Extractives,Vincent Machozi,Male,2016-03-20,Democratic Republic of the Congo,Africa,Murder,2016
recjdTUAQcsAhP2qK,Poaching,Liévin Mumbere Kasumba,Male,2018-04-09,Democratic Republic of the Congo,Africa,Murder,2018
recjFInha3E0ef96r,Poaching,Gerome Bolimola Afokao,Male,2017-04-11,Democratic Republic of the Congo,Africa,Murder,2017
reckGE2m8SGePqQy6,Poaching,Ila Muranda,Male,2018-04-09,Democratic Republic of the Congo,Africa,Murder,2018
reclxcPIygU54kgBp,Poaching,Théodore Kasereka Prince,Male,2018-04-09,Democratic Republic of the Congo,Africa,Murder,2018
recmWgabyvyw3Eowl,Poaching,Moise Mospado,Male,2015-06-17,Democratic Republic of the Congo,Africa,Murder,2015
recpwJ9vDuTbL6F0v,Poaching,Joël Meriko Ari,Male,2017-04-11,Democratic Republic of the Congo,Africa,Murder,2017
recpwPXDybtpZFJdF,Poaching,Charles Paluku Syaira,Male,2017-08-14,Democratic Republic of the Congo,Africa,Murder,2017
recpEoARq4iC5uwyY,Poaching,Faustin Biriko Nzabakurikiza,Male,2018-04-01,Democratic Republic of the Congo,Africa,Murder,2018
recs2WN3EuuzaOYOt,Poaching,Rigobert Anigobe Bagale,Male,2016-04-24,Democratic Republic of the Congo,Africa,Murder,2016
rec1niTrmVL48o7gc,Poaching,Kasereka Masumbuko Ezechiel,Male,2018-11-28,Democratic Republic of the Congo,Africa,Murder,2018
recAIpcjzf3AAkhc0,Poaching,Freddy Mahamba Muliro,Male,2019-03-07,Democratic Republic of the Congo,Africa,Murder,2019
recrVSx8DeKOwoKyT,Agribusiness,Joël Imbangola Lunea,Male,2019-07-21,Democratic Republic of the Congo,Africa,Murder,2019
recjCEwRFrreRCsaZ,Land,Kadhafi Abedi Iyalu,Male,2020-04-24,Democratic Republic of the Congo,Africa,Murder,2020
rec3gl6PS2XOI70me,Land,Lumumba Anuari Bihira,Male,2020-04-24,Democratic Republic of the Congo,Africa,Murder,2020
recyYD9LsOev7QHmv,Land,Djamali Badi Mukandama,Male,2020-04-24,Democratic Republic of the Congo,Africa,Murder,2020
rec7FURu9RVwHpruT,Land,Junior Fazili Justin,Male,2020-04-24,Democratic Republic of the Congo,Africa,Murder,2020
recHOGO4hmLGDEr3g,Land,Jean-Louis Kambale Mutsomani,Male,2020-04-24,Democratic Republic of the Congo,Africa,Murder,2020
rechYf5LpvIaFj2wZ,Land,Jules Kambale Teremuka,Male,2020-04-24,Democratic Republic of the Congo,Africa,Murder,2020
rec8KFDvu10lDFy0b,Land,Joseph Kasole Janvier,Male,2020-04-24,Democratic Republic of the Congo,Africa,Murder,2020
reclc7BBN2LE9FGf4,Land,Ruphin Masumbuko Malekani,Male,2020-04-24,Democratic Republic of the Congo,Africa,Murder,2020
recEyIWLL8B9BYBRQ,Land,Augustin Mugisho Kulondwa,Male,2020-04-24,Democratic Republic of the Congo,Africa,Murder,2020
rec8LkmAMbyWQfFqo,Land,Jeannot Muhindo Isevihango,Male,2020-04-24,Democratic Republic of the Congo,Africa,Murder,2020
recssNF7VDcG9PAK1,Land,Jacques Muhindo Katembo,Male,2020-04-24,Democratic Republic of the Congo,Africa,Murder,2020
rec7tDA9kfL59qfiM,Land,Héritier Ndagijimana Ndahobari,Male,2020-04-24,Democratic Republic of the Congo,Africa,Murder,2020
reczDxBfskNfenneM,Land,Moise Paluku Kalondero,Male,2020-04-24,Democratic Republic of the Congo,Africa,Murder,2020
rectjJzdhq27GLzOy,Poaching,Bagurubumwe Chuhoze Deogene,Male,2020-10-10,Democratic Republic of the Congo,Africa,Murder,2020
rec5uFWYWLIcnqFOx,Poaching,Germain Kambale Vyasaki,Male,2020-03-03,Democratic Republic of the Congo,Africa,Murder,2020
recYc8ls7Ov5Ku7xk,Land,Surumwe Burhani Abdou,Male,2021-01-10,Democratic Republic of the Congo,Africa,Murder,2021
recLqmSFSCIsOrCnp,Land,Alexis Kamate Mundunaenda,Male,2021-01-10,Democratic Republic of the Congo,Africa,Murder,2021
recU81iZJFQBiLxhD,Land,Reagan Maneno Kataghalirwa,Male,2021-01-10,Democratic Republic of the Congo,Africa,Murder,2021
recsKKo9Jrm794MUI,Land,Eric Kibanja Bashekere,Male,2021-01-10,Democratic Republic of the Congo,Africa,Murder,2021
recnEPJ5pMfSpo6gp,Land,Innocent Paluku Budoyi,Male,2021-01-10,Democratic Republic of the Congo,Africa,Murder,2021
recwaPn6AFpzQKixM,Land,Prince Nzabonimpa Ntamakiriro,Male,2021-01-10,Democratic Republic of the Congo,Africa,Murder,2021
recz5s99lFcEx1Ly2,Land,Emery Bizimana Karabaranga,Male,2021-10-15,Democratic Republic of the Congo,Africa,Murder,2021
rec200RNyBOgDkCL0,Land,Etienne Mutazimiza Kanyaruchinya,Male,2021-11-20,Democratic Republic of the Congo,Africa,Murder,2021
recBMAQGZJX8XWJVT,Land,Mahomet Meddy Kengu,Male,2022-12-23,Democratic Republic of the Congo,Africa,Murder,2022
recg3I3qIQmsUrhLO,Land,Benoit Hakizimana Ndamira,Male,2022-12-23,Democratic Republic of the Congo,Africa,Murder,2022
recvN7RBfHqLNKR7i,Land,Pascal Tulinabo Fatakanwe,Male,2023-02-06,Democratic Republic of the Congo,Africa,Murder,2023
recaCITQnNYlZmYJA,Land,Obedi Karafuru,Male,2023-07-19,Democratic Republic of the Congo,Africa,Murder,2023
recWqluHmRa61MFwG,Mining & Extractives,Mukambilwa Bunia Mustapha,Male,2024-06-13,Democratic Republic of the Congo,Africa,Murder,2024
recVITbWy4dQRQtuu,Mining & Extractives,Mulopwe Majondo Saidi,Male,2024-01-16,Democratic Republic of the Congo,Africa,Murder,2024
reczE61DuX2zI6hT0,Mining & Extractives,Mbuya Musao Ambroise,Male,2024-11-19,Democratic Republic of the Congo,Africa,Murder,2024
reczmyvB5PQ3LdhEk,Mining & Extractives,Kishimba Kayemba Edmond,Male,2024-11-19,Democratic Republic of the Congo,Africa,Murder,2024
recF9j7P2sXwPhA05,Poaching,Diego Armando Saborío González,Male,2014-10-12,Costa Rica,Americas,Murder,2014
rec8IaJzCKkzh3vcG,Poaching,Jairo Mora Sandoval,Male,2013-05-30,Costa Rica,Americas,Murder,2013
recsE9Y65AP5Dnwvj,Land,Sergio Rojas Ortiz,Male,2019-03-18,Costa Rica,Americas,Murder,2019
recji2cUFtO7t9ksl,Land,Jhery Rivera,Male,2020-02-24,Costa Rica,Americas,Murder,2020
recxMaIvXXCPk1qET,Agribusiness,Luís Manuel Medina,Male,2017-02-14,Dominican Republic,Americas,Murder,2017
rec5UJ7wNSK980FX0,Agribusiness,Leo Martínez,Male,2017-02-14,Dominican Republic,Americas,Murder,2017
recMDv6hmPSPbHcXV,Mining & Extractives,Orlando Jorge Mera,Male,2022-06-06,Dominican Republic,Americas,Murder,2022
recgtQFLXYqvbdsKj,Mining & Extractives,Francisco Ortiz Báez,Male,2024-04-11,Dominican Republic,Americas,Murder,2024
receI0MJ5bKTmf1qz,Mining & Extractives,José Isidro Tendetza Antún,Male,2014-11-28,Ecuador,Americas,Murder,2014
reciMatbRIquIG8H6,Mining & Extractives,Andrés Durazno,Male,2021-03-17,Ecuador,Americas,Murder,2021
recfkn4AlCIQPXyYV,Hydropower,Víctor Enrique Guaillas Gutama,Male,2021-09-29,Ecuador,Americas,Murder,2021
recaSSxsqzu2vY9a1,Land,Nange Yeti,Male,2021-12-19,Ecuador,Americas,Disappearance,2021
recl49VcKo0sqjJCS,Mining & Extractives,Alba Bermeo Puin,Female,2022-10-22,Ecuador,Americas,Murder,2022
recG0tWHcl9dX3WeX,Mining & Extractives,Eduardo Mendúa,Male,2023-02-26,Ecuador,Americas,Murder,2023
recuY2kZacJ63kwsM,Land,Alberto Quiñónez,Male,2024-02-20,Ecuador,Americas,Murder,2024
recaCmt0l5KqfsVAv,Land,Didson De la Cruz Quiñónez,Male,2024-02-20,Ecuador,Americas,Murder,2024
recBPQnBNJPiEzl9s,Mining & Extractives,Alejandro Lapo Tandazo,Male,2024-10-05,Ecuador,Americas,Murder,2024
recy90zpEtneZP1kt,Hydropower,Rémi Fraisse,Male,2014-10-26,France,Europe,Murder,2014
recA4mO8mqP1C1qHf,Poaching,Jean François Ndong Abaume,Male,2021-05-29,Gabon,Africa,Murder,2021
recyvx8VzgtWqRW5D,Mining & Extractives,Ismaila Bah,Female,2018-06-18,Gambia,Africa,Murder,2018
recjfHPgxAkhstI6P,Mining & Extractives,Bakary Kujabi,Male,2018-06-18,Gambia,Africa,Murder,2018
reckGmG0wgAGY7U6q,Other,Emmanuel Essien,Male,2019-07-05,Ghana,Africa,Disappearance,2019
recCNqx3emiPwU3ov,Other,Samuel Abayateye,Male,2023-10-30,Ghana,Africa,Disappearance,2023
recVNL2VG2YepYbHF,Mining & Extractives,Gregorio Catalán Morales,Male,2015-04-06,Guatemala,Americas,Murder,2015
recWweGPmHLIfpt4q,Logging,Benedicto de Jesús Gutiérrez Rosa,Male,2016-04-13,Guatemala,Americas,Murder,2016
recWbnBy4mB8IOIic,Hydropower,Alfredo Felipe Ramos,Male,2015-06-07,Guatemala,Americas,Murder,2015
recZrjpfagY0Oe3Mf,Land,Vidal Nahaman Cabrera Tuch,Male,2012-01-17,Guatemala,Americas,Murder,2012
rec2eKel7Ke3wVO98,Logging,Héctor Joel Saquil Choc,Male,2016-04-13,Guatemala,Americas,Murder,2016
rectFddvTsDIvSvvU,Hydropower,Rosalinda Pérez,Female,2015-12-30,Guatemala,Americas,Murder,2015
rectFTRNwEVF8EkEY,Logging,Élfido David Guardado Ponce,Male,2015-04-16,Guatemala,Americas,Murder,2015
recvfxEfkjipbwlKQ,Land,José Can Xol,Male,2018-05-10,Guatemala,Americas,Murder,2018
recxquGwrBUurivQk,Mining & Extractives,Exaltación Marcos Ucelo,Male,2013-03-18,Guatemala,Americas,Murder,2013
recyoxpVat8QgJEwJ,Hydropower,Pascual Pablo Francisco,Male,2015-03-27,Guatemala,Americas,Murder,2015
recyIop5586Gkkz7F,Land,Carlos Antonio Hernández Mendoza,Male,2013-03-08,Guatemala,Americas,Murder,2013
recDLBg2x9OAwHdBy,Mining & Extractives,Héctor Manuel Choc Cuz,Male,2018-01-31,Guatemala,Americas,Murder,2018
recEsIyu3UxIEAdCe,Mining & Extractives,Ronal David Barillas Díaz,Male,2018-01-09,Guatemala,Americas,Murder,2018
recEL99WGdQ9lMbAC,Hydropower,Sebastian Córdova Sajic,Male,2015-09-11,Guatemala,Americas,Murder,2015
recHLTAa57E9euLrb,Land,Enrique Linares,Male,2012-07-11,Guatemala,Americas,Murder,2012
recIzxcpFZehIK5dU,Mining & Extractives,Daniel Pedro Mateo,Male,2013-04-16,Guatemala,Americas,Murder,2013
recJxokWT1Ptph2nD,Mining & Extractives,Laura Leonor Vásquez Pineda,Female,2017-01-16,Guatemala,Americas,Murder,2017
recJ9Q1XZgQDcmMAL,Hydropower,Sebastián Alonso,Male,2017-01-17,Guatemala,Americas,Murder,2017
recJDyhpZx3KLUrrN,Mining & Extractives,Jeremy Abraham Barrios Lima,Male,2016-11-12,Guatemala,Americas,Murder,2016
recOmR7g88EUh5DQF,Agribusiness,Rigoberto Lima Choc,Male,2015-09-18,Guatemala,Americas,Murder,2015
recPJ896RNeiOrsGu,Hydropower,Pascual Basilio Pascual Diego,Male,2015-01-20,Guatemala,Americas,Murder,2015
recQeYu3EDvadWSAw,Hydropower,Victor Juc Maaz,Male,2014-04-20,Guatemala,Americas,Murder,2014
recR04ileExkpT0oe,Logging,Sebastián Xona,Male,2012-01-09,Guatemala,Americas,Murder,2012
recSwZAayFzXkbNpN,Hydropower,Sebastian Rax Caal,Male,2014-08-15,Guatemala,Americas,Murder,2014
recSXabXtfWZhbsTi,Mining & Extractives,Telésforo Odilio Pivaral González,Male,2015-04-05,Guatemala,Americas,Murder,2015
rec38ocBcBTvbwkIq,Mining & Extractives,Carlos Maaz Coc,Male,2017-05-27,Guatemala,Americas,Murder,2017
rec44LzxOCZcrp67J,Mining & Extractives,José Tavico Tzunun,Male,2012-06-12,Guatemala,Americas,Murder,2012
rec47rD7AZ5bG3WDs,Land,Walter Manfredo Méndez Barrios,Male,2016-03-16,Guatemala,Americas,Murder,2016
rec6gQ2rkh6kYA0ja,Hydropower,Luciano Can Cujub,Male,2014-08-15,Guatemala,Americas,Murder,2014
rec9v3sF8GIBL8WhC,Land,Gerónimo Sol Ajcot,Male,2013-03-11,Guatemala,Americas,Murder,2013
recbyNpH3I2vmYuSX,Land,Mateo Chaman Paau,Male,2018-05-13,Guatemala,Americas,Murder,2018
recc61EysGfWNZzbh,Land,Ramón Choc Sacrab,Male,2018-06-01,Guatemala,Americas,Murder,2018
reccjhTpLoy50TEN9,Hydropower,Oscar Chen Quej,Male,2014-08-15,Guatemala,Americas,Murder,2014
recfgqkHmv70qth1s,Hydropower,Caño Mateo Mateo,Male,2015-04-12,Guatemala,Americas,Murder,2015
recgYB6nXhIcEcpMk,Hydropower,Andres Francisco Miguel,Male,2012-05-01,Guatemala,Americas,Murder,2012
recj9E93W6OMPsznI,Land,Tomas Quej,Male,2013-02-26,Guatemala,Americas,Murder,2013
recjbKfXW23Q6MsxE,Logging,Juan Mateo Pop Cholom,Male,2016-04-13,Guatemala,Americas,Murder,2016
recjkeJex8z3MkflO,Land,Francisco Munguia,Male,2018-06-08,Guatemala,Americas,Murder,2018
recjWgo4ZXKvZUrDB,Mining & Extractives,Santo Fidel Ajau Suret,Male,2013-07-09,Guatemala,Americas,Murder,2013
reckGVKKnijrTArIo,Unknown,Luís Arturo Marroquín,Male,2018-05-09,Guatemala,Americas,Murder,2018
recmSLtzNcqakrxBN,Land,Alejandro Hernández García,Male,2018-06-04,Guatemala,Americas,Murder,2018
recnQqfC9TFWIQvdZ,Land,Florencio Pérez Nájera,Male,2018-06-04,Guatemala,Americas,Murder,2018
recpI4X2mxGIX9iOQ,Logging,Petrona Morán Suc,Female,2012-01-09,Guatemala,Americas,Murder,2012
recpZWiAZ63U79WwG,Land,Daniel Choc Pop,Male,2016-06-08,Guatemala,Americas,Murder,2016
recsMrSvqoPRS9ks0,Mining & Extractives,Merilyn Topacio Reynoso Pacheco,Female,2014-04-13,Guatemala,Americas,Murder,2014
recuFSj41yZsA5IeS,Mining & Extractives,Elizandro Pérez,Male,2018-11-21,Guatemala,Americas,Murder,2018
recw1FtSr44Op7Nqp,Hydropower,Luis Armando Maldonado Marin,Male,2018-05-16,Guatemala,Americas,Murder,2018
reciD3niy2XyMc4Dd,Unknown,Alfredo Norberto Mazariegos Pinto,Male,2018-08-08,Guatemala,Americas,Murder,2018
recbmxpvy8vg72Gzb,Land,Crisanto Garcia Ohajaca,Male,2018-03-29,Guatemala,Americas,Murder,2018
recuxKn9YeShGYgSS,Hydropower,Neri Esteban Pedro,Male,2018-12-17,Guatemala,Americas,Murder,2018
recKbBy6eHtAztL9S,Hydropower,Domingo Esteban Pedro,Male,2018-12-17,Guatemala,Americas,Murder,2018
recbIweKjIM8kamx8,Land,Willy René de Paz Bojórquez,Male,2019-03-17,Guatemala,Americas,Murder,2019
recUGAfpOiDxEwXJo,Logging,Obdulio Villagran,Male,2019-03-03,Guatemala,Americas,Murder,2019
rec5deBSVEsAWOMa1,Land,Melesio Ramírez,Male,2019-07-05,Guatemala,Americas,Murder,2019
reckBjNTnIp7eic58,Land,Isidro Pérez Pérez,Male,2019-07-05,Guatemala,Americas,Murder,2019
receBKWlUwYqGdW7c,Other,Diana Isabel Hernández Juárez,Female,2019-09-07,Guatemala,Americas,Murder,2019
reckmZm7BnEI5t3Nh,Land,Julio Ramírez,Female,2019-07-13,Guatemala,Americas,Murder,2019
recYGfnBBXYYFQCeB,Mining & Extractives,Paulina Cruz Ruiz,Female,2019-09-14,Guatemala,Americas,Murder,2019
reczGL3UTaGbO4VTN,Land,Manuel Pérez Hernández,Male,2019-11-07,Guatemala,Americas,Murder,2019
recXvmblGaytYkgLF,Logging,Gabriel Humberto Chacón García,Male,2019-03-20,Guatemala,Americas,Murder,2019
recmgL24YIBwW15ab,Logging,Mateo Ramírez Hernández,Male,2019-03-20,Guatemala,Americas,Murder,2019
recb2pzqVJc43UQoC,Land,Jorge Juc Cucul,Male,2019-07-25,Guatemala,Americas,Murder,2019
recYXL9VAOeeKGW5P,Land,Jorge Miguel Choc,Male,2019-01-13,Guatemala,Americas,Murder,2019
recySoz5ncWZk6Af8,Land,Dominga Ramos Saloj,Female,2020-03-05,Guatemala,Americas,Murder,2020
recnNIpj1LX9XR4YR,Agribusiness,Alberto Cucul Choc,Male,2020-06-08,Guatemala,Americas,Murder,2020
recuWO83XWiV5FXoQ,Mining & Extractives,Medardo Alonzo Lucero,Male,2020-06-15,Guatemala,Americas,Murder,2020
rectK9RTUWNqnevoq,Land,Fidel López,Male,2020-06-23,Guatemala,Americas,Murder,2020
reclz8rMKWXDOVwzb,Land,Abel Raymundo,Male,2020-07-20,Guatemala,Americas,Murder,2020
rec5JYT9IGPuZVn80,Land,Benoît Pierre Amadee Maria,Male,2020-08-10,Guatemala,Americas,Murder,2020
recssVffkz1A82Qex,Agribusiness,José Choc Chamán,Male,2020-10-31,Guatemala,Americas,Murder,2020
recWBGA9glQqrDObM,Land,Carlos Mucú Pop,Male,2020-08-17,Guatemala,Americas,Murder,2020
recnobdmgtFKXu9pt,Land,Abelardo Quej Ixim,Male,2020-12-06,Guatemala,Americas,Murder,2020
rec4g2td6ik9h6o7v,Land,Mixael López Catalán,Male,2020-08-11,Guatemala,Americas,Murder,2020
recpNT6VrzLvJsDO4,Agribusiness,Carlos Enrique Coy,Male,2020-08-03,Guatemala,Americas,Disappearance,2020
rec4E4GytALai2j65,Other,Jonathan Villagrán,Male,2020-12-26,Guatemala,Americas,Murder,2020
recyTJHUx7AEZHu82,Land,S.P.C,Male,2020-09-03,Guatemala,Americas,Murder,2020
recnd6GyacDLUnkt5,Land,Emilio Aguilar Jiménez,Male,2021-04-11,Guatemala,Americas,Murder,2021
rec8Xfq6lFhnRmT7f,Land,Ramón Jiménez,Male,2021-09-20,Guatemala,Americas,Murder,2021
recDj6zqt9dat3XDJ,Land,Regilson Choc Cac,Male,2021-07-20,Guatemala,Americas,Murder,2021
recPfBA2AemB76JYH,Land,Alberto Tec Caal,Male,2021-08-22,Guatemala,Americas,Murder,2021
recO8UhAYug6sff6w,Land,Pablo Ramos,Male,2022-06-07,Guatemala,Americas,Murder,2022
rec1Fdrwvn3xlDFZc,Land,Tereso Cárcamo Flores,Male,2022-12-04,Guatemala,Americas,Murder,2022
recvvayWxLpPfI2fo,Land,Nicolasa López Méndez,Female,2023-05-06,Guatemala,Americas,Murder,2023
recgkLMq8xd4nvDVb,Land,Victoria Méndez Agustín,Female,2023-05-06,Guatemala,Americas,Murder,2023
rec4eiXYs5Vl6Xc4x,Land,Noé Gómez Barrera,Male,2023-10-28,Guatemala,Americas,Murder,2023
recczao90iIsBsEic,Land,Sonia Janeth Guevara Ávila,Female,2023-10-04,Guatemala,Americas,Murder,2023
recCN4aKkanXigSp0,Agribusiness,Francisco Pop Ico,Male,2024-10-17,Guatemala,Americas,Murder,2024
reczL3swYg7xgxOda,Other,Luis Emilio Vasquez de León,Male,2024-06-05,Guatemala,Americas,Murder,2024
reciiG6g6bI30GgC2,Land,José Alberto Domingo Montejo,Male,2024-06-05,Guatemala,Americas,Murder,2024
reczdL8Y4yRusihL7,Land,Marcelo Yaxón Pablo,Male,2024-06-05,Guatemala,Americas,Murder,2024
recLdgeiB0U5rpQd3,Other,Victor Canel,Male,2024-08-03,Guatemala,Americas,Murder,2024
recVqOZvqxVPkBEzT,Other,Oswaldo Castro,Male,2024-08-03,Guatemala,Americas,Murder,2024
recJdHCOdcGR8KOMu,Land,Diego Francisco Jacinto,Male,2024-01-21,Guatemala,Americas,Murder,2024
recOOl6597uveECIr,Mining & Extractives,Child (Maya Poqomam),Male,2024-04-18,Guatemala,Americas,Murder,2024
recKw6ahzftb2RgNT,Land,Santos López Hernández,Male,2024-08-19,Guatemala,Americas,Murder,2024
recLL4RuXP8NUkamS,Land,Valeriano López Méndez,Male,2024-08-31,Guatemala,Americas,Murder,2024
recInvyyAB7VzCduc,Mining & Extractives,Felipe Xo Quib,Male,2024-10-29,Guatemala,Americas,Murder,2024
rec8kaYCUeZr6qxU5,Other,Álvaro Isidro Gudiel Recinos,Male,2024-05-29,Guatemala,Americas,Murder,2024
recxkH7mlnG835PKL,Land,Dancy Nohemy De La Cruz,Female,2024-03-07,Guatemala,Americas,Murder,2024
recCee8AQLDCDeVnv,Land,Edith Del Rosario Cifuentes López,Female,2024-03-08,Guatemala,Americas,Murder,2024
rec3nt9ULTkt3K77g,Land,Edy Amilcar Caal,Male,2024-08-01,Guatemala,Americas,Murder,2024
recmr0FPF1CqqZw8l,Land,Kendal Gonzales Torres,Male,2024-12-29,Guatemala,Americas,Murder,2024
rec2So9Fl9623UmG2,Land,Samuel Callejas,Male,2024-09-01,Guatemala,Americas,Murder,2024
recNfHq42EhkhLhZC,Land,Dilan De Rosa,Male,2024-08-05,Guatemala,Americas,Murder,2024
reckQYVZ97KQjwxyC,Land,Alex Ernan Morales Escamilla,Male,2024-08-03,Guatemala,Americas,Murder,2024
recOEHMOAC3SFZRQD,Land,Francisco Cuteres,Male,2024-04-13,Guatemala,Americas,Murder,2024
recUAI9ugwTFNoEFL,Land,Uva Erlinda Castellanos,Female,2014-03-27,Honduras,Americas,Murder,2014
recWZNBPhxKScC0Fh,Land,Matías Vallé,Male,2012-01-20,Honduras,Americas,Murder,2012
recZlRxmrWjn5kIxy,Hydropower,Juan Francisco Martínez,Male,2015-01-04,Honduras,Americas,Murder,2015
recZKLpZpozMYwa01,Hydropower,Tomas García,Male,2013-07-15,Honduras,Americas,Murder,2013
rec1nGesf5fHDeqHp,Hydropower,Pedro Pérez,Male,2014-02-16,Honduras,Americas,Murder,2014
rec2PkoIi27Ooo3SK,Land,Rufino Alexis Bulnes Mejía,Male,2016-06-04,Honduras,Americas,Murder,2016
rect3nczGzXngDqlt,Land,José Cecilio Pérez Martínez,Male,2012-11-09,Honduras,Americas,Murder,2012
rectIdGzMRU3GtwmH,Land,José Luis Dubón,Male,2012-07-08,Honduras,Americas,Murder,2012
rectOZnxCnxhZWgEP,Hydropower,Lesbia Yaneth Urquía Urquía,Female,2016-07-05,Honduras,Americas,Murder,2016
recvbKxmYA4eMdQMy,Land,Juan Ángel López Miralda,Male,2014-11-11,Honduras,Americas,Murder,2014
recwp66WRvX8PyqCC,Mining & Extractives,María Enriqueta Matute,Female,2013-08-25,Honduras,Americas,Murder,2013
recyrVe09VMejZ5xU,Land,Santos Filander Matute,Male,2016-02-21,Honduras,Americas,Murder,2016
reczEYty14E5hPwtO,Mining & Extractives,Ricardo Soto Funez,Male,2013-08-25,Honduras,Americas,Murder,2013
recAbLtRGXZoCNICg,Agribusiness,Leodan Mancías,Male,2017-11-14,Honduras,Americas,Murder,2017
recAe1LGZzvi6cpWa,Hydropower,Maycol Ariel Rodríguez,Male,2014-10-29,Honduras,Americas,Murder,2014
recAFKBrdQ0ropuYc,Unknown,Eliseo Rodríguez,Male,2015-09-03,Honduras,Americas,Murder,2015
recBmjmc7QyPm7vxr,Land,Lenín Adolfo Castañeda,Male,2014-03-14,Honduras,Americas,Murder,2014
recCHLND3KTYco4i6,Land,Jacobo López Erazo,Male,2012-07-07,Honduras,Americas,Murder,2012
recDPXW9VOIh7u4P8,Hydropower,Berta Cáceres,Female,2016-03-02,Honduras,Americas,Murder,2016
recF0Pe1mG8rmPo8u,Land,Carlos apellido desconocido,Male,2012-08-09,Honduras,Americas,Murder,2012
recG39wSXcu064E7z,Land,Nelson Noé García Laínez,Male,2016-03-15,Honduras,Americas,Murder,2016
recHWGsFtVYR5a7wB,Agribusiness,Silmer Dionisio George,Male,2016-10-18,Honduras,Americas,Murder,2016
recJ7ELkOsz9IBxcr,Land,William Alvarado,Male,2013-02-02,Honduras,Americas,Murder,2013
recJmCeBlnVNGpvAP,Land,Héctor Navarra,Male,2012-09-09,Honduras,Americas,Murder,2012
recJq3pX7oumrkGpU,Land,Moisés Durón Sánchez,Male,2015-05-20,Honduras,Americas,Murder,2015
recJBNPJDE5ZeRj1H,Land,José Antonio López,Male,2012-05-05,Honduras,Americas,Murder,2012
recLx7qWAXdDhGldz,Logging,Luis de Reyes Marcía,Male,2015-04-04,Honduras,Americas,Murder,2015
recLX9wWdvsqjFBne,Other,Francisca Arabella Briceño Rivera,Female,2014-06-03,Honduras,Americas,Murder,2014
recMYItTyxYd7LRqC,Hydropower,Silvestre Manueles Gómez,Male,2015-05-01,Honduras,Americas,Murder,2015
recNhsmS1iMtV1WRg,Land,Marvin Daneri Trochez,Male,2012-08-09,Honduras,Americas,Murder,2012
recOYNYbNqtlUjX4H,Land,Luis Antonio Ramos Reyes,Male,2013-01-11,Honduras,Americas,Murder,2013
recPk0rNcQipPD2vf,Land,Adelmo Leiva,Male,2012-11-25,Honduras,Americas,Murder,2012
recPFqRhT5nBbcojG,Land,Santos Jacobo Cartagena,Male,2013-02-16,Honduras,Americas,Murder,2013
recPT3Y4C3X6mHP1o,Land,José Omar Rivera Paz,Male,2012-11-03,Honduras,Americas,Murder,2012
recQxIZSx3l2vHM1Y,Agribusiness,Héctor Noé Cárcamo Castellanos,Male,2017-11-17,Honduras,Americas,Murder,2017
recQdvokBoSdUookV,Land,Evaristo López,Male,2012-07-29,Honduras,Americas,Murder,2012
recQmjtzHHx2LWbPK,Hydropower,Javier Vásquez Benítez,Male,2015-12-20,Honduras,Americas,Murder,2015
recSRW4pG5Rcr3qcr,Land,Ivis Ortega,Male,2012-09-12,Honduras,Americas,Murder,2012
rec3Afaxn0iaG2DqW,Land,Margarita Murillo,Female,2014-08-26,Honduras,Americas,Murder,2014
rec7dYYDcTOBzuOIH,Hydropower,Carlos Hernández,Male,2018-04-10,Honduras,Americas,Murder,2018
rec82Rx3Quuq0qZdE,Mining & Extractives,Rigoberto López Hernández,Male,2014-05-03,Honduras,Americas,Murder,2014
recaGvuHXAKlWleXx,Land,Israel García Pérez,Male,2012-07-26,Honduras,Americas,Murder,2012
recbrFHwpuGZUDLWo,Hydropower,Silvino Zapata,Male,2017-10-15,Honduras,Americas,Murder,2017
recbtBydDdXkx1tlc,Land,Orlando Orellana,Male,2014-05-04,Honduras,Americas,Murder,2014
recb9s5jwiPqfK093,Land,Marvin Jose Andrade,Male,2012-03-12,Honduras,Americas,Murder,2012
recbcVrNqvy11Aqq2,Land,Reinaldo Rivera Paz,Male,2012-11-03,Honduras,Americas,Murder,2012
recbCP2FcWcYCutSi,Land,Orlando Campos,Male,2012-11-03,Honduras,Americas,Murder,2012
recbZAY61IEe8fbP4,Land,Juan José Peralta Escoto,Male,2012-05-16,Honduras,Americas,Murder,2012
reccLVUMQ5G6Fb8Db,Land,Arnoldo Trochez,Male,2012-04-10,Honduras,Americas,Murder,2012
recebDHbvWpkjjd4m,Land,Adonis López,Male,2012-04-11,Honduras,Americas,Murder,2012
receYrpSHYgfQjduG,Land,Jose Braulio Diaz Lopez,Male,2012-08-27,Honduras,Americas,Murder,2012
recfrJVHmGTMtG4pA,Agribusiness,Manuel Milla,Male,2016-06-19,Honduras,Americas,Murder,2016
recgyBvKg0SCuOJGB,Logging,José de los Santos Sevilla,Male,2017-02-17,Honduras,Americas,Murder,2017
recg32LObthCAq9lf,Land,Gregorio Chávez,Male,2012-07-02,Honduras,Americas,Murder,2012
rechw94Jmf44l7rKZ,Agribusiness,José Alfredo Rodríguez,Male,2017-09-20,Honduras,Americas,Murder,2017
rechEhTviO2Cnas26,Land,Wesley Santos Avila,Male,2012-11-29,Honduras,Americas,Murder,2012
rechJXBH76653Wqxo,Logging,Erasio Vieda Ponce,Male,2015-06-19,Honduras,Americas,Murder,2015
reciyQ1IGw3PPve1w,Mining & Extractives,Armando Funez Medina,Male,2013-08-25,Honduras,Americas,Murder,2013
reci9efq6RuiY6KxP,Logging,Justo Sorto,Male,2014-01-21,Honduras,Americas,Murder,2014
recj48b2g4ngT2Oqo,Land,Herman Alejandro Maldonado,Male,2012-09-12,Honduras,Americas,Murder,2012
reckdB47fOu9LHzW5,Mining & Extractives,Luis Fernando Ayala,Male,2018-02-20,Honduras,Americas,Murder,2018
reckm0LerGYezMPnv,Hydropower,Jairo Ramírez,Male,2016-03-03,Honduras,Americas,Murder,2016
reckCUNKSqVxJE8gq,Land,Jose Efraín Del Cid,Male,2012-05-18,Honduras,Americas,Murder,2012
recm5Gwxbz3HtpP7C,Land,Alma Yamileth Díaz,Female,2014-03-27,Honduras,Americas,Murder,2014
recm8La7wv6KzLaWE,Hydropower,William Jacobo Rodríguez,Male,2014-05-25,Honduras,Americas,Murder,2014
recnZfzUiEvEMY5qp,Land,Manuel Antonio Pérez,Male,2013-01-11,Honduras,Americas,Murder,2013
recozTaWgCnloeZtw,Unknown,Mario Zamora Lara,Male,2015-12-28,Honduras,Americas,Murder,2015
reco2ErhI4ucWewUQ,Land,Jose Trejo Cabrera,Male,2013-02-16,Honduras,Americas,Murder,2013
recpMaoM2AJsIiHNt,Land,Juan Perez,Male,2013-02-02,Honduras,Americas,Murder,2013
recrS7jcG2s7S8TRN,Land,Antonio Trejo Cabrera,Male,2012-09-22,Honduras,Americas,Murder,2012
recT3C529y2FVq2Ez,Hydropower,Geovanny Díaz Cárcamo,Male,2018-01-23,Honduras,Americas,Murder,2018
rec3MuygEq3OFL0Ka,Hydropower,Ramón Fiallos,Male,2018-01-22,Honduras,Americas,Murder,2018
recO1IQgrF5Rc6B0v,Logging,Salomón Matute,Male,2019-02-25,Honduras,Americas,Murder,2019
recMUku8ZRo0uXMhv,Logging,Juan Samael Matute,Male,2019-02-25,Honduras,Americas,Murder,2019
recUoAhoxGH030lfw,Logging,Milgen Idan Soto Ávila,Male,2019-09-28,Honduras,Americas,Murder,2019
rech75hjF6JrB8EYh,Hydropower,Mirna Teresa Suazo Martínez,Female,2019-09-08,Honduras,Americas,Murder,2019
reclN1znMVTqds08N,Logging,Adolfo Redondo,Male,2019-09-30,Honduras,Americas,Murder,2019
recWCqeHa2WHdOLN5,Hydropower,Olban Adonay Gómez García,Male,2019-03-10,Honduras,Americas,Murder,2019
rec7xsT36XYVbYsV3,Mining & Extractives,Roberto Antonio Argueta Tejada,Male,2019-08-28,Honduras,Americas,Murder,2019
recBRpt1ojQfyd9Ya,Land,María Digna Montero,Female,2019-10-12,Honduras,Americas,Murder,2019
recP3m6w4ylMSTDM2,Agribusiness,Oscar Francisco Guerrero Centeno,Male,2019-10-19,Honduras,Americas,Murder,2019
recPVBclQY9igHlGR,Land,Abad Miguel Guity,Male,2019-10-04,Honduras,Americas,Murder,2019
rec8uPNx0PL36SOAp,Land,Noel Isaac del Cid,Male,2019-01-05,Honduras,Americas,Murder,2019
recKjN7k7PT91Y3py,Mining & Extractives,Santos Isidro Cruz,Male,2019-06-12,Honduras,Americas,Murder,2019
recgXftmUfkfmke1M,Land,Efraín Martínez Martínez,Male,2019-12-29,Honduras,Americas,Murder,2019
rec2O1AkYexMATPSY,Land,Karla Ignacia López Martínez,Female,2020-01-11,Honduras,Americas,Murder,2020
rechIWgD8YgTruNfg,Land,Santos Felipe Escobar García,Male,2019-12-21,Honduras,Americas,Murder,2019
recAv3EjHCtAiXbZ1,Agribusiness,Iris Argentina Álvarez,Female,2020-04-02,Honduras,Americas,Murder,2020
rec7s6RYNGtaLL0ca,Land,Antonio Bernárdez,Male,2020-06-13,Honduras,Americas,Disappearance,2020
recigA779URnR75cO,Land,Marvin Damián Castro Molina,Male,2020-07-12,Honduras,Americas,Murder,2020
receSoRywHCQ416CY,Hydropower,José Antonio Teruel,Male,2020-09-27,Honduras,Americas,Murder,2020
recWgoGzvhaGGSIRp,Hydropower,Francisca Aracely Zavala,Female,2020-09-27,Honduras,Americas,Murder,2020
recjLF8jYHkbo2uY5,Hydropower,Marco Tulio Zavala,Male,2020-09-27,Honduras,Americas,Murder,2020
recdJHXZyztRlWW84,Mining & Extractives,Arnold Joaquín Morazán,Male,2020-10-13,Honduras,Americas,Murder,2020
recbU2qZn3AUJkvvz,Land,Laura Carolina Valentín Dolmo,Female,2020-11-24,Honduras,Americas,Murder,2020
recMSMhKiASqXgNym,Agribusiness,Félix Vásquez López,Male,2020-12-26,Honduras,Americas,Murder,2020
reczqzdwPRilWANwQ,Land,Adán Mejía,Male,2020-12-29,Honduras,Americas,Murder,2020
rec5bZydlGtquHjDB,Land,Alberth Sneider Centeno Tomas,Male,2020-07-18,Honduras,Americas,Disappearance,2020
recXxRdANBAnTd8M5,Land,Milton Martínez Álvarez,Male,2020-07-18,Honduras,Americas,Disappearance,2020
recX33KBN70fYiZnx,Land,Suami Aparicio Mejía García,Male,2020-07-18,Honduras,Americas,Disappearance,2020
recaTNMLMlMhIPIon,Land,Gerardo Mizael Róchez Cálix,Male,2020-07-18,Honduras,Americas,Disappearance,2020
recxytWXBATu3FaO7,Land,Vicente Zaavedra,Male,2020-01-09,Honduras,Americas,Murder,2020
rec46ymBJi3fERTr6,Hydropower,Juan Carlos Cerros Escalante,Male,2021-03-21,Honduras,Americas,Murder,2021
recXsOesTxXst3TcQ,Land,David Fernando Padilla,Male,2021-02-13,Honduras,Americas,Murder,2021
recTaFHgdUn1PyTnF,Land,Víctor Martínez,Male,2021-03-03,Honduras,Americas,Murder,2021
rec0eBeEALyR7w9Fz,Land,Martín Abad Pandy,Male,2021-03-03,Honduras,Americas,Murder,2021
recMR5QztNesteyzb,Agribusiness,Edwin Fernández Saravia,Male,2020-05-21,Honduras,Americas,Murder,2020
rec9y66eVnF4RZb0p,Land,Juan Manuel Moncada,Male,2021-07-09,Honduras,Americas,Murder,2021
recVgnKJBNbTQPdEd,Land,Celenia Bonilla,Female,2021-11-21,Honduras,Americas,Murder,2021
recCKkzQBT0vipVWL,Land,Nelson García,Male,2021-11-21,Honduras,Americas,Murder,2021
reccYe0qbI8Een03Y,Land,Óscar Javier Pérez,Male,2021-10-10,Honduras,Americas,Murder,2021
recdkM8C9DJbNX17r,Land,Melvin Geovany Mejía Rodríguez,Male,2022-01-22,Honduras,Americas,Murder,2022
recjgaz5MHnQP4CSE,Land,Alonso Salgado Cabalero,Male,2022-05-01,Honduras,Americas,Murder,2022
recERRo0oYA65KkIk,Land,Justo Benítez Sánchez,Male,2022-04-30,Honduras,Americas,Murder,2022
recxHyQzTcB2o2ZBs,Land,Roberto Carlos Palencia Fuentes,Male,2016-02-21,Honduras,Americas,Murder,2016
reclpq5UBtOKJ6io0,Land,Nahún Alberto Morazán Sagastume,Male,2016-02-21,Honduras,Americas,Murder,2016
recBIfWYzXAQpOOra,Land,Elvin Joel Palencia Fuentes,Male,2016-02-21,Honduras,Americas,Murder,2016
rech43GUrMBFldMuM,Land,José Pantaleón Alvarenga Galdámez,Male,2016-02-21,Honduras,Americas,Murder,2016
reckz7EGRLeaZJuwY,Agribusiness,Allan Reyneri Martínez Pérez,Male,2016-06-19,Honduras,Americas,Murder,2016
recaXUlozXdwBnz8t,Agribusiness,José Ángel Flores,Male,2016-10-18,Honduras,Americas,Murder,2016
rec4XhYJ28sDlQwIq,Land,Marco Antonio Pineda,Male,2022-11-23,Honduras,Americas,Murder,2022
reccbU2NOElpOgMLH,Land,Aly Domínguez,Male,2023-01-07,Honduras,Americas,Murder,2023
recQTf7MQqncHcDHk,Land,Jairo Bonilla,Male,2023-01-07,Honduras,Americas,Murder,2023
recO1pNrwTnYr6mYk,Land,Omar Cruz Tomé,Male,2023-01-18,Honduras,Americas,Murder,2023
recN4YIzD1ck4CvVZ,Land,Sandy Martínez Murillo,Male,2023-01-18,Honduras,Americas,Murder,2023
rec1gs7LQOSq9L8pi,Land,Santos Hipólito Rivas,Male,2023-02-12,Honduras,Americas,Murder,2023
recDHnK2NyZztdRjO,Land,Javier Rivas,Male,2023-02-12,Honduras,Americas,Murder,2023
recWTP6kfntkUTzjr,Other,Donaldo Rosales Meza,Male,2022-05-15,Honduras,Americas,Murder,2022
recgd47h792LxwMdK,Land,Marco Tulio Paredes Molina,Male,2022-05-27,Honduras,Americas,Murder,2022
recenSmhyEwvcON4K,Land,Francisco Ruiz,Male,2022-05-08,Honduras,Americas,Murder,2022
recnSaFyioY22D95s,Land,José Santos Godínez Ruiz,Male,2022-01-31,Honduras,Americas,Murder,2022
rec7YvNnc132UjqmI,Land,Pablo Isabel Hernández Rivera,Male,2022-01-09,Honduras,Americas,Murder,2022
recO2PXyBRpnFpimy,Land,Wilmer Alexis Domínguez Madrid,Male,2022-05-10,Honduras,Americas,Murder,2022
rec240GVx9g3OKmfg,Land,Marlon Feliciano Montes Núñez,Male,2022-02-25,Honduras,Americas,Murder,2022
recEGpebiP8MD5L34,Land,Mauricio Ezquivel,Male,2022-12-21,Honduras,Americas,Murder,2022
rec80c3e6G2eSSAXr,Land,Marta Elizabeth Colindres,Female,2022-07-30,Honduras,Americas,Murder,2022
recDlU2OcFnkOcs2K,Land,Santiago Chacón,Male,2022-12-25,Honduras,Americas,Murder,2022
recGHCduOfCq9HQd2,Land,Martín Morales Martínez,Male,2023-05-29,Honduras,Americas,Murder,2023
rec7SNDM2p6s9UK29,Mining & Extractives,Óscar Oquelí Domínguez Ramos,Male,2023-06-15,Honduras,Americas,Murder,2023
recNymoCdHNOlUOGg,Hydropower,Benigno Maldonado,Male,2023-02-18,Honduras,Americas,Murder,2023
reclFL9ogQWepzeTk,Land,Kevin Meza,Male,2023-10-14,Honduras,Americas,Murder,2023
recq8wSjHsAoOf7p1,Land,José David Fortín,Male,2023-09-24,Honduras,Americas,Murder,2023
rec4eHcGbFxWT0j1w,Land,Juana María Martínez,Female,2023-09-23,Honduras,Americas,Murder,2023
recOJepJ63Vp8WuTm,Land,José Gilberto Martínez Cardona,Male,2023-04-18,Honduras,Americas,Murder,2023
recxvrzHTdimqMYxk,Land,Ricardo Arnaúl Montero,Male,2023-01-29,Honduras,Americas,Murder,2023
recu2Q3zp74AJ1cH1,Land,Amilcar Vieda,Male,2023-05-09,Honduras,Americas,Murder,2023
recQweIuM8xTrPXIk,Land,Naún Ismael Chacón,Male,2023-05-09,Honduras,Americas,Murder,2023
rec9jwzDynmHGpe1A,Land,Jacinto Adonay Meza,Male,2023-05-17,Honduras,Americas,Murder,2023
recEi0LSHQ3eqr3vo,Land,Emerson Martínez,Male,2023-03-25,Honduras,Americas,Murder,2023
rec7vXLDTzrrBDRV9,Logging,Luis Alonso Teruel,Male,2024-01-28,Honduras,Americas,Murder,2024
recygLx9iz08unOGQ,Mining & Extractives,Juan López,Male,2024-09-14,Honduras,Americas,Murder,2024
reclIL55H8MjA0TuS,Land,José Abel López Perdomo,Male,2024-01-30,Honduras,Americas,Disappearance,2024
recDH1BwDaOyUQnop,Land,Marvin Dubón,Male,2024-03-17,Honduras,Americas,Murder,2024
recVJxpMTX65stXRU,Land,Selvin Noé García Pérez,Male,2024-10-17,Honduras,Americas,Murder,2024
recAk5rcvxrsVPhVA,Land,Olman García Ortiz,Male,2024-08-04,Honduras,Americas,Murder,2024
recUdYLczvXP0Ykan,Mining & Extractives,J Snowlin,Female,2018-05-22,India,Asia,Murder,2018
recUBwi7nEii2jh5g,Mining & Extractives,S Jegadish Dura,Male,2018-05-07,India,Asia,Murder,2018
recUWqZIv4akoi5d3,Logging,Dadli Lazar,Male,2016-04-10,India,Asia,Murder,2016
recWIVqmbDy4OMhiy,Mining & Extractives,Niranjan Yadav,Male,2017-05-19,India,Asia,Murder,2017
rec0Z0NNGNTwY3n3w,Land,Abraham Munda,Male,2016-10-22,India,Asia,Murder,2016
rec1yia1NTRLWw6d8,Mining & Extractives,Bismarque Dias,Male,2015-11-07,India,Asia,Murder,2015
rec2sTxdDCoSO0Xj9,Mining & Extractives,Suresh Oraon,Male,2018-06-07,India,Asia,Murder,2018
rec2y4FTmIkDJUcFk,Land,Krupasindhu Sahu,Male,2015-01-26,India,Asia,Murder,2015
rec2AkDFTC4ewK3Gj,Land,Jailal Rathia,Male,2017-03-17,India,Asia,Murder,2017
rec2Mpc4DfNReRYqt,Mining & Extractives,Gladston,Male,2018-05-22,India,Asia,Murder,2018
recttYR7NbpUtGhIg,Land,Thanikachalam,Male,2014-11-11,India,Asia,Murder,2014
recvD1bmW9bzBlAT7,Mining & Extractives,Antony Selvaraj,Male,2018-05-22,India,Asia,Murder,2018
recwxYOWSyLitxppA,Logging,Jagdish Binjwar,Male,2016-07-10,India,Asia,Murder,2016
recx6QtFYGbJrLWpA,Mining & Extractives,Pehelwan Singh,Male,2017-03-24,India,Asia,Murder,2017
recxUpctKxsj4uT0k,Mining & Extractives,Manda Katraka,Male,2016-02-27,India,Asia,Murder,2016
recz2NMvCT2cPHFvT,Other,Fakhruddin,Male,2016-09-19,India,Asia,Murder,2016
recCQnDSHcjZ4UQji,Mining & Extractives,Uday Yadav,Male,2017-05-19,India,Asia,Murder,2017
recCSOMUF2SWpQL9D,Other,Alamgeer Sheikh,Male,2017-01-17,India,Asia,Murder,2017
recELvkTxncYHpzxn,Land,Adangu Gomango,Male,2016-05-23,India,Asia,Murder,2016
recEP0BQzsH4kPeZo,Mining & Extractives,Ranjith Kumar,Male,2018-05-22,India,Asia,Murder,2018
recFXegTHRpDOe8aX,Mining & Extractives,Jayaraman,Male,2018-05-22,India,Asia,Murder,2018
recImO8c1e9scEhYR,Mining & Extractives,Jancy Rani,Female,2018-05-22,India,Asia,Murder,2018
recK0wUgW2Q3AtwMt,Hydropower,Dashrath Nayak,Male,2016-08-29,India,Asia,Murder,2016
recMXx0pvDGr8E5lv,Mining & Extractives,Selvasekar,Male,2018-05-22,India,Asia,Murder,2018
recPeTSYeFxW2CQmX,Mining & Extractives,Narendra Kumar Sharma,Male,2016-03-06,India,Asia,Murder,2016
recQSD0GOyXTsUjhV,Other,Anjuma Khatun,Female,2016-09-19,India,Asia,Murder,2016
recQWwBoXhduVd0Jf,Logging,Daulat Ram Lader,Male,2017-02-20,India,Asia,Murder,2017
recRq3Okjsyn4HcuP,Other,Lalita,Female,2017-03-27,India,Asia,Murder,2017
recRHpT5JQMCkXwLX,Hydropower,Ram Lakhan Mahato,Male,2016-08-29,India,Asia,Murder,2016
recRX5ob4ULtZSQbG,Mining & Extractives,Kaliappan,Male,2018-05-23,India,Asia,Murder,2018
rec3sYBupy5vlVUSk,Mining & Extractives,Ranjan Kumar Das,Male,2016-10-01,India,Asia,Murder,2016
rec4FDzneeF6Gzdzr,Mining & Extractives,Jagendra Singh,Male,2015-06-08,India,Asia,Murder,2015
rec5fvQUkNXd3fJUk,Mining & Extractives,Abhishek Roy,Male,2016-10-01,India,Asia,Murder,2016
rec7q3kEN3t8bQv1e,Mining & Extractives,Tamilarasan,Male,2018-05-22,India,Asia,Murder,2018
rec82T17uOLF1b0Fr,Mining & Extractives,Mehtab Ansari,Male,2016-10-01,India,Asia,Murder,2016
recbRuwUZVPhz1JJH,Mining & Extractives,Pawan Kumar,Male,2016-10-01,India,Asia,Murder,2016
recfidDGyv0dEX8IO,Mining & Extractives,Kanthiah,Male,2018-05-22,India,Asia,Murder,2018
recfCp6xh2RVqEfqs,Logging,Sheik Baji Sahid,Male,2016-04-10,India,Asia,Murder,2016
recgzz3wZi961aXur,Mining & Extractives,M Karthi,Male,2018-05-22,India,Asia,Murder,2018
recgn2lA7Mgg2fySV,Poaching,Janak Deuri,Male,2015-03-11,India,Asia,Murder,2015
rechMYhRbExlrF46L,Mining & Extractives,Maniraj,Male,2018-05-22,India,Asia,Murder,2018
reclWvxbfXFrN7wY0,Mining & Extractives,Sandeep Sharma,Male,2018-03-26,India,Asia,Murder,2018
recniLN5gXfV5w9WA,Mining & Extractives,Poipynhun Majaw,Male,2018-03-20,India,Asia,Murder,2018
recocvgyfVuMuv0u4,Mining & Extractives,Vimlesh Yadav,Male,2017-05-19,India,Asia,Murder,2017
recoMBk9kU9X6i77e,Mining & Extractives,Shanmugam,Male,2018-05-22,India,Asia,Murder,2018
recpyvflnTjtGYbHr,Mining & Extractives,B Sailu,Male,2018-01-04,India,Asia,Murder,2018
recpLa3T2G3HVhJ0j,Logging,Motilal Sahu,Male,2015-06-12,India,Asia,Murder,2015
recqT0i6dd1JBdSnZ,Poaching,Dharmendra Vala,Male,2017-03-04,India,Asia,Murder,2017
recrqERxLIKmfEnfs,Other,Mafizul Khan,Male,2017-01-17,India,Asia,Murder,2017
recrRj0jGSHohSm5c,Mining & Extractives,Sandeep Kothari,Male,2015-06-20,India,Asia,Murder,2015
recFEQUpDSJBfTO17,Hydropower,Ajit Maneshwar Naik,Male,2018-07-27,India,Asia,Murder,2018
rec3ggry50w3RkJyL,Mining & Extractives,Subedar Singh Kushwaha,Male,2018-09-07,India,Asia,Murder,2018
recVcQO9dJLhO3zFW,Unknown,Himmat Kol,Male,2018-10-18,India,Asia,Murder,2018
recE2yMhojG92DJRk,Mining & Extractives,Murugan Marudhavanan,Male,2018-11-29,India,Asia,Murder,2018
recg6y0HUk5LJlKin,Mining & Extractives,B Mohan,Male,2019-06-02,India,Asia,Murder,2019
recVTXnm6mvLg2q5e,Mining & Extractives,Nallathambi alias Vaandu,Male,2019-07-29,India,Asia,Murder,2019
recP00j9iSMaQABb8,Mining & Extractives,Veeramalai alias Ramar,Male,2019-07-29,India,Asia,Murder,2019
recHUsTmBxKqX5HoP,Mining & Extractives,Podiya Sori,Male,2019-09-13,India,Asia,Murder,2019
recArO7wvIAZy3tUG,Mining & Extractives,Lacchu Midiyami,Male,2019-09-13,India,Asia,Murder,2019
rec1WubaAVofrAPaU,Other,Naresh Mitra,Male,2019-12-09,India,Asia,Murder,2019
recQWuJOQ9f4gbbfJ,Mining & Extractives,Shubham Mani Tripathi,Male,2020-06-19,India,Asia,Murder,2020
recAaTw5WQpTP1v9G,Mining & Extractives,Pankaj Kumar,Male,2020-01-03,India,Asia,Murder,2020
recWFf3gDokybVPmL,Mining & Extractives,Ranjan Kumar Das,Male,2020-02-01,India,Asia,Murder,2020
recN8ug3fug1OGqdx,Land,Isravel Moses,Male,2020-11-08,India,Asia,Murder,2020
recvjq3WS9QEzmK3T,Land,Vipin Agarwal,Male,2021-09-24,India,Asia,Murder,2021
recjQmdW22QJtGwdO,Land,T Shridhar,Male,2021-07-15,India,Asia,Murder,2021
recBFd6UQ4ISri7QY,Land,Venkatesh S,Male,2021-07-15,India,Asia,Murder,2021
recnXjKlthsxKNj5N,Land,Stan Swamy,Male,2021-07-05,India,Asia,Murder,2021
recAfEzHvJXZslGws,Land,Nakshatra Singh,Male,2021-10-03,India,Asia,Murder,2021
recEf2jIRsy02c2iF,Land,Daljeet Singh,Male,2021-10-03,India,Asia,Murder,2021
reczOpPmI28e8TuHM,Land,Lavepreet Singh,Male,2021-10-03,India,Asia,Murder,2021
reccpohmnEZqdOxXu,Land,Gurvinder Singh,Male,2021-10-03,India,Asia,Murder,2021
rec37IXcIrUNFkh8b,Land,Maynal Haque,Male,2021-09-23,India,Asia,Murder,2021
recjVE043InSDgyvL,Land,Sheikh Farid,Male,2021-09-23,India,Asia,Murder,2021
recctT9w7OGPrKAxb,Land,Saddam Husaain,Male,2021-09-23,India,Asia,Murder,2021
recr6tNIF96MMFn6V,Other,Ursa Bhima,Male,2021-05-17,India,Asia,Murder,2021
recHs04OSguzACQA9,Other,Kawasi Waga,Male,2021-05-17,India,Asia,Murder,2021
recPp3TChsLmCVN9k,Other,Uika Pandu,Male,2021-05-17,India,Asia,Murder,2021
recsYgJGD7xVwOy1H,Mining & Extractives,Rajesh Sao,Male,2016-10-01,India,Asia,Murder,2016
recvZNVSQ2YBw9FYL,Mining & Extractives,Jeganathan,Male,2022-09-10,India,Asia,Murder,2022
recmzyNfdpIwDNhkk,Mining & Extractives,Narendra Balia,Male,2022-10-03,India,Asia,Murder,2022
rec6rcCckbL3rCic2,Other,Mahmed Haroon,Male,2023-12-12,India,Asia,Murder,2023
recE9kXuK7wSZA4Ta,Land,Nalla Ramakrishnaiah,Male,2023-06-18,India,Asia,Murder,2023
recteNIQgNI5IQT6s,Other,Sendhu Munda,Male,2023-05-06,India,Asia,Murder,2023
recbe7SuHawDgCxca,Mining & Extractives,Shashikant Warishe,Male,2023-02-06,India,Asia,Murder,2023
rectop5QodaLK02LE,Other,Washim Sajad,Male,2023-04-07,India,Asia,Murder,2023
rec4ISOUM7RWsFrpU,Mining & Extractives,Gokarakonda Naga Saibaba,Male,2024-10-12,India,Asia,Murder,2024
recxOGayqVvAObHWE,Agribusiness,Jopi Peranginangin,Male,2015-05-23,Indonesia,Asia,Murder,2015
rec4oSmMlQ0gJ8Xsq,Mining & Extractives,Salim Kancil,Male,2015-09-26,Indonesia,Asia,Murder,2015
rec5d9gDmf330jEn6,Logging,Martinus Yohame,Male,2014-08-23,Indonesia,Asia,Murder,2014
reclYX965iqOqk7rd,Agribusiness,Pujiono,Male,2014-03-06,Indonesia,Asia,Murder,2014
recsyVYkzQ1dYZtBe,Agribusiness,Indra Pelani,Male,2015-02-22,Indonesia,Asia,Murder,2015
recawfnbRxBFa6QZs,Agribusiness,Muhammad Yusuf,Male,2018-06-10,Indonesia,Asia,Murder,2018
reczGmBFBoQaOb5ln,Hydropower,Golfrid Siregar,Male,2019-10-06,Indonesia,Asia,Murder,2019
recjftSCRhAqWzQck,Agribusiness,Maraden Sianipar,Male,2019-11-04,Indonesia,Asia,Murder,2019
rec7foE9JbYXjXL11,Agribusiness,Maratua Siregar,Male,2019-11-04,Indonesia,Asia,Murder,2019
recZ7DQQFFIgf3Snk,Other,Poroduka,Male,2018-04-25,Indonesia,Asia,Murder,2018
recNoDdxzcVzBrkwM,Land,Daud Hadi,Male,2018-04-10,Indonesia,Asia,Murder,2018
recZ76x6q24ZbHVVg,Agribusiness,Suryadi,Male,2020-03-21,Indonesia,Asia,Murder,2020
rec48Mg5vN58v3b8N,Agribusiness,Putra Bakti,Male,2020-03-21,Indonesia,Asia,Murder,2020
recE5rXHYpUd3UPlO,Agribusiness,Hermanus Bin Bison,Male,2020-04-26,Indonesia,Asia,Murder,2020
reclnZwgERZ0X51Xo,Agribusiness,Danil,Male,2022-05-30,Indonesia,Asia,Murder,2022
recv392ibNnTN5122,Mining & Extractives,Erfaldi Erwin Lahadado,Male,2022-02-12,Indonesia,Asia,Murder,2022
recqQsWYNb5rJ66qw,Land,Erni Pinem,Female,2022-06-21,Indonesia,Asia,Murder,2022
recbSZJzv6E5Yiw3j,Agribusiness,Gijik,Male,2023-10-07,Indonesia,Asia,Murder,2023
recZLYmyGhDhUfvhe,Mining & Extractives,Sabriansyah,Male,2023-03-30,Indonesia,Asia,Murder,2023
recZOKJTnctfFJbse,Agribusiness,Logam,Male,2023-07-01,Indonesia,Asia,Murder,2023
recRaLUy7SHdUiVqq,Mining & Extractives,Arbaini,Male,2024-07-24,Indonesia,Asia,Murder,2024
recuzpjysaKyppHfk,Mining & Extractives,Russel,Male,2024-11-15,Indonesia,Asia,Murder,2024
recZ8vE4pu8kCBBkz,Land,Bungaran Samosir,Male,2024-10-22,Indonesia,Asia,Murder,2024
reczT4S7UXQlTux5m,Land,Adam Djorghi,Male,2024-10-22,Indonesia,Asia,Murder,2024
recHWNnxdgK8IJCE1,Land,Beni,Male,2024-11-24,Indonesia,Asia,Murder,2024
recXX9j1w0um2UeoZ,Poaching,Manouchehr Shojaei,Male,2016-06-25,Iran,Asia,Murder,2016
recH7nohJXe5BBdtV,Other,Kavous Seyed-Emami,Male,2018-02-08,Iran,Asia,Murder,2018
recLUQGVV2mv0hWK8,Poaching,Mohammad Dehqani,Male,2016-06-23,Iran,Asia,Murder,2016
rec94Gk7DqDljFxtd,Poaching,Parviz Hormozi,Male,2016-06-23,Iran,Asia,Murder,2016
recvmjzBGW60oRHEx,Other,Sharif Bajour,Male,2018-08-25,Iran,Asia,Murder,2018
recPem9xuvd9EpTaI,Other,Omid Kohnepoushi,Male,2018-08-25,Iran,Asia,Murder,2018
recUPpftnpOb5l8aQ,Other,Mohammad Pazhouhi,Male,2018-08-25,Iran,Asia,Murder,2018
rectCR52rp4FMAHxz,Other,Rahmat Hakiminia,Male,2018-08-25,Iran,Asia,Murder,2018
recKypifMBZRfnypm,Other,Farshid Hakki,Male,2018-10-17,Iran,Asia,Murder,2018
recdfWyk4Pyv3USSj,Hydropower,Riham/Reham Yacoub,Female,2020-08-19,Iraq,Asia,Murder,2020
recLMkO1oiO14s3T2,Land,Michael McCoy,Male,2016-09-29,Ireland,Europe,Murder,2016
recuFtnzEnhPVva0G,Logging,Nurlan Oteuliev,Male,2013-03-10,Kazakhstan,Asia,Murder,2013
recGd6NdZAVi6kc8X,Poaching,Yerlan Nurgaliev,Male,2019-01-13,Kazakhstan,Asia,Murder,2019
recDj1LZGZ7ddGEWr,Poaching,Kanysh Nurtazinov,Male,2019-07-23,Kazakhstan,Asia,Murder,2019
recUo51Gq0uAsKzsy,Poaching,Duba Issa,Male,2017-03-03,Kenya,Africa,Murder,2017
recBVki7q6eimahZx,Poaching,Roba Duba,Male,2017-03-03,Kenya,Africa,Murder,2017
recMWm9EUh6HHKxoI,Hydropower,Jomo Nyanguti,Male,2018-01-09,Kenya,Africa,Murder,2018
recONvb3YLeOUBTht,Other,Robert Kirotich,Male,2018-01-16,Kenya,Africa,Murder,2018
recC8vvLBWaKBjAGw,Land,Esther Mwikali,Female,2019-08-26,Kenya,Africa,Murder,2019
recTC5N1Tel8REoGj,Other,Joannah Stutchbury,Female,2021-07-15,Kenya,Africa,Murder,2021
recjUl9Z6pSZBWic8,Other,Eritara Aati Kaierua,Male,2020-03-04,Kiribati,Oceania,Murder,2020
recG26scaqo9v3Bc7,Land,Sombath Somphone,Male,2012-12-15,Laos,Asia,Disappearance,2012
recTJjV888W1m4Nsi,Mining & Extractives,Michael Allison,Male,2015-02-13,Liberia,Africa,Murder,2015
recyrJfLEmN0TYc4B,Mining & Extractives,Friday Pyne,Male,2017-04-27,Liberia,Africa,Murder,2017
reckHvr4sFiHFm3U6,Agribusiness,Fred Thompson,Male,2015-05-14,Liberia,Africa,Murder,2015
recNYNj9COAV8Ybc5,Mining & Extractives,Bangalie Kamara,Male,2024-02-29,Liberia,Africa,Murder,2024
recCvh1FOpgHFATMT,Mining & Extractives,Abraham Kerkula,Male,2024-02-29,Liberia,Africa,Murder,2024
rece6vxiqauDQlntc,Mining & Extractives,Essah Massaley,Male,2024-02-29,Liberia,Africa,Murder,2024
recRVi7ejDpAsYzwd,Logging,Henri Rakotoarisoa,Male,2022-06-02,Madagascar,Africa,Murder,2022
reclYhNt668Uua0OH,Logging,Attoumany Alily,Male,2016-07-20,Madagascar,Africa,Murder,2016
recaAjpDIdGDJ4I5p,Poaching,Raymond Rakotoarisoa,Male,2024-06-22,Madagascar,Africa,Murder,2024
recZRqjQFfCaAk2pa,Poaching,Bendius Amasi,Male,2022-10-20,Malawi,Africa,Murder,2022
reclHsx7VwkwoE9c8,Agribusiness,Bill Kayong,Male,2016-06-21,Malaysia,Asia,Murder,2016
recTi5Xp1DuSpk9si,Mining & Extractives,Manuelita Solís Contreras,Female,2012-10-22,Mexico,Americas,Murder,2012
recYEAwiVaLvDjov4,Mining & Extractives,Bernardo Vásquez Sánchez,Male,2012-03-15,Mexico,Americas,Murder,2012
recZzSpSnvozbtM5w,Other,Alejandro Nolasco Orta,Male,2016-05-07,Mexico,Americas,Disappearance,2016
rec0OQSrN0xSnCM9f,Logging,Rey Mojica,Male,2012-11-28,Mexico,Americas,Murder,2012
rec2blQq2r0ghC0UD,Other,Héctor Regalado Jiménez,Male,2013-08-01,Mexico,Americas,Murder,2013
rec2c3XmiEXDxAuIR,Logging,Guadalupe Campanur Tapia,Female,2018-01-16,Mexico,Americas,Murder,2018
rec2WYM8h17WZfhQO,Land,Gustavo Salgado Delgado,Male,2015-02-04,Mexico,Americas,Murder,2015
recwd8Wt0G6Axstlq,Poaching,Gabriel Ramos Olivera,Male,2017-08-18,Mexico,Americas,Murder,2017
recwmX6niQnjMf4N8,Mining & Extractives,Ramón Corrales Vega,Male,2014-05-22,Mexico,Americas,Murder,2014
recxSpXOIJgzxMZ9s,Hydropower,Noé Salomón Vázquez Ortiz,Male,2013-08-02,Mexico,Americas,Murder,2013
recAQk6XHcOhdw6ha,Logging,Juventina Villa Mojica,Female,2012-11-28,Mexico,Americas,Murder,2012
recDbhANvghG4t1de,Mining & Extractives,Bernardo Mendez Vasquez,Male,2012-01-19,Mexico,Americas,Murder,2012
recENC4s5ecWUgjXr,Land,Francisco Jiménez Alejandre,Male,2017-04-05,Mexico,Americas,Murder,2017
recF30GQx4kMNBIqw,Logging,Jesus Sebastian Ortiz,Male,2012-05-16,Mexico,Americas,Murder,2012
recFqEbtDu04arVno,Mining & Extractives,Salvador Olmos García,Male,2016-06-26,Mexico,Americas,Murder,2016
recIAkitPe2Jc8V9D,Land,Agustín Vázquez Torres,Male,2017-05-20,Mexico,Americas,Murder,2017
recMlHQnBEipoinge,Land,Santiago Crisanto Luna,Male,2017-04-05,Mexico,Americas,Murder,2017
recMJLVqV9HJ8KLG4,Land,Rocío Mesino Mesino,Female,2013-10-19,Mexico,Americas,Murder,2013
recMWKGVhN5JeKLoG,Unknown,Rafael Hernández Cisneros,Male,2017-01-07,Mexico,Americas,Murder,2017
recOvgrwvsXzldUdj,Other,Fabiola Osorio Bernáldez,Female,2012-05-31,Mexico,Americas,Murder,2012
recOl3YsMSCfrvlmM,Hydropower,Antonio Esteban Cruz,Male,2014-06-04,Mexico,Americas,Murder,2014
recOOUYSGxoejCkXQ,Mining & Extractives,Ismael Solorio Urrutia,Male,2012-10-22,Mexico,Americas,Murder,2012
recOTmAIpnzYp5jR0,Land,Rodrigo Guadalupe Huet Gómez,Male,2017-05-22,Mexico,Americas,Murder,2017
recOWDQrJwFeOsyMp,Other,Alberto Almeida Fernández,Male,2015-02-24,Mexico,Americas,Murder,2015
recQEUzBuYMAVimcK,Land,Julián González Domínguez,Male,2015-01-12,Mexico,Americas,Murder,2015
recRBoGP3902SJ56w,Logging,Urbano Macías Rafael,Male,2012-07-08,Mexico,Americas,Murder,2012
recSmb3v4MrZjPaAI,Land,Andrés Jiménez Pablo,Male,2017-08-12,Mexico,Americas,Murder,2017
rec3HkWPqwxEjXrZH,Land,Luis Gustavo Hernández Cohenete,Male,2017-04-05,Mexico,Americas,Murder,2017
rec42XhYLvRRpcpX0,Land,José Carlos Jiménez Crisóstomo,Male,2017-04-05,Mexico,Americas,Murder,2017
rec7xrhQJ3dnydWXm,Other,José Isabel Cervantes Ángeles,Male,2015-04-18,Mexico,Americas,Murder,2015
rec9tfLx9zS4GaLWj,Logging,Juan Ontiveros Ramos,Male,2017-02-01,Mexico,Americas,Murder,2017
recbACjOvOLVd9zyd,Unknown,Baldomero Enríquez Santiago,Male,2016-04-05,Mexico,Americas,Murder,2016
recbE2LHYdLaxBr5k,Logging,Guadalupe Gerónimo Velázquez,Male,2012-07-08,Mexico,Americas,Murder,2012
recdEJ0N11zdYHVvJ,Hydropower,Manuel Gaspar Rodríguez,Male,2018-05-14,Mexico,Americas,Murder,2018
rechQcgbPoHSc7SAU,Logging,Isidro Baldenegro López,Male,2017-01-15,Mexico,Americas,Murder,2017
reclRbtk5ZnwrlZ9y,Unknown,Benjamín Juárez José,Male,2017-03-08,Mexico,Americas,Murder,2017
recmj6X9tRiz4Tkw1,Other,Atilano Román Tirado,Male,2014-10-11,Mexico,Americas,Murder,2014
recnyNHfNlRStw0dX,Hydropower,Adrián Tihuilit,Male,2018-06-01,Mexico,Americas,Murder,2018
recouVDMN6WqPMSbq,Unknown,Marciano Martínez Cruz,Male,2017-01-07,Mexico,Americas,Murder,2017
recolM1ZB85JNZ4yh,Mining & Extractives,Quintín Salgado Salgado,Male,2018-01-24,Mexico,Americas,Murder,2018
recrFxKuDbLTaQ1pX,Logging,Felipe Ramírez,Male,2017-10-20,Mexico,Americas,Murder,2017
recXDSCz0RB3JTDPt,Other,Rolando Crispin López,Male,2018-07-22,Mexico,Americas,Murder,2018
recDpp0MPJfQPEWVc,Land,Abraham Hernández González,Male,2018-07-18,Mexico,Americas,Murder,2018
recQQMDzIdsMgptjk,Unknown,Yaneth González López,Female,2018-03-26,Mexico,Americas,Murder,2018
recEINXj4gGXADeta,Hydropower,Sergio Rivera Hernández,Male,2018-08-23,Mexico,Americas,Disappearance,2018
recTmeHUwPqguXHqY,Hydropower,Margarito Díaz González,Male,2018-09-08,Mexico,Americas,Murder,2018
recBLgBrYEzpgqmUA,Other,Jesús Javier Ramos Arreola,Male,2018-09-28,Mexico,Americas,Murder,2018
recSpZ49XymmONYSw,Logging,Julián Carrillo Martínez,Male,2018-10-24,Mexico,Americas,Murder,2018
recc5T8evPnMJqW2T,Hydropower,Noel Castillo Aguilar,Male,2018-10-25,Mexico,Americas,Murder,2018
recvUg2B0u6KyBnfL,Land,Jesús Álvarez Chávez,Male,2018-05-22,Mexico,Americas,Murder,2018
receATBPVGgz2Xlq8,Logging,Joaquín Díaz Morales,Male,2018-10-27,Mexico,Americas,Murder,2018
recsbcSKQOC40A4jU,Land,Estelina López Gómez,Female,2019-01-23,Mexico,Americas,Murder,2019
recbOQXS3LA73Bngr,Mining & Extractives,Samir Flores Soberanes,Male,2019-02-20,Mexico,Americas,Murder,2019
recqmMWjhUaZz1F71,Land,Luis Armando Fuentes Aquino,Male,2019-04-11,Mexico,Americas,Murder,2019
recqiDzZzYq4LtBtq,Logging,Otilia Martínez Cruz,Female,2019-05-02,Mexico,Americas,Murder,2019
recpl7rtXwg6lctOk,Mining & Extractives,José Luis Álvarez Flores,Male,2019-06-10,Mexico,Americas,Murder,2019
recJ3Snui9yL0of0z,Logging,Gregorio Chaparro Cruz,Male,2019-05-02,Mexico,Americas,Murder,2019
recuflP7jM8iwo2tu,Land,Sinar Corzo Esquinca,Male,2019-01-03,Mexico,Americas,Murder,2019
recnBsEcOtvRWzEyM,Other,Nora López León,Female,2019-08-20,Mexico,Americas,Murder,2019
recwgJr5HKJVPjo4I,Land,Noé Jiménez Pablo,Male,2019-10-17,Mexico,Americas,Murder,2019
recwuFLgnQgFt76fR,Land,José Santiago Gómez Álvarez,Male,2019-10-17,Mexico,Americas,Murder,2019
recVPLQqydqNucT7F,Land,Eulodia Lilia Díaz Ortiz,Female,2019-03-25,Mexico,Americas,Murder,2019
recZ5jOEMZwtUH6ig,Other,Paul Humberto Vizcarra Ruiz,Male,2019-10-14,Mexico,Americas,Murder,2019
reco1fymRtDElrUjS,Mining & Extractives,Isaías Cantú Carrasco,Male,2019-10-11,Mexico,Americas,Murder,2019
rec8rhZADW2AQwLK5,Other,Héctor Armando Domínguez Rodríguez,Male,2019-04-19,Mexico,Americas,Murder,2019
rectJm1YNQRgGvR8b,Other,Julio Emmanuel Domínguez Rodríguez,Male,2019-04-19,Mexico,Americas,Murder,2019
recxzh5KkXbZ88KA4,Other,Aureliano Domínguez,Male,2019-04-19,Mexico,Americas,Murder,2019
recP6Pg2WCoI3ONng,Mining & Extractives,Josué Bernardo Marcial Santos,Male,2019-12-16,Mexico,Americas,Murder,2019
recPoyq2U2K3zteax,Land,Camilo Pérez Álvarez,Male,2019-04-03,Mexico,Americas,Murder,2019
rec6pxhwK8i7DwMMC,Logging,Raúl Hernández Romero,Male,2020-01-27,Mexico,Americas,Murder,2020
rec5XmQtoRAnAuKV4,Logging,Homero Gómez González,Male,2020-01-13,Mexico,Americas,Murder,2020
rect5RuvPDpC6aL8R,Land,Paulina Gómez Palacio Escudero,Female,2020-03-22,Mexico,Americas,Murder,2020
rec5yAiwfK5LdNdQ1,Other,Isaac Medardo Herrera Avilés,Male,2020-03-23,Mexico,Americas,Murder,2020
recMPK7ZWAK2Mtvr4,Mining & Extractives,Adán Vez Lira,Male,2020-04-08,Mexico,Americas,Murder,2020
reckgQegJpiPuheo4,Logging,Eugui Roy Martínez Pérez,Male,2020-05-07,Mexico,Americas,Murder,2020
recr8G1rxfkHoI6vs,Agribusiness,Óscar Eyraud Adams,Male,2020-09-24,Mexico,Americas,Murder,2020
rec0Z6Mb4BEfBLL9p,Agribusiness,Daniel Sotelo,Male,2020-09-25,Mexico,Americas,Murder,2020
recavaV5uZ1cExNX6,Logging,Antonio Montes Enríquez,Male,2020-06-16,Mexico,Americas,Murder,2020
recjeWDM4pcAeX5fL,Land,Umber Gómez González,Male,2020-06-01,Mexico,Americas,Murder,2020
reciubIrDJ9yVE1tO,Land,Esteban Martínez Pérez,Male,2020-04-09,Mexico,Americas,Murder,2020
rec7TKykwf9tnbUYT,Land,Pablo Guzmán Solano,Male,2020-04-09,Mexico,Americas,Murder,2020
rec9VEDfruQlbLTXr,Land,Juan Aquino González,Male,2020-10-28,Mexico,Americas,Murder,2020
recE6R9fOmf4VmhPf,Logging,Jesús Miguel Jerónimo,Male,2020-07-23,Mexico,Americas,Murder,2020
reckWQRPYnk9BmkEz,Logging,Jesús Miguel Junior,Male,2020-07-23,Mexico,Americas,Murder,2020
rec55ohoAyUFPx2Jn,Hydropower,Miguel Vázquez Martínez,Male,2020-10-20,Mexico,Americas,Murder,2020
recetdZLsk3YDy8FA,Hydropower,Fidel Heras Cruz,Male,2021-01-23,Mexico,Americas,Murder,2021
recJ8b4nJhBzNQCZu,Logging,Elias Gallegos Coria,Male,2020-10-16,Mexico,Americas,Disappearance,2020
recEwshXd2DtQ25wg,Logging,Fredy Gallegos,Male,2020-10-16,Mexico,Americas,Disappearance,2020
recVI3lAfHBPq4UGV,Logging,Carlos Marqués Oyorzábal,Male,2021-04-03,Mexico,Americas,Murder,2021
recDBj02NOOjRPJ2Z,Hydropower,Jaime Jiménez Ruiz,Male,2021-03-28,Mexico,Americas,Murder,2021
rec9ObFMB2QoqyFZe,Mining & Extractives,José Santos Isaac Chávez,Male,2021-04-04,Mexico,Americas,Murder,2021
recfQck2rGsKQki4x,Land,Tomás Martínez Pinacho,Male,2020-08-24,Mexico,Americas,Murder,2020
recuSuf0FzdZkavyj,Logging,Juan Zamarripa Torres,Male,2020-04-11,Mexico,Americas,Murder,2020
rec6sxsSnJQ5FENFu,Hydropower,Raymundo Robles Riaño,Male,2021-03-14,Mexico,Americas,Murder,2021
recAnBf3lKofxjmAX,Hydropower,Noé Robles Cruz,Male,2021-03-14,Mexico,Americas,Murder,2021
recC74NaEknktAAhD,Hydropower,Gerardo Mendoza Reyes,Male,2021-03-14,Mexico,Americas,Murder,2021
recgnugwTudOHiW5j,Land,María Agustín Chino,Female,2020-12-21,Mexico,Americas,Murder,2020
reccDqghno2i3HEqc,Land,Amalia Morales Guapango,Female,2020-12-21,Mexico,Americas,Murder,2020
rec4ExDCaTF5Zb4hS,Land,José Benito Migueleño,Male,2020-12-21,Mexico,Americas,Murder,2020
rec1J4PSMqf1YJxNN,Land,Miguel Migueleño,Male,2020-12-21,Mexico,Americas,Murder,2020
recRSQ9VDyq3715Ji,Other,Tomás Rojo Valencia,Male,2021-05-27,Mexico,Americas,Murder,2021
rec7b4hEahAh8jm7y,Other,Luis Urbano Domínguez Mendoza,Male,2021-06-08,Mexico,Americas,Murder,2021
recc7ZdRgwH1SLhak,Mining & Extractives,José Ascensión Carrillo Vázquez,Male,2021-06-06,Mexico,Americas,Murder,2021
recTCeFftaXtl0SKO,Logging,Marco Antonio Arcos Fuentes,Male,2021-05-21,Mexico,Americas,Murder,2021
recY0aYx2srnnA7NF,Mining & Extractives,José de Jesús Robledo Cruz,Male,2021-04-27,Mexico,Americas,Murder,2021
recsdT9Om0NWKwul6,Mining & Extractives,María de Jesús Gómez Vega,Female,2021-04-27,Mexico,Americas,Murder,2021
recRjJyy6R50lxnvy,Land,Gabino Ávila Martínez,Male,2020-11-20,Mexico,Americas,Murder,2020
recteuKpjUWTe6BpI,Land,Maurilio Hernández Martínez,Male,2020-11-25,Mexico,Americas,Murder,2020
recQsjByrQD42WV8F,Land,Ismael Cruz García,Male,2020-11-16,Mexico,Americas,Murder,2020
recbb5NIqtE9mQMGr,Land,Rodolfo Díaz Jiménez,Male,2020-11-02,Mexico,Americas,Murder,2020
rec8MKeXFxDZ8ZwxE,Land,Ramiro Rodríguez Santiz,Male,2021-02-20,Mexico,Americas,Murder,2021
recvfOkvZnDi6cNfm,Land,Oliverio Martínez Merino,Male,2021-06-28,Mexico,Americas,Murder,2021
reczk9t6uX1PuCAXi,Land,Flor de Jesús Hernández,Female,2021-06-28,Mexico,Americas,Murder,2021
recc0WiiSriHxASMD,Mining & Extractives,Braulio Pérez Sol,Male,2021-07-14,Mexico,Americas,Murder,2021
rec8tISl3VxEVe4pt,Mining & Extractives,Leocadio Galaviz Cruz,Male,2021-07-14,Mexico,Americas,Disappearance,2021
recQxTSNPHFAQVteK,Mining & Extractives,Heladio Molina Zavala,Male,2021-07-14,Mexico,Americas,Murder,2021
rec22frIMf89v4pnV,Mining & Extractives,Fabián Sombra Miranda,Male,2021-07-14,Mexico,Americas,Murder,2021
recQWKJ2Cl1guDf8V,Mining & Extractives,Martín Hurtado Flores,Male,2021-07-14,Mexico,Americas,Murder,2021
rec2CWTjZYNyoIEJA,Mining & Extractives,Fabián Valencia Romero,Male,2021-07-14,Mexico,Americas,Murder,2021
recltky5nix5q6zEU,Mining & Extractives,Artemio Arballo Canizalez,Male,2021-07-14,Mexico,Americas,Disappearance,2021
rec97zVt2IVk2Yx9C,Land,Simón Pedro Pérez López,Male,2021-07-05,Mexico,Americas,Murder,2021
rec7uhaGUrJOl9rXF,Mining & Extractives,David Díaz Valdez,Male,2021-07-02,Mexico,Americas,Murder,2021
recNOL5Rh9FInz8j9,Other,Rodrigo Morales Vázquez,Male,2021-09-02,Mexico,Americas,Murder,2021
recFgjeXqmmGSLn65,Hydropower,Vicente Suástegui Muñoz,Male,2021-08-05,Mexico,Americas,Disappearance,2021
recEHqY3L22IPVNGo,Land,Manuel Cartas Pérez,Male,2021-09-03,Mexico,Americas,Murder,2021
recD0EI1i0PJ0Oo8R,Logging,Irma Galindo Barrios,Female,2021-10-27,Mexico,Americas,Disappearance,2021
recMXXZNCvonGpwP7,Agribusiness,Lea Juárez Valenzuela,Female,2021-08-07,Mexico,Americas,Murder,2021
rec9nuzA8Lhghko36,Land,Narciso López Vasquez,Male,2021-10-28,Mexico,Americas,Murder,2021
reclqPW1bo8UhhEyb,Hydropower,Isaías Elacio Palma,Male,2021-03-15,Mexico,Americas,Murder,2021
recMKEFoBHYu5ZGDg,Other,Alejandro García Zagal,Male,2021-09-07,Mexico,Americas,Murder,2021
recqArLgPXArbdQpg,Hydropower,Ramiro Ventura Apolonio,Male,2021-08-03,Mexico,Americas,Murder,2021
rec0KZHED1ccaj4EY,Logging,José de Jesús Sánchez García,Male,2021-03-17,Mexico,Americas,Murder,2021
recUydNhtSrfHHGCo,Land,Jordán Terjiño Luna,Male,2021-03-08,Mexico,Americas,Murder,2021
recuYb2bGCbnqvxAM,Land,Jesús Solórzano Díaz,Male,2021-11-07,Mexico,Americas,Murder,2021
rec5ztFu1X5wOG6pz,Land,Federico de Jesús Gutiérrez,Male,2021-06-23,Mexico,Americas,Murder,2021
recxMdM6sVGfZS999,Land,Víctor Manuel Vázquez de la Torre,Male,2021-06-12,Mexico,Americas,Murder,2021
recwOYAFdOXi4a2FL,Land,Manuel Hidalgo Vázquez,Male,2021-06-12,Mexico,Americas,Murder,2021
recJz0sj5e10iQOkI,Land,Rolando Pérez González,Male,2021-06-12,Mexico,Americas,Murder,2021
recZgupRamZJwF9Yd,Land,Marco Antonio Jiménez de la Torre,Male,2021-06-12,Mexico,Americas,Murder,2021
recn6fejMlzdSHpAP,Land,Jacinto Hernández Quiroz,Male,2021-10-21,Mexico,Americas,Murder,2021
recnKClYoyQJ7CgGi,Land,Isidoro Hernández,Male,2021-10-21,Mexico,Americas,Murder,2021
recY3GcbN2jJ1xgd3,Land,Marcos Quiroz Riaño,Male,2021-10-21,Mexico,Americas,Disappearance,2021
recnLkPDSqBQMgUwg,Land,Miguel Bautista Avendaño,Male,2021-10-21,Mexico,Americas,Disappearance,2021
rec6HdlOEMBkGLdKi,Land,Donato Bautista Avendaño,Male,2021-10-21,Mexico,Americas,Disappearance,2021
recPvEsH4L6LZKT7i,Land,Mayolo Quiroz Barrios,Male,2021-10-21,Mexico,Americas,Murder,2021
recWHZxHEmbod8JXa,Land,Marcelino Álvarez González,Male,2021-12-16,Mexico,Americas,Murder,2021
recvAtlBMbU8OI0or,Other,Verónica Patricia Guerrero Vinueza,Female,2022-02-03,Mexico,Americas,Murder,2022
rec9ApX6AoQuf0uUw,Other,Leobardo Hernández Regino,Male,2021-06-15,Mexico,Americas,Murder,2021
recvhKgUCs9BlZNip,Land,Pedro Lunez Pérez,Male,2021-05-08,Mexico,Americas,Murder,2021
recaeEsjlk7Hs70iJ,Mining & Extractives,Juan Justino Galaviz Cruz,Male,2021-07-14,Mexico,Americas,Disappearance,2021
rec5JQkcsQ6aNV69a,Mining & Extractives,Gustavo Acosta Hurtado,Male,2021-07-14,Mexico,Americas,Disappearance,2021
recvsEintldFaY81I,Mining & Extractives,Benjamín Pórtela Peralta,Male,2021-07-14,Mexico,Americas,Disappearance,2021
rec0OW1lfeA945CrP,Logging,José Trinidad Baldenegro,Male,2022-03-07,Mexico,Americas,Murder,2022
recafibkWIOxXeZR6,Hydropower,Francisco Vázquez Domínguez,Male,2022-02-11,Mexico,Americas,Murder,2022
recBW6WLreBs2T0rX,Land,Patricia Rivera Reyes,Female,2022-03-19,Mexico,Americas,Murder,2022
recyXE9859HiStohQ,Land,Humberto Valdovinos Fuentes,Male,2022-05-23,Mexico,Americas,Murder,2022
recv0pVhXaIdOHuBG,Land,Iván Merino Flores,Male,2022-03-20,Mexico,Americas,Murder,2022
rechniXGP5pgw2wAB,Land,Luis Donato Ortiz,Male,2022-04-28,Mexico,Americas,Murder,2022
reczdu03adDm1hGUR,Land,Teófilo Barrera Herrera,Male,2022-05-09,Mexico,Americas,Murder,2022
recBpGdIgoq2RmhRQ,Land,Marcelo Carrera Reyes,Male,2022-05-09,Mexico,Americas,Murder,2022
recKwG9ZJF1EIOobg,Land,Omar Herrera Raymundo,Male,2022-05-09,Mexico,Americas,Murder,2022
recb6nH3tHTYBN4u4,Land,Miguel Ángel Vázquez Torres,Male,2017-05-20,Mexico,Americas,Murder,2017
recIlXQCXRENxlCd0,Other,Jesús Bañuelos Acevedo,Male,2022-06-20,Mexico,Americas,Murder,2022
recG2QcYhsPDTjmCL,Land,Crispín Reyes Pablo,Male,2022-07-14,Mexico,Americas,Murder,2022
recxt924jY79zGko4,Land,Javier Campos Morales,Male,2022-06-20,Mexico,Americas,Murder,2022
recQqn6LcLeEuazDv,Land,Joaquín César Mora Salazar,Male,2022-06-20,Mexico,Americas,Murder,2022
recFaTtIaSod5rLG4,Land,Pedro Palma,Male,2022-06-20,Mexico,Americas,Murder,2022
rec9gQ7jWhHjnO1NT,Hydropower,Filogonio Martínez Merino,Male,2022-10-26,Mexico,Americas,Murder,2022
rechJfGus5BaX524q,Other,Jesús Manuel García Martínez,Male,2022-10-27,Mexico,Americas,Murder,2022
recsm2qYmcQtHWuW3,Logging,Pedro Pascual Cruz,Male,2022-12-10,Mexico,Americas,Murder,2022
recv56uls3i3eppBP,Agribusiness,Rosendo González Torres,Male,2022-01-07,Mexico,Americas,Murder,2022
recyvTv9HbNnBLzTJ,Land,Héctor Soto Rodríguez,Male,2022-04-18,Mexico,Americas,Murder,2022
recBgltvysvQIqV5R,Land,Marcos Campos Ahuejote,Male,2022-05-06,Mexico,Americas,Murder,2022
recdx8n4A4HOYkjLm,Land,Lorena Chantzin Paxacuasingo,Female,2022-05-06,Mexico,Americas,Murder,2022
reco0YBQwu0xLj0jM,Agribusiness,Noé Godínez Arredondo,Male,2022-05-24,Mexico,Americas,Disappearance,2022
recT9M0zvSbhAZC4Z,Agribusiness,Antonio de la Cruz,Male,2022-06-29,Mexico,Americas,Murder,2022
rec1wv3IrqWqSJivj,Agribusiness,Cynthia de la Cruz,Female,2022-06-29,Mexico,Americas,Murder,2022
recWN08upvId50Lb1,Land,Adán Linares Silverio,Male,2022-11-05,Mexico,Americas,Murder,2022
reco2rFTji0sp7wa6,Land,Guillermo Hilario Morales,Male,2022-11-05,Mexico,Americas,Murder,2022
recuoCzPlQomFQl93,Land,Moisés Cuapipistenco,Male,2022-11-05,Mexico,Americas,Murder,2022
recGG9xM0rwIIfliI,Land,Nicolás Pérez Xoyateco,Male,2022-07-24,Mexico,Americas,Murder,2022
rectf7b16oW3A4ujd,Land,Alberto Morales Sebastián,Male,2022-07-09,Mexico,Americas,Murder,2022
recMcsEFvL2YIiqcO,Agribusiness,Estanislao González Carrillo,Male,2022-01-07,Mexico,Americas,Murder,2022
recyyuyGfa4O6lBxE,Logging,Alfredo Cisneros Madrigal,Male,2023-02-22,Mexico,Americas,Murder,2023
recJmoIJDDReF2NAj,Logging,Álvaro Arvizu Aguiñiga,Male,2023-06-13,Mexico,Americas,Murder,2023
recg0fNuABDo8kucV,Logging,Cuauhtémoc Márquez Fernández,Male,2023-06-12,Mexico,Americas,Murder,2023
recX9a4UGXMTySnvu,Land,Lorenzo Froylán de la Cruz Ríos,Male,2023-08-10,Mexico,Americas,Murder,2023
recWvweANIoVwaxyQ,Mining & Extractives,Higinio Trinidad de la Cruz,Male,2023-11-25,Mexico,Americas,Murder,2023
recbWMuWIe0ipoTHg,Mining & Extractives,Isaul Nemesio Zambrano,Male,2023-01-12,Mexico,Americas,Murder,2023
rect7n7Ho1zJWasB9,Mining & Extractives,Miguel Estrada Reyes,Male,2023-01-12,Mexico,Americas,Murder,2023
recBSp5CjXipPlzdi,Mining & Extractives,Rolando Magno Zambrano,Male,2023-01-12,Mexico,Americas,Murder,2023
reclrPmIZGTdyzkuj,Other,Félix Vicente Cruz,Male,2023-04-13,Mexico,Americas,Murder,2023
recAC68dYM46b6ZYC,Mining & Extractives,Eustacio Alcalá Díaz,Male,2023-04-01,Mexico,Americas,Murder,2023
recQ7CBXSbg1DcEjN,Mining & Extractives,Juan Medina,Male,2023-04-14,Mexico,Americas,Murder,2023
recS8Xms2Ni1NRIUF,Mining & Extractives,Ricardo Arturo Lagunes Gasca,Male,2023-01-15,Mexico,Americas,Disappearance,2023
rec3kn52VrA8Om2ar,Mining & Extractives,Antonio Díaz Valencia,Male,2023-01-15,Mexico,Americas,Disappearance,2023
recAThq574lhpRCid,Land,Alejandro Ortiz Vázquez,Male,2023-04-21,Mexico,Americas,Disappearance,2023
recDe22dKG1Y6cChE,Other,Román Flores Hernández,Male,2023-07-04,Mexico,Americas,Murder,2023
rec1DXdJyTXb958sQ,Other,Manuel Flores Reyes,Male,2023-07-04,Mexico,Americas,Murder,2023
reckrICksIiZmpX3o,Other,Abisaí Pérez Romero,Male,2023-02-13,Mexico,Americas,Murder,2023
recfNZN2E4on2cLgE,Land,Jesús Toral García,Male,2023-10-24,Mexico,Americas,Murder,2023
recsuS2zec8Ty679r,Land,Antonio Regis Nicolás,Male,2024-05-17,Mexico,Americas,Murder,2024
recyP7HORo9YIVRT1,Logging,José Gabriel Pelayo Zalgado,Male,2024-03-19,Mexico,Americas,Disappearance,2024
recrvuddh70ONlN00,Other,Alberto Cortina Vázquez,Male,2024-06-20,Mexico,Americas,Murder,2024
recDZCzRA2PKlhxxR,Other,Jorge Cortina Vázquez,Male,2024-06-20,Mexico,Americas,Murder,2024
recX8Ait87pVwZ1id,Logging,José Ángel Pelcastre,Male,2024-02-25,Mexico,Americas,Murder,2024
rec1wr0fguULLJWZj,Logging,Ventura Ojeda,Male,2024-02-25,Mexico,Americas,Murder,2024
recndkemvMwNOKtb6,Logging,Florentino Castro,Male,2024-02-25,Mexico,Americas,Murder,2024
recCZLC53egQq3bLj,Land,Marcelo Pérez Pérez,Male,2024-10-20,Mexico,Americas,Murder,2024
recYn8HtY7Do4mRBp,Logging,Marcos Sánchez Perea,Male,2024-11-27,Mexico,Americas,Murder,2024
recggt7vygVwqPFeB,Other,Javier Ochoa Tejeda,Male,2024-02-13,Mexico,Americas,Murder,2024
rec42oQWe7je8D01S,Mining & Extractives,Ignacio López,Male,2024-05-13,Mexico,Americas,Murder,2024
rectOzx6l6mfCysBi,Mining & Extractives,Isidra Sosme Temich,Female,2024-05-13,Mexico,Americas,Murder,2024
recW49kZyUnjVxjfd,Mining & Extractives,Rosalinda López,Female,2024-05-13,Mexico,Americas,Murder,2024
recoVemEm99CT66du,Mining & Extractives,Alfonso López,Male,2024-05-13,Mexico,Americas,Murder,2024
recau2X2hwXyLjntG,Mining & Extractives,Teresita de Jesús Arrazate González,Female,2024-05-13,Mexico,Americas,Murder,2024
reczgRdUaoIZHueUo,Mining & Extractives,Dolores Arrazate Córdova,Female,2024-05-13,Mexico,Americas,Murder,2024
reca6FP5rV6EsLnG9,Mining & Extractives,Yohari Belén,Female,2024-05-13,Mexico,Americas,Murder,2024
rec3kEmZzzVSeUZkf,Other,Abraham Alejandro Gobel Gómez,Male,2024-11-03,Mexico,Americas,Murder,2024
recPx8hm7gl48HRZ3,Land,Carmen López Lugo,Male,2024-01-12,Mexico,Americas,Murder,2024
recbo1YK41Z0wTDpV,Mining & Extractives,Hussen Antônio Laitone,Male,2017-07-13,Mozambique,Africa,Murder,2017
recTCCCUyrsW0MaN1,Logging,Soe Moe Tun,Male,2016-12-13,Myanmar,Asia,Murder,2016
rec1xNjLqXR2IpBKq,Mining & Extractives,Loong Harm,Male,2015-10-13,Myanmar,Asia,Murder,2015
rec2xi4MTRqbeCOb7,Mining & Extractives,Naw Chit Pandaing,Female,2016-11-19,Myanmar,Asia,Murder,2016
recwnt3gC74xRNd2x,Mining & Extractives,Lung Jarm Phe,Male,2017-02-26,Myanmar,Asia,Murder,2017
recEHi23RbF2KWaKS,Land,Htay Aung,Male,2017-11-01,Myanmar,Asia,Murder,2017
recIvDEP4Q76980QX,Land,Sai San Tun,Male,2014-06-04,Myanmar,Asia,Murder,2014
rec767P2IivW3jNDe,Land,Saw Johnny,Male,2015-07-02,Myanmar,Asia,Murder,2015
recgIyVKCHlqrZQ9j,Mining & Extractives,Daw Khin Win,Female,2014-12-22,Myanmar,Asia,Murder,2014
recJsMgZxeBu16lXv,Mining & Extractives,Dilip Kumar Mahato,Male,2020-01-10,Nepal,Asia,Murder,2020
recXfFggqxT8K5WxH,Land,Marcial Pérez Morales,Male,2015-10-19,Nicaragua,Americas,Murder,2015
reczvBhoEPYtK0mLw,Land,Tito José González Bendles,Male,2017-09-08,Nicaragua,Americas,Murder,2017
reczj5MC0JpP7iux2,Land,Feliciano Benlis Flores,Male,2016-11-27,Nicaragua,Americas,Murder,2016
reczkfjpNnsuoMbDA,Land,Gerardo Conrado Chong,Male,2015-06-11,Nicaragua,Americas,Murder,2015
recESvAWb1tWrLiDP,Land,Den Silwa,Male,2016-12-17,Nicaragua,Americas,Murder,2016
recGfQOe3XDeSU8UP,Land,José Álvarez Blandón,Male,2015-09-12,Nicaragua,Americas,Murder,2015
recIUCEY7tVw003Yv,Land,Benito Francisco Ramos,Male,2015-09-03,Nicaragua,Americas,Murder,2015
recJ9LgnFvLFaHgcF,Land,Rosmeldo Solórzano,Male,2015-09-03,Nicaragua,Americas,Murder,2015
recKmOl8E5cuHtkK2,Land,Rey Müller,Male,2016-12-17,Nicaragua,Americas,Murder,2016
recMWrZVpWPgj4511,Land,Germán Martínez Fenly,Male,2015-10-29,Nicaragua,Americas,Murder,2015
recSdw4n0UKilxOxU,Land,Bermúdez Wilson Benath,Male,2015-09-10,Nicaragua,Americas,Murder,2015
rec9Ui2sv0Va8gnIm,Land,Feliciano Benlis Peralta,Male,2016-11-27,Nicaragua,Americas,Murder,2016
recaT9E3xg0U6Ty8q,Land,Felipe Pérez Gamboa,Male,2017-11-29,Nicaragua,Americas,Murder,2017
recby8pNUtH4gWyg6,Land,Gerardo Chale Allen,Male,2016-08-18,Nicaragua,Americas,Murder,2016
recbo24TJX8vqrZs1,Land,Bernicia Dixon Peralta,Female,2016-11-27,Nicaragua,Americas,Murder,2016
recbqH3Cy7AULqWry,Unknown,Mario Leman Muller,Male,2015-09-14,Nicaragua,Americas,Murder,2015
recgDakQOLEuvv3Ck,Logging,Elías Charlie Taylor,Male,2013-04-24,Nicaragua,Americas,Murder,2013
rechEp003bLHXOdsw,Land,Nelin Pedro Parista,Male,2016-08-18,Nicaragua,Americas,Murder,2016
recjLcJ0XlmIrAwS4,Land,Celedonia Zalazar Point,Female,2017-09-08,Nicaragua,Americas,Murder,2017
reckQEhOdEV9HRai2,Land,Camilo Frank López,Male,2017-01-25,Nicaragua,Americas,Murder,2017
reco9b2FOHdxerV5S,Unknown,Balerio Meregildo,Male,2015-12-17,Nicaragua,Americas,Disappearance,2015
recpS15ltpgpHqPqQ,Land,Bency Gómez Moore,Male,2015-05-18,Nicaragua,Americas,Murder,2015
recqzKE8CWppSHZud,Unknown,Ángel Flores,Male,2015-12-17,Nicaragua,Americas,Disappearance,2015
recq54aMUtva13Ftv,Other,Rudy Manuel Centeno Solís,Male,2016-02-17,Nicaragua,Americas,Murder,2016
recrEkMmsXLAy3l2j,Unknown,Francisco Joseph,Male,2015-12-17,Nicaragua,Americas,Disappearance,2015
recjGt4BQk7qHxpCe,Mining & Extractives,Pablo Alonzo Calderón,Male,2019-10-03,Nicaragua,Americas,Murder,2019
recncoXZXUT6b9Sa8,Mining & Extractives,Isaías Calderón Pérez,Male,2019-10-03,Nicaragua,Americas,Murder,2019
recmdQ4dOcJfoddxe,Mining & Extractives,Yadira Pérez Martínez,Female,2019-10-03,Nicaragua,Americas,Murder,2019
reco7glo0lWZ9IKSt,Mining & Extractives,Lucrecia Pérez Dormu,Female,2019-10-03,Nicaragua,Americas,Murder,2019
recxBzmfKzg5Y7a1x,Mining & Extractives,Pablo Calderón Espinoza,Male,2019-10-03,Nicaragua,Americas,Murder,2019
recjAnNHZyyp9zUpH,Logging,Jarle Samuel Gutiérrez,Male,2020-01-29,Nicaragua,Americas,Murder,2020
recCkZ3h2QvxRSiQh,Logging,Juan Emilio Devis Gutiérrez,Male,2020-01-29,Nicaragua,Americas,Murder,2020
recvbqzcYGOH1IgGW,Logging,Cristino López Ortiz,Male,2020-01-29,Nicaragua,Americas,Murder,2020
rectwAQqGWNETeNXp,Logging,Amaru Rener Hernández,Male,2020-01-29,Nicaragua,Americas,Murder,2020
recz0nRLipBZ2ogOa,Land,Nacilio Macario,Male,2020-11-14,Nicaragua,Americas,Murder,2020
recaGb5GVwWtZKbJu,Land,Michael López Rivera,Male,2020-12-06,Nicaragua,Americas,Murder,2020
recjRDt4CW6bORFOs,Land,Simón Palacios Hernández,Male,2020-07-10,Nicaragua,Americas,Murder,2020
recOK618ZtEHpTTfS,Land,Dunis Rodolfo Morales,Male,2020-03-26,Nicaragua,Americas,Murder,2020
recTn78HvI3i3EpHY,Land,Neldo Dolores Morales Gómez,Male,2020-03-26,Nicaragua,Americas,Murder,2020
recREGKaVNkXXXL4I,Logging,Mark Rivas,Male,2020-01-05,Nicaragua,Americas,Murder,2020
recCd2MNBF1XpKuB0,Land,Rubén Jacobo Bendles,Male,2020-03-27,Nicaragua,Americas,Murder,2020
reccvWiLiwr5Bd5eJ,Land,Federico Pérez Gradiz,Male,2020-03-27,Nicaragua,Americas,Murder,2020
recn2cuEbCeV3sxNy,Land,Víctor Manuel Matamoros Morales,Male,2021-08-23,Nicaragua,Americas,Murder,2021
recduSZugmIfTAKMj,Land,Armando Suarez Matamoros,Male,2021-08-23,Nicaragua,Americas,Murder,2021
recYTbFbY0SRICjxo,Land,Borlan Gutiérrez Empra,Male,2021-08-23,Nicaragua,Americas,Murder,2021
recCbVH1XJ7Pf4dTp,Land,Armando Pérez Medina,Male,2021-08-23,Nicaragua,Americas,Murder,2021
recmhxZFZHwID0R54,Land,Albert Jairo Hernández Palacio,Male,2021-08-23,Nicaragua,Americas,Murder,2021
recjPHFOF5Roc1XFS,Land,Sixto Gutiérrez Empra,Male,2021-08-23,Nicaragua,Americas,Murder,2021
rec2KjndcO4ab6qFI,Land,Kedelin Jarquín Gutiérrez,Female,2021-08-23,Nicaragua,Americas,Murder,2021
recHLg5g6RqBpzpci,Land,Ody James Waldan Salgado,Male,2021-08-23,Nicaragua,Americas,Murder,2021
rec5bieGI7YYi5ntW,Land,Dolvin Acosta,Male,2021-08-23,Nicaragua,Americas,Murder,2021
recOK7k85ZbSxwaBu,Land,Morgan Pantin,Male,2021-08-23,Nicaragua,Americas,Murder,2021
recdBUgLsg9Wco6Y7,Land,Romel Simon Kely,Male,2021-08-23,Nicaragua,Americas,Murder,2021
rectcIQWzRDvRb0vr,Land,Jaoska Jarquín Gutiérrez,Female,2021-08-23,Nicaragua,Americas,Murder,2021
recrtJ6MUxXPhMJKm,Land,J.L.P. or J.R.B,Male,2021-08-23,Nicaragua,Americas,Murder,2021
recoWXro2SNLnsHA8,Land,Bonifacio Dixon Francis,Male,2021-06-14,Nicaragua,Americas,Murder,2021
recxPNRAvipq8ILjJ,Mining & Extractives,Martiniano Julián Macario Samuel,Male,2021-10-04,Nicaragua,Americas,Murder,2021
recmlZDQBA1B1yBOg,Land,Salomón López Smith,Male,2022-03-15,Nicaragua,Americas,Murder,2022
recNZEIckGaYqEAuS,Land,Tránsito Gutiérrez Melgara,Male,2022-05-21,Nicaragua,Americas,Murder,2022
rectxGWMB5uPkj1XT,Land,Terlin Gutiérrez Medina,Male,2022-05-21,Nicaragua,Americas,Murder,2022
rec5nFxRZ3eJlM6uf,Land,Bernabé Palacios Hernández,Male,2023-04-24,Nicaragua,Americas,Murder,2023
recagwsBtjk5Z4Jzq,Land,Alexander Urbina Mora,Male,2023-02-21,Nicaragua,Americas,Murder,2023
reckLbRPCdSDcSOiA,Land,Alberto Castillo Palacios,Male,2023-03-11,Nicaragua,Americas,Murder,2023
recyBo8HziyiivZO6,Land,Lenin Vílchez Patrón Flores,Male,2023-03-11,Nicaragua,Americas,Murder,2023
recNZ8lbwWeCZbEgK,Land,Jorge Enor Palacios Samuel,Male,2023-03-11,Nicaragua,Americas,Murder,2023
recz1WI4NgftOVBw5,Land,Jesmin Jacobo Lázaro,Male,2023-03-11,Nicaragua,Americas,Murder,2023
recS8Us2LWiPMNPWu,Land,Manuel Morgan Diaz Palacios,Male,2023-03-11,Nicaragua,Americas,Murder,2023
recnESMtSqFAaWAmU,Land,Sergio Julián Juan,Male,2023-07-05,Nicaragua,Americas,Murder,2023
recGacNDBFcshG5jf,Land,Serato Juwith Charly,Male,2023-07-05,Nicaragua,Americas,Murder,2023
recuyqQDtGzIC4dIr,Land,Clen Dixon Fernández,Male,2023-09-13,Nicaragua,Americas,Murder,2023
rec0RwpYYOlE28o65,Land,Roy Dilson Devis Blandón,Male,2024-12-22,Nicaragua,Americas,Murder,2024
recN0evTqW7XfnPuo,Land,Guzmán Ocampo Cruz,Male,2024-11-08,Nicaragua,Americas,Murder,2024
recvzFlTPNYOPNfYY,Land,Marlon Ocampo Cruz,Male,2024-11-08,Nicaragua,Americas,Murder,2024
rec7sZXqQcyBWJXto,Land,S.K.T.L,Female,2024-05-03,Nicaragua,Americas,Murder,2024
rec0CbkxE1SYydmrg,Poaching,Manzoor,Male,2017-09-24,Pakistan,Asia,Murder,2017
recQO2jNq8QGGwFo8,Poaching,Mushtaq,Male,2017-09-24,Pakistan,Asia,Murder,2017
rec437N17cV1ui2Nt,Land,Allah Baksh,Male,2015-04-05,Pakistan,Asia,Murder,2015
rechXAydY63Sy91sF,Hydropower,Zafar Lund,Male,2016-07-14,Pakistan,Asia,Murder,2016
recoqXwvRrQZ0doif,Logging,Safeer Hussain,Male,2018-01-20,Pakistan,Asia,Murder,2018
recP57teopxnPTKiM,Hydropower,Onesimo Rodriguez,Male,2013-03-22,Panama,Americas,Murder,2013
recC5ybHD6nX2DSA9,Mining & Extractives,Iván Rodríguez Mendoza,Male,2023-11-07,Panama,Americas,Murder,2023
recjrNnyGdA7t7krx,Mining & Extractives,Abdiel Díaz Chávez,Male,2023-11-07,Panama,Americas,Murder,2023
rec4slXLiTPFm7RUV,Mining & Extractives,Agustin Rodriguez Morales,Male,2023-10-26,Panama,Americas,Murder,2023
recQWJe3FQA88JF4P,Mining & Extractives,Tomás Milton Cedeño,Male,2023-11-01,Panama,Americas,Murder,2023
recZ0EeaK4eXepMZP,Mining & Extractives,Indigenous artisanal miner 1,Unknown,2013-12-02,Papua New Guinea,Oceania,Murder,2013
recMebsdjPm4yQEpU,Mining & Extractives,Indigenous artisanal miner 2,Unknown,2013-12-02,Papua New Guinea,Oceania,Murder,2013
recQki2fF6olkh11L,Mining & Extractives,Indigenous artisanal miner 3,Unknown,2013-12-02,Papua New Guinea,Oceania,Murder,2013
recgcridYQroAHBzz,Mining & Extractives,Indigenous artisanal miner 3,Unknown,2013-12-02,Papua New Guinea,Oceania,Murder,2013
rec1QBNOgRLSA32RG,Land,Adolfo Castro Benítez,Male,2012-06-15,Paraguay,Americas,Murder,2012
rec27duBQwUr2xT5N,Land,Andres Avelino Riveros,Male,2012-06-15,Paraguay,Americas,Murder,2012
recvEurKE7KFTVDnI,Land,Vidal Vega,Male,2012-12-01,Paraguay,Americas,Murder,2012
recQnsQ5aY4Mpnm80,Land,Ricardo Frutos,Male,2012-06-15,Paraguay,Americas,Murder,2012
rec6D566aV8a3dCnH,Land,Arnaldo Ruíz,Male,2012-06-15,Paraguay,Americas,Murder,2012
rec87Iv7OqFKtN5IH,Land,Delfín Duarte,Male,2012-06-15,Paraguay,Americas,Murder,2012
rec8mZYSnhPMe0w3A,Land,Antonia Maribel Almada,Female,2014-10-16,Paraguay,Americas,Murder,2014
recd8dSBBdv0U0qQH,Land,Avelino Espínola,Male,2012-06-15,Paraguay,Americas,Murder,2012
recgOQdENoyhd8QnU,Land,Luciano Ortega,Male,2012-06-15,Paraguay,Americas,Murder,2012
rechlNzBVSokTGVqi,Agribusiness,Digno Darío Gonzales Maidana,Male,2014-12-25,Paraguay,Americas,Murder,2014
recjUWz95GvJoiGbO,Land,Fermín Paredes González,Male,2012-06-15,Paraguay,Americas,Murder,2012
reclu6otN7h5AseUD,Land,Pablo Medina Velázquez,Male,2014-10-16,Paraguay,Americas,Murder,2014
recl0QFJdh2eTsdjV,Land,Francisco Ayala,Male,2012-06-15,Paraguay,Americas,Murder,2012
recOcm3mS3f1anjG3,Agribusiness,Edgar Emiliano Centurión Almirón,Male,2022-06-15,Paraguay,Americas,Murder,2022
recAoRvP1HdU57s9w,Agribusiness,Artemio Cabral López,Male,2022-09-16,Paraguay,Americas,Murder,2022
recrPppR5AXELcQsa,Other,Francisco Villalba Cubas,Male,2022-01-21,Paraguay,Americas,Murder,2022
recW6EKvkeGgeMocA,Land,Arnaldo Benítez Vargas,Male,2023-10-22,Paraguay,Americas,Murder,2023
recCHHNJ9jypk7xa0,Land,Edgar Francisco Villalba Oliveira,Male,2023-10-04,Paraguay,Americas,Murder,2023
recTf3ZenOUCUACln,Hydropower,Hitler Ananías Rojas Gonzales,Male,2015-12-28,Peru,Americas,Murder,2015
recTBZJG9wegLA044,Mining & Extractives,Walter Sencia Ancca,Male,2012-05-28,Peru,Americas,Murder,2012
recVrwBealAtUqGwY,Mining & Extractives,Santos Pablo Esquivel Iparraguirre,Male,2013-04-14,Peru,Americas,Murder,2013
recVluc3Ug2ktJMt4,Mining & Extractives,Ever Pérez Huamán,Male,2015-02-10,Peru,Americas,Murder,2015
recua8USmRhizL5qF,Mining & Extractives,Quintino Cereceda Huisa,Male,2016-10-14,Peru,Americas,Murder,2016
recvlY3zmLLOv6j86,Mining & Extractives,Nemecio Poma Ashnate,Male,2012-09-19,Peru,Americas,Murder,2012
recxOHj0O4tSfYmIj,Mining & Extractives,Paulino Leonterio García Rojas,Male,2012-07-03,Peru,Americas,Murder,2012
recEAeg2EORsjfAhU,Mining & Extractives,José Faustino Silva Sánchez,Male,2012-07-03,Peru,Americas,Murder,2012
recEfLYPLYeWNftqL,Mining & Extractives,Victoriano Huayna Huamán,Male,2015-04-23,Peru,Americas,Murder,2015
recF67cqGKNPg7WR6,Logging,Edwin Chota Valera,Male,2014-09-08,Peru,Americas,Murder,2014
recG7wMjZxavFks3w,Mining & Extractives,Edward Soto de la Cruz,Male,2015-08-11,Peru,Americas,Murder,2015
recIR3N4jxKkvM4Ca,Mining & Extractives,Ramón Colque Vilca,Male,2015-05-22,Peru,Americas,Murder,2015
recJEPqu7IsQ1dRx3,Agribusiness,José Napoleón Tarrillo Astonitas,Male,2017-12-30,Peru,Americas,Murder,2017
recKansolY5Fi7e6a,Hydropower,Elena Gallegos Mamani,Female,2014-02-24,Peru,Americas,Murder,2014
recOFA2JK0THeP9gK,Mining & Extractives,Beto Chahuallo Huillca,Male,2015-09-28,Peru,Americas,Murder,2015
recOZdO8kesKmWGJH,Hydropower,Pedro Flavio Ccarita Ccarita,Male,2014-02-24,Peru,Americas,Murder,2014
recQoEV3Kn20Gegjj,Mining & Extractives,Exaltación Huamaní,Male,2015-09-28,Peru,Americas,Murder,2015
rec5G8pD1gMwHITaW,Mining & Extractives,Pedro Valle Sandoval,Male,2016-11-07,Peru,Americas,Murder,2016
rec6DqJ67fdKZoRkA,Mining & Extractives,Joselito Vasquez Jambo,Male,2012-07-04,Peru,Americas,Murder,2012
rec8eXldanEI93Af3,Mining & Extractives,Gilmer César Medina Aguilar,Male,2012-07-03,Peru,Americas,Murder,2012
rec8VvceO3W6zAY4Y,Mining & Extractives,Alfredo Ernesto Vracko Neuenschwander,Male,2015-11-19,Peru,Americas,Murder,2015
rec8VxvVriNN6Nj3j,Mining & Extractives,Jhony Cáceres González,Male,2017-09-22,Peru,Americas,Murder,2017
recaIrvtcaGw5hAFZ,Mining & Extractives,Uriel Elguera Chilca,Male,2015-09-28,Peru,Americas,Murder,2015
recaYSNkhL3h4nm5K,Unknown,Cristian Alvarado Frias ,Male,2012-03-27,Peru,Americas,Murder,2012
recbf79tqblAdzOHh,Mining & Extractives,Alberto Roque Cconsilla,Male,2015-03-18,Peru,Americas,Murder,2015
recdQUKpL4Dj9Xf9W,Mining & Extractives,Antonio Joselito Sánchez Huaman,Male,2012-07-03,Peru,Americas,Murder,2012
receUMXnia85DCSCa,Mining & Extractives,Jhapet Claysont Huilca Pereira,Male,2014-09-02,Peru,Americas,Murder,2014
recfIrTlx09xGQdP2,Logging,Leoncio Quinticima Melendez,Male,2014-09-08,Peru,Americas,Murder,2014
recg201atcpCz9VyL,Logging,Jorge Ríos Pérez,Male,2014-09-08,Peru,Americas,Murder,2014
rechvi8IPvciNJrCs,Mining & Extractives,Rosalio Sanchez,Male,2014-09-06,Peru,Americas,Murder,2014
recjx1uKKBCyN9jL3,Mining & Extractives,Henry Checlla Chura,Male,2015-05-05,Peru,Americas,Murder,2015
recjz9xHWmRTC8dsX,Mining & Extractives,Alberto Cárdenas Chalco,Male,2015-09-28,Peru,Americas,Murder,2015
recj3FkEIX3PEquxn,Mining & Extractives,Carlos Vásquez Becerra,Male,2013-06-26,Peru,Americas,Murder,2013
recjmBmtgsGGJ5UDp,Logging,Mauro Pio Peña,Male,2013-05-27,Peru,Americas,Murder,2013
reckcRrawZvTRUBp3,Logging,Francisco Pinedo,Male,2014-09-08,Peru,Americas,Murder,2014
recqQzYaNrXYXQ64O,Mining & Extractives,Rudecindo Manuelo Puma,Male,2012-05-28,Peru,Americas,Murder,2012
recsGpC3JEvC12EWF,Land,Emilio Marichi Huansi,Male,2014-04-05,Peru,Americas,Murder,2014
rec3tlNH9XnhjZTUj,Logging,Cristian Java Ríos,Male,2019-04-17,Peru,Americas,Murder,2019
rechOMDUlLen6PwEb,Land,Arbildo Meléndez Grandes,Male,2020-04-12,Peru,Americas,Murder,2020
rec2KmBqyvJlQrv3C,Mining & Extractives,Roberto Carlos Pacheco,Male,2020-09-11,Peru,Americas,Murder,2020
recbyLx1JORqHwV4C,Logging,Santiago Vega Chota,Male,2020-07-25,Peru,Americas,Murder,2020
rec0ZB0STI6ld2WHS,Logging,Gonzalo Pío Flores,Male,2020-05-17,Peru,Americas,Murder,2020
recFq4OPPYm0Po1el,Logging,Jorge Muñoz Saavedra,Male,2020-12-19,Peru,Americas,Disappearance,2020
recyZs4y74JlDqbVM,Land,Herasmo García Grau,Male,2021-02-25,Peru,Americas,Murder,2021
reccbm9xaT69t6qP9,Land,Yenes Ríos Bonsano,Male,2021-02-14,Peru,Americas,Murder,2021
recINRv1wAfuEzHrt,Land,Estela Casanto Mauricio,Female,2021-03-12,Peru,Americas,Murder,2021
recSbTnplMhYIbjoD,Land,Lorenzo Caminti,Male,2020-07-20,Peru,Americas,Murder,2020
recSFcxhlgwFMaQBE,Land,Mario Marco López Huanca,Male,2021-07-01,Peru,Americas,Murder,2021
recyeBAd9VlU7SNat,Land,Lucio Pascual Yumanga,Male,2021-11-30,Peru,Americas,Disappearance,2021
recdmDdlOQdceKpFE,Land,Santiago Meléndez Dávila,Male,2021-08-09,Peru,Americas,Disappearance,2021
recO9Dx0IkanJ1Zv7,Land,Luis Tapia Meza,Male,2021-09-22,Peru,Americas,Disappearance,2021
recbyOOo5D47SkvoA,Mining & Extractives,Juan Julio Fernández Hanco,Male,2022-03-20,Peru,Americas,Murder,2022
recyVk6QgdwtoixWM,Land,Ulises Rumiche Quintimari,Male,2022-04-19,Peru,Americas,Murder,2022
recZfcSwSA8H0Wpop,Land,Genaro Comisario Bitap,Male,2022-08-02,Peru,Americas,Murder,2022
recFMcGJAVwdMzRxf,Land,Santiago Contoricón Antúnez,Male,2023-04-08,Peru,Americas,Murder,2023
recxxvgcdlqw2gw7T,Land,Cristino Melchor Flores,Male,2023-02-06,Peru,Americas,Murder,2023
reciURbeE6PVrTY0C,Logging,Quinto Inuma Alvarado,Male,2023-11-29,Peru,Americas,Murder,2023
rec5sSzUGEzZtFqhM,Land,Benjamin Flores Ríos,Male,2023-12-17,Peru,Americas,Murder,2023
rec1x3GlNXTnNVCdo,Mining & Extractives,Victorio Dariquebe Gerewa,Male,2024-04-19,Peru,Americas,Murder,2024
recWApcqtzuD2jvG2,Land,Mariano Mucama Isacama Feliciano,Male,2024-06-21,Peru,Americas,Murder,2024
recoRMoN14PkVeRtX,Mining & Extractives,Ricardo Kunchikui Shimpujat,Male,2024-07-03,Peru,Americas,Murder,2024
rec9lfZ346z34OAMG,Land,Gerardo Keimari Enrique,Male,2024-10-07,Peru,Americas,Murder,2024
recJ4gU9TdOlskYBd,Unknown,Herminio Samia,Male,2015-08-18,Philippines,Asia,Murder,2015
recTDV3Bl1PuIqelJ,Land,Arnel Figueroa,Male,2016-09-20,Philippines,Asia,Murder,2016
recTPogIxbTrNpJS5,Mining & Extractives,Francisco Canayong,Male,2012-05-01,Philippines,Asia,Murder,2012
recU0oLl1Q7vFMKfY,Land,Bernardo Calan Ripdos,Male,2017-04-08,Philippines,Asia,Murder,2017
recVwhvTdz6WpMCDr,Agribusiness,Wencislao Pacquiao,Male,2017-01-25,Philippines,Asia,Murder,2017
recVdDDPsSJYgeHki,Agribusiness,Marcel Labon,Male,2014-08-14,Philippines,Asia,Murder,2014
recVUwy6MlUaciuz0,Land,Mankombate Mariano,Male,2015-10-27,Philippines,Asia,Murder,2015
recW7SD6mckYHTpFp,Unknown,Rolan Lonin Casiano,Male,2016-04-27,Philippines,Asia,Murder,2016
recWmyV8Q7VDHi3WZ,Unknown,Benilda Santos,Female,2015-05-22,Philippines,Asia,Murder,2015
recYubfNTLwQBoBCK,Agribusiness,Lucila L. Vargas,Female,2015-09-19,Philippines,Asia,Murder,2015
recYOIDNA9Mwstk7V,Agribusiness,Mateng Bantel,Male,2017-12-03,Philippines,Asia,Murder,2017
recYSWiAG64O8WpiZ,Mining & Extractives,Dionel Campos,Male,2015-09-01,Philippines,Asia,Murder,2015
recZsyVGLI6E3Ze57,Land,Elisa Badayos,Female,2017-11-28,Philippines,Asia,Murder,2017
recZejOpdheOxIOYs,Mining & Extractives,Ruben Enlog,Male,2015-06-14,Philippines,Asia,Murder,2015
recZIBcXwHFUibD5L,Agribusiness,Victor Danyan Jr.,Male,2017-12-03,Philippines,Asia,Murder,2017
rec0wYyYuH6OUJdlT,Agribusiness,Tony Bago,Male,2014-05-21,Philippines,Asia,Murder,2014
rec0AMBjUrfMH6h60,Agribusiness,To Diamante,Male,2017-12-03,Philippines,Asia,Murder,2017
rec0bYowJ6VcyDiY7,Mining & Extractives,Olaking Olinan,Male,2015-09-15,Philippines,Asia,Murder,2015
rec0CcuH89xYKQmHY,Agribusiness,Tata Baito,Male,2015-03-24,Philippines,Asia,Murder,2015
rec0HmsxAmNqyNGnS,Mining & Extractives,Frenie Ganancia Landasan,Male,2015-03-28,Philippines,Asia,Murder,2015
rec0Nmmziivy6PbeD,Land,Ande Latuan,Male,2017-07-06,Philippines,Asia,Murder,2017
rec13RnMjeq2vyayz,Other,Mia Manuelita Mascariñas-Green,Female,2017-02-15,Philippines,Asia,Murder,2017
rec1MbPcrhprdSb6S,Mining & Extractives,Jerry Cuyos,Male,2017-04-15,Philippines,Asia,Murder,2017
rec1QhUNyr24rXYK3,Mining & Extractives,Rodolf Tagalog Jr.,Male,2017-04-15,Philippines,Asia,Murder,2017
rec1XfQKvSFZKjzSf,Land,Jimmy Mapinsahan Barosa,Male,2016-08-12,Philippines,Asia,Murder,2016
rec26sF6SX37HBTLc,Agribusiness,Arman Lumibao Padiño,Male,2014-01-12,Philippines,Asia,Murder,2014
rec26WB6DSuSzZIuW,Land,Virgilio Leotorco,Male,2015-03-16,Philippines,Asia,Murder,2015
rec2M1n6QhDXT03lq,Mining & Extractives,Oligario Quimbo,Male,2015-06-14,Philippines,Asia,Murder,2015
rect3Fa7m4OE2mGCH,Agribusiness,Datu Victor Danyan,Male,2017-12-03,Philippines,Asia,Murder,2017
rectHN882nH4uV6fo,Land,Gaudencio Bagalay,Male,2016-09-03,Philippines,Asia,Murder,2016
recuuUkpV9ZaMM4VF,Land,Willerme Agorde,Male,2017-02-19,Philippines,Asia,Murder,2017
recu9uLUQJ62AallW,Mining & Extractives,Jocel Rosales,Male,2017-04-15,Philippines,Asia,Murder,2017
recubZgWfXjCH47ZN,Land,Venecia Natinga Nestor,Female,2012-06-19,Philippines,Asia,Murder,2012
recuBZYZRRy0VpK9n,Agribusiness,Alexander Ceballos,Male,2017-01-20,Philippines,Asia,Murder,2017
recwwEzFllL40gCoG,Mining & Extractives,Perfecto Hoyle,Male,2017-11-16,Philippines,Asia,Murder,2017
recxrlGVkuDMLCnIL,Land,Dominador Lucas,Male,2018-06-08,Philippines,Asia,Murder,2018
recxsVmTogKiIXLNd,Land,Arman Almonicar,Male,2017-03-27,Philippines,Asia,Murder,2017
recxzkXYFW6smOcUw,Logging,Ruben Arzaga,Male,2017-09-14,Philippines,Asia,Murder,2017
recxnBa7ONHUyWvLg,Mining & Extractives,Marcelo Monterona,Male,2014-01-03,Philippines,Asia,Murder,2014
recxUYEx4bd83SgqB,Mining & Extractives,Ernel Wata Taduyan,Male,2014-05-07,Philippines,Asia,Murder,2014
recyGEZxY4P3GcLrx,Mining & Extractives,Jimmy Saypan,Male,2016-10-11,Philippines,Asia,Murder,2016
recyGQgVQqTOBoZy7,Unknown,Emer Somina,Male,2015-08-18,Philippines,Asia,Murder,2015
recz74PaoRFwU625L,Agribusiness,"Roger ""Titing"" Timboco",Male,2017-08-23,Philippines,Asia,Murder,2017
recABYGP1RUyAUpr2,Mining & Extractives,Obillo Bay-ao,Male,2017-09-05,Philippines,Asia,Murder,2017
recAPx6pKznDva5LY,Agribusiness,Luis Carbajosa,Male,2015-04-28,Philippines,Asia,Murder,2015
recBsT93mjyPOLCib,Unknown,Marcelito “Tito” Paez,Male,2017-12-04,Philippines,Asia,Murder,2017
recBwqMsZJkzxBfS0,Mining & Extractives,Aldren Dumaguit,Male,2014-10-24,Philippines,Asia,Murder,2014
recBcc9TK0crFr5Pn,Mining & Extractives,Gloria Capitan,Female,2016-07-01,Philippines,Asia,Murder,2016
recBFgxOSpd0aADgf,Agribusiness,Pato Celardo,Male,2017-12-03,Philippines,Asia,Murder,2017
recCGIuqQZDKYOrYi,Agribusiness,Artemio Danyan,Male,2017-12-03,Philippines,Asia,Murder,2017
recDAoCSSn2C0vjjd,Mining & Extractives,Cheryle Ananayo,Female,2012-12-08,Philippines,Asia,Murder,2012
recEjw9IEhYGyXi8v,Logging,Alberto Miranda,Male,2015-05-25,Philippines,Asia,Murder,2015
recFG3oIrptB4ca0d,Land,Eligio Barbado,Male,2016-09-03,Philippines,Asia,Murder,2016
recGx5uSFGSkT0Yel,Mining & Extractives,Lomer Gerodias,Male,2017-08-27,Philippines,Asia,Murder,2017
recGzsTlqeySfmQx9,Mining & Extractives,Joselito “Anoy” Pasaporte,Male,2016-10-13,Philippines,Asia,Murder,2016
recGpIJLiUnCjarZ6,Land,Romulo Dela Cruz,Male,2014-02-28,Philippines,Asia,Disappearance,2014
recGBba3qz1bUc5ln,Agribusiness,Edweno ‘Edwin’ Catog,Male,2017-02-16,Philippines,Asia,Murder,2017
recGF2QPKcz3MJr3p,Mining & Extractives,Ronel Paas,Male,2016-02-09,Philippines,Asia,Murder,2016
recGRlClzGG9xKw1t,Unknown,Michael Sib-ot,Male,2016-04-27,Philippines,Asia,Murder,2016
recG0kZBGqIVbZjLh,Mining & Extractives,Jover Lumisod,Male,2016-01-05,Philippines,Asia,Murder,2016
recH3jijNMfjXIouN,Mining & Extractives,Randy Lavarcon Carnasa,Male,2015-06-14,Philippines,Asia,Murder,2015
recIulbijBxeK5uUv,Mining & Extractives,Leonila Tapdasan Pesadilla,Female,2017-03-02,Philippines,Asia,Murder,2017
recIdbTMgyj6rtqxA,Mining & Extractives,Veronico “Nico” Delamante,Male,2017-01-20,Philippines,Asia,Murder,2017
recIjmQQreVL6hiy2,Mining & Extractives,Rodrigo Timoteo,Male,2017-11-29,Philippines,Asia,Murder,2017
recIIX8dVWCMbsU3M,Logging,Wilhelmus Geertman,Male,2012-07-03,Philippines,Asia,Murder,2012
recK14ELbSn1Z9Rdi,Agribusiness,Rolen Langala,Male,2013-12-01,Philippines,Asia,Murder,2013
recLtNpq35Kw65aOa,Unknown,Welmer Somina,Male,2015-08-18,Philippines,Asia,Murder,2015
recLCD3l0iyjwyX3j,Agribusiness,Lando Moreno,Male,2017-11-29,Philippines,Asia,Murder,2017
recLHEdQkGHcMtCoG,Agribusiness,Menelao Barcia,Male,2014-05-02,Philippines,Asia,Murder,2014
recLK2yEHaaeCvevg,Mining & Extractives,Jennifer Albacite,Female,2016-02-09,Philippines,Asia,Murder,2016
recNCltoesVrrDNHB,Agribusiness,Rogen Suminao,Male,2016-07-12,Philippines,Asia,Murder,2016
recNOolIFIlDpqR4d,Mining & Extractives,Obet Pabiana,Male,2015-09-15,Philippines,Asia,Murder,2015
recOvUZtDMuPSkzTP,Logging,Fausto Orasan,Male,2014-09-13,Philippines,Asia,Murder,2014
recOAjzN46GbGp7OH,Land,Pablito Egildo,Male,2013-04-23,Philippines,Asia,Murder,2013
recOnOmk1bYmbPD6P,Agribusiness,Boy Cañete,Male,2017-07-21,Philippines,Asia,Murder,2017
recOUvnMwC2hIkxAH,Mining & Extractives,Agudo Quillio,Male,2018-03-20,Philippines,Asia,Murder,2018
recO05YhmSXHPQXF2,Hydropower,Teresito Mula Labastilla,Male,2015-02-12,Philippines,Asia,Murder,2015
recQ8ZXzibhj1A8I8,Agribusiness,Roger B. Vargas,Male,2015-09-19,Philippines,Asia,Murder,2015
recQm6a42enzjT7wd,Agribusiness,Bobot Lagase,Male,2017-12-03,Philippines,Asia,Murder,2017
recRqwUOf4EyNR5dN,Land,Endric Calago,Male,2015-05-25,Philippines,Asia,Murder,2015
recRQ37mLKdt4iXOj,Unknown,Joel Gulmatico,Male,2015-08-18,Philippines,Asia,Murder,2015
recRTvuA6fb3WY5FT,Mining & Extractives,Ramon Dagaas Pesadilla,Male,2017-03-02,Philippines,Asia,Murder,2017
recSkhXUr42s2xsfj,Agribusiness,Lando Perdicos,Male,2018-06-06,Philippines,Asia,Murder,2018
rec343dEShFFQ7Jlp,Agribusiness,Ronald Manlanat,Male,2018-02-22,Philippines,Asia,Murder,2018
rec355w6UpLVwDlm6,Mining & Extractives,Jan-Jan Capion,Male,2012-10-18,Philippines,Asia,Murder,2012
rec3I3TJYcgm7QgkR,Mining & Extractives,Roger Alaki,Male,2014-08-10,Philippines,Asia,Murder,2014
rec4bnPwynkScrC0p,Mining & Extractives,Randy Nabayay,Male,2012-12-08,Philippines,Asia,Murder,2012
rec4Od82fUuSBdaSM,Land,Manliro Landahay,Male,2015-11-07,Philippines,Asia,Murder,2015
rec5ql5t3FH2OMufp,Mining & Extractives,Pedro Pandagay,Male,2017-03-23,Philippines,Asia,Murder,2017
rec5VW0ihFRErlLHY,Unknown,Edjan Talian,Male,2016-04-27,Philippines,Asia,Murder,2016
rec5XjIA4t0FpgX63,Mining & Extractives,Victor Freay,Male,2013-08-23,Philippines,Asia,Murder,2013
rec50veiQQ73hDbIt,Logging,John Cabada,Male,2015-04-30,Philippines,Asia,Disappearance,2015
rec6tF18MpC4lq993,Agribusiness,Armando Campos,Male,2014-08-09,Philippines,Asia,Murder,2014
rec6jkHKpx6AQiI1X,Land,Dexter Condez,Male,2013-02-22,Philippines,Asia,Murder,2013
rec6lG4cHTTxkE9Ww,Mining & Extractives,Mark Ventura,Male,2018-04-29,Philippines,Asia,Murder,2018
rec6Hke943EsJ2dhU,Mining & Extractives,William Bugatti,Male,2014-03-24,Philippines,Asia,Murder,2014
rec6IfNBQ8rpc3AW0,Agribusiness,Remar Mayantao,Male,2016-07-12,Philippines,Asia,Murder,2016
rec6NdAc8X6hRvdcu,Mining & Extractives,Juvy Capion,Female,2012-10-18,Philippines,Asia,Murder,2012
rec6OhArRV0vSu2uv,Mining & Extractives,Genesis Ambason,Male,2012-09-13,Philippines,Asia,Murder,2012
rec607NC78cyEqIgP,Land,Cora Molave Lina,Female,2017-03-27,Philippines,Asia,Murder,2017
rec7ePa2BpqZeMWT1,Mining & Extractives,Henry Alameda,Male,2014-10-24,Philippines,Asia,Murder,2014
rec7GusPhBve5LYj4,Land,Alibando Tingkas,Male,2016-01-17,Philippines,Asia,Murder,2016
rec8xKT1iJ9LzKvmy,Land,Eleuterio Moises,Male,2017-11-28,Philippines,Asia,Murder,2017
rec8jnSJKJnYWmycV,Land,Federico “Pande” Plaza,Male,2017-05-03,Philippines,Asia,Murder,2017
rec9r4pF8FS391DUr,Land,Elisa Lascoña Tulid,Female,2013-10-19,Philippines,Asia,Murder,2013
rec9u5l5L9wVQxdI4,Agribusiness,Benjie Sustento,Male,2016-01-09,Philippines,Asia,Murder,2016
rec9lpatNMF9IfDkJ,Mining & Extractives,Emerito Samarca,Male,2015-09-01,Philippines,Asia,Murder,2015
rec9nm83xfvBYAoow,Mining & Extractives,Alejandro Laya-Og,Male,2016-02-07,Philippines,Asia,Murder,2016
recb5M3wcm2SO5HNl,Agribusiness,Renato Anglao,Male,2017-02-03,Philippines,Asia,Murder,2017
recbJVW8hAwCizRI9,Land,Orlando Eslana,Male,2017-02-11,Philippines,Asia,Murder,2017
recbYbmaxhk61idZk,Mining & Extractives,Julieto Lauron,Male,2014-02-05,Philippines,Asia,Murder,2014
reccwFbn66eciOMh1,Land,Baby Mercado,Female,2016-09-03,Philippines,Asia,Murder,2016
recc7tDHFwYDJcCof,Mining & Extractives,Jorge Capion,Male,2012-10-18,Philippines,Asia,Murder,2012
recc8jy0xFk6PMG6m,Land,Hermie Alegre,Male,2016-07-15,Philippines,Asia,Murder,2016
reccNGuYQ12nZ2OAF,Mining & Extractives,Carolina Arado,Female,2017-07-13,Philippines,Asia,Murder,2017
reccRlrfF6siGoYm3,Mining & Extractives,Webby Argabio,Male,2017-11-08,Philippines,Asia,Murder,2017
recdf79rOalfLA4Vm,Agribusiness,Senon Nacaytuna,Male,2016-07-12,Philippines,Asia,Murder,2016
recdqwEXjjas7lS8U,Mining & Extractives,Lito Casalla,Male,2017-06-03,Philippines,Asia,Murder,2017
recdOq8Ou4DgJw7P9,Agribusiness,Ariel Diaz,Male,2016-09-07,Philippines,Asia,Murder,2016
recezTTqZinBfme9i,Land,Rosalie Calago,Female,2015-05-25,Philippines,Asia,Murder,2015
recfu4LjAcKZE9RrY,Mining & Extractives,Bryan Epa,Male,2013-08-21,Philippines,Asia,Disappearance,2013
recfbqDKS5CKI3USO,Land,Jerry ‘Dandan' Layola,Male,2016-08-12,Philippines,Asia,Murder,2016
recgAuUXpX9lJyf2U,Mining & Extractives,Makinit Gayoran,Female,2016-07-30,Philippines,Asia,Murder,2016
recgLhm9CXHbWpJQ3,Land,Christopher Matibay,Male,2016-01-18,Philippines,Asia,Murder,2016
recgTlOlmuk6dwo2x,Unknown,Norman Samia,Male,2015-08-18,Philippines,Asia,Murder,2015
recgYms8YrlwvMSCU,Land,Ricky Peñaranda,Male,2016-01-11,Philippines,Asia,Murder,2016
rechw0VuheD9T896t,Unknown,Ely Tabugol,Male,2015-08-28,Philippines,Asia,Murder,2015
rechqjnIPNSA1UEiA,Mining & Extractives,Anting Freay,Male,2013-08-23,Philippines,Asia,Murder,2013
reciugL6dpj95CfEy,Mining & Extractives,Jose Unahan,Male,2018-06-06,Philippines,Asia,Murder,2018
reciyhRCiKwFPHeZe,Hydropower,Ricardo Mayumi,Male,2018-03-02,Philippines,Asia,Murder,2018
reci99c3gv1DH4w8r,Mining & Extractives,Sonny Boy Planda,Male,2013-06-28,Philippines,Asia,Murder,2013
reciHUm9Dn6BZuhSy,Land,Moises Fuentes,Male,2012-06-16,Philippines,Asia,Murder,2012
recjixQrjPd6ra79F,Land,Danilo Ruiz Nadal,Male,2017-04-02,Philippines,Asia,Murder,2017
recjMCdDqMC52kAQG,Agribusiness,Gilbert Bancat,Male,2017-02-25,Philippines,Asia,Murder,2017
recjYqGvTedcXQLRJ,Agribusiness,Gilbert Paborada,Male,2012-10-03,Philippines,Asia,Murder,2012
reckiVnXyVbKitEBw,Land,Violeta Mercado,Female,2016-09-03,Philippines,Asia,Murder,2016
reckKV3KGFaCYmcVz,Mining & Extractives,Ricky Olado,Male,2018-01-28,Philippines,Asia,Murder,2018
reckOtTDoHq7pvjD9,Mining & Extractives,Engracio de los Reyes,Male,2017-09-03,Philippines,Asia,Murder,2017
recl9T0ySa6IgmKLX,Mining & Extractives,Teresita Navacilla,Female,2016-01-27,Philippines,Asia,Murder,2016
reclUPF7GmFz1oPrS,Mining & Extractives,Jimmy Liguyon,Male,2012-03-05,Philippines,Asia,Murder,2012
recmEG0awUkEyBNhW,Land,Arlyn Almonicar,Female,2017-03-27,Philippines,Asia,Murder,2017
recmR1qqMAbZyhDr7,Mining & Extractives,Beverly Geronimo,Female,2018-05-26,Philippines,Asia,Murder,2018
recnJO9oQsaN3HCrh,Hydropower,Margarito J. Cabal,Male,2012-05-09,Philippines,Asia,Murder,2012
reco1EAfXtwDbiLrt,Agribusiness,Venie Diamante,Male,2017-01-05,Philippines,Asia,Murder,2017
recoqsxstHBKZrQ2Y,Agribusiness,Samuel Angkoy,Male,2017-12-03,Philippines,Asia,Murder,2017
recoYclYMIL5c853k,Mining & Extractives,Mansulbadan Lalinan,Male,2016-05-06,Philippines,Asia,Murder,2016
recpA7zEMiwezLaZz,Unknown,Jobert Samia,Male,2015-08-18,Philippines,Asia,Murder,2015
recpJSbalIlfLD4a3,Unknown,Crisanto Tabugol,Male,2015-08-28,Philippines,Asia,Murder,2015
recqVL9Z3ewqfbb2b,Mining & Extractives,Lito Abion,Male,2015-09-28,Philippines,Asia,Murder,2015
recrkhpUuqBnd3YVM,Mining & Extractives,Bello Sinzo,Male,2015-09-01,Philippines,Asia,Murder,2015
recrVQQW0oLaxQO3C,Other,Nestor Libaton,Male,2012-05-08,Philippines,Asia,Murder,2012
recsx4WJNOEuGftcV,Mining & Extractives,Timuay Lencio Arig,Male,2014-10-02,Philippines,Asia,Murder,2014
recs5QAj7bfKraQtO,Mining & Extractives,Mario Contaoi,Male,2017-01-07,Philippines,Asia,Murder,2017
recsLnCjeK6YGMdJU,Unknown,Felix Basig,Male,2015-06-25,Philippines,Asia,Murder,2015
recsQFxfFtMBmCNJv,Mining & Extractives,Frederik Trangia,Male,2012-05-06,Philippines,Asia,Murder,2012
recsX8HFiooE2RgeK,Logging,Romulo Sarmiento-Percil,Male,2015-05-26,Philippines,Asia,Murder,2015
rec1V17qcelFHW7Wj,Agribusiness,Rene Laurencio,Male,2018-10-20,Philippines,Asia,Murder,2018
recMdXTOFa8w2nMkf,Agribusiness,Morena Mendoza,Female,2018-10-20,Philippines,Asia,Murder,2018
recjHKwu4MVnTdITO,Agribusiness,Marcelina Dumaguit,Female,2018-10-20,Philippines,Asia,Murder,2018
recuD4iswCqLcVewU,Agribusiness,Angelife Arsenal,Female,2018-10-20,Philippines,Asia,Murder,2018
recwvCNcjCPHOSupp,Agribusiness,Eglicerio Villegas,Male,2018-10-20,Philippines,Asia,Murder,2018
recgCJi7csSEJZMeM,Agribusiness,Paterno Baron,Male,2018-10-20,Philippines,Asia,Murder,2018
recjHTBOewoxS2CDq,Agribusiness,Rannel Bantigue,Male,2018-10-20,Philippines,Asia,Murder,2018
recD0X1UHffveTwDL,Agribusiness,Marchstel Sumicad,Male,2018-10-20,Philippines,Asia,Murder,2018
recl92tbH5687qRKw,Agribusiness,Joemarie Ogahayon,Female,2018-10-20,Philippines,Asia,Murder,2018
rec1cLINWfD5KsOWq,Agribusiness,Benjamin Ramos,Male,2018-11-06,Philippines,Asia,Murder,2018
recf4c6woZ6ghNPhV,Land,Marcial Pattaguan,Male,2018-10-09,Philippines,Asia,Murder,2018
reccVCYrT7878hwuc,Land,Bronsel Impiel,Male,2018-10-09,Philippines,Asia,Murder,2018
recAUuXBaET1hw8KE,Agribusiness,Rommel Romon,Male,2018-11-23,Philippines,Asia,Murder,2018
rec34oM5Ii91hiaIX,Mining & Extractives,Rolly Panebio,Male,2018-08-18,Philippines,Asia,Murder,2018
rec5RwGC1yPCo3xJI,Mining & Extractives,Gilbert Plabial,Male,2018-08-19,Philippines,Asia,Murder,2018
rec0dFc1a1b1w2GxI,Mining & Extractives,Jean Plabial,Female,2018-08-19,Philippines,Asia,Murder,2018
recK4p5gukkZ3rbPN,Land,Jerry Turga,Male,2018-04-28,Philippines,Asia,Murder,2018
recKkoi4vXPdcIOH0,Unknown,Julius Barellano,Male,2018-06-27,Philippines,Asia,Murder,2018
recYS9BKB5n4v3XoG,Mining & Extractives,Yandong Menyo,Male,2018-08-10,Philippines,Asia,Murder,2018
recyppYlWjHX2Kofc,Other,Daniel Tejamo,Male,2018-10-06,Philippines,Asia,Murder,2018
recsxceedBE7acjPx,Other,Jaime Delos Santos,Male,2018-10-06,Philippines,Asia,Murder,2018
recUsseVZLwsEKF2h,Agribusiness,Sergio Atay,Male,2019-01-29,Philippines,Asia,Murder,2019
rec7VPgQOCnp4e1hX,Agribusiness,Manolo Martin,Male,2019-03-30,Philippines,Asia,Murder,2019
recWZCJzXMFfHOoDI,Agribusiness,Bernardino Patigas,Male,2019-04-22,Philippines,Asia,Murder,2019
recJenwOV6VMez2vH,Mining & Extractives,Kaylo Bontulan,Male,2019-04-07,Philippines,Asia,Murder,2019
rec168O3LGn1ZQcpF,Agribusiness,Alex Lacay,Male,2019-08-09,Philippines,Asia,Murder,2019
recVXBluDl269H1T3,Agribusiness,Ismael Avelino,Male,2019-03-30,Philippines,Asia,Murder,2019
recKS04l600SVdngE,Agribusiness,Edgardo Avelino,Male,2019-03-30,Philippines,Asia,Murder,2019
rec5ESK889e7iyRQA,Agribusiness,Melchor Panares,Male,2019-03-30,Philippines,Asia,Murder,2019
recJKCvRSBagVNLOI,Agribusiness,Mario Panares,Male,2019-03-30,Philippines,Asia,Murder,2019
recK48qIfUjBlNanG,Agribusiness,Rogelio Recomono,Male,2019-03-30,Philippines,Asia,Murder,2019
recM4IsdOiqAG2iH7,Agribusiness,Ricky Recomono,Male,2019-03-30,Philippines,Asia,Murder,2019
recr8i2Jc6vKZfVkN,Agribusiness,Gonzalo Rosales,Male,2019-03-30,Philippines,Asia,Murder,2019
recjLDsZk6UV2I2eL,Agribusiness,Genes Palmares,Male,2019-03-30,Philippines,Asia,Murder,2019
recIoeWinE2hTrA3C,Agribusiness,Franklin Lariosa,Male,2019-03-30,Philippines,Asia,Murder,2019
rec0VoNSplWLj1c3o,Agribusiness,Anoj Enojo Rapada,Male,2019-03-30,Philippines,Asia,Murder,2019
recHk0zTwKiiQiEdq,Agribusiness,Valentin Acabal,Male,2019-03-30,Philippines,Asia,Murder,2019
rechzpO6r6i9OojJU,Agribusiness,Sonny Palagtiw,Male,2019-03-30,Philippines,Asia,Murder,2019
recnWtDjEIqgKV6hi,Agribusiness,Steve Arapoc,Male,2019-03-30,Philippines,Asia,Murder,2019
recN3GjayGZy8tB2M,Logging,Bienvinido Veguilla Jr,Male,2019-09-04,Philippines,Asia,Murder,2019
rec5LFZwWjhz4S0zC,Agribusiness,Leonides Bacong,Male,2019-09-11,Philippines,Asia,Murder,2019
recZfMZ6SQP5KjYxW,Mining & Extractives,Angelito Marivao,Male,2019-09-16,Philippines,Asia,Murder,2019
recbocG0PVgniMH3N,Land,Honey Mae Suazo,Female,2019-11-02,Philippines,Asia,Disappearance,2019
recv6sRj4TdEP6zjU,Logging,Ronaldo Corpuz,Male,2019-10-25,Philippines,Asia,Murder,2019
recu3MrFpTs9Rebfi,Mining & Extractives,Bai Leah Tumbalang,Female,2019-08-23,Philippines,Asia,Murder,2019
recG5nnVfJjBWNExK,Logging,Joash Peregrino,Male,2019-11-21,Philippines,Asia,Murder,2019
reccKzmyhFaDUGEBE,Agribusiness,Jeffrey Bayot,Male,2019-08-12,Philippines,Asia,Murder,2019
rec4t5sg20tMO4HEB,Land,Anthony Trinidad,Male,2019-07-23,Philippines,Asia,Murder,2019
recHUyiD5QsEucufF,Agribusiness,Liovigildo “Nonoy” Palma,Male,2019-06-16,Philippines,Asia,Murder,2019
reciPETKnkDIxswtg,Agribusiness,Mario Agsab,Male,2019-07-08,Philippines,Asia,Murder,2019
recPGY33DmdDsGnvX,Logging,Kandatu Bansil,Male,2019-02-21,Philippines,Asia,Murder,2019
recfiMG8dkXLxTDPz,Agribusiness,Guillermo Casas,Male,2019-08-01,Philippines,Asia,Murder,2019
recpP2XcNiocRxQ1r,Agribusiness,Joel Anino,Male,2019-07-06,Philippines,Asia,Murder,2019
rec2lufzmbbCalueY,Land,Roberto ‘Ka Bobby' Mejia,Male,2019-02-18,Philippines,Asia,Murder,2019
recvB6vCIKOqib5Jv,Mining & Extractives,Zenon Teofilo Granada,Male,2019-10-18,Philippines,Asia,Murder,2019
recB11tzn3oafbwdF,Logging,Gaudencio Arana,Male,2019-09-11,Philippines,Asia,Murder,2019
recW6CcnP55ZisxKU,Mining & Extractives,Emel Tejero,Male,2019-01-24,Philippines,Asia,Murder,2019
recYtcxS5wppqpuRJ,Mining & Extractives,Randell Gallego,Male,2019-01-24,Philippines,Asia,Murder,2019
recOPcssa5KKxwfI5,Mining & Extractives,Rolando Egtob,Male,2019-12-02,Philippines,Asia,Murder,2019
reciHX0cy2Ix3Uhjp,Mining & Extractives,Josephine Egtob,Female,2019-12-02,Philippines,Asia,Murder,2019
recmeAVne116ncyDJ,Mining & Extractives,Emelda Torralba,Female,2019-02-12,Philippines,Asia,Murder,2019
recf0iV0D0ajRu43C,Agribusiness,Sanito 'Tating' Delubio,Male,2019-03-01,Philippines,Asia,Murder,2019
recVTTbaIMVUQz0ng,Agribusiness,Felipe Dacal-Dacal,Male,2019-06-08,Philippines,Asia,Murder,2019
recHh5MbRGRs7PiiV,Land,Salvador “Bador” Romano,Male,2019-07-07,Philippines,Asia,Murder,2019
rec3E0vHOV7fX7AEV,Land,Jennifer Tonag,Female,2020-01-20,Philippines,Asia,Murder,2020
recpWT9gGylRIjD5G,Land,Nora Apique,Female,2020-03-31,Philippines,Asia,Murder,2020
recrsz6qJFWw3rGNI,Land,Marlon Maldos,Male,2020-03-17,Philippines,Asia,Murder,2020
rec1dMRNFU74qFFWs,Land,Emerito Pinza,Male,2020-01-19,Philippines,Asia,Disappearance,2020
recVa3YsUN4gJLfrW,Land,Romy Candor,Male,2020-01-19,Philippines,Asia,Disappearance,2020
rect05Yvny3D0zMek,Land,Jay-ar Mercado,Male,2020-01-31,Philippines,Asia,Murder,2020
recKg1fxJyhQYNjOR,Land,John Farochilin,Male,2020-04-18,Philippines,Asia,Murder,2020
recHNwI3AVrAyDwy5,Mining & Extractives,Jory Porquia,Male,2020-04-30,Philippines,Asia,Murder,2020
recoBbY9ARlVbf16l,Land,Zara Alvarez,Female,2020-08-17,Philippines,Asia,Murder,2020
recB4wWViu9pKs5hY,Land,Randy Echanis,Male,2020-08-10,Philippines,Asia,Murder,2020
recn1qPdvlEK9GqVb,Land,Louie Tagapia,Male,2020-08-10,Philippines,Asia,Murder,2020
recmiHoaGBbPCSfkq,Hydropower,Roy Giganto,Male,2020-12-30,Philippines,Asia,Murder,2020
recee7C6hkfyOwZ3K,Hydropower,Reynaldo Katipunan,Male,2020-12-30,Philippines,Asia,Murder,2020
rectVLob8W0LD2y4d,Hydropower,Garson Catamin,Male,2020-12-30,Philippines,Asia,Murder,2020
recZkNIVv8hR1Kpm7,Hydropower,Eliseo Gayas Jr,Male,2020-12-30,Philippines,Asia,Murder,2020
recL0QgiCqIJDQ3Ma,Hydropower,Maurito Diaz,Male,2020-12-30,Philippines,Asia,Murder,2020
rec9AOYyyBVQTBJ78,Hydropower,Artilito Katipunan,Male,2020-12-30,Philippines,Asia,Murder,2020
recvFQRfJzf8DKRra,Hydropower,Mario Aguirre,Male,2020-12-30,Philippines,Asia,Murder,2020
recRKdeq26LpezBPq,Hydropower,Jomar Vidal,Male,2020-12-30,Philippines,Asia,Murder,2020
recTg9NvAifeXhKkP,Hydropower,Rolando Diaz,Male,2020-12-30,Philippines,Asia,Murder,2020
reclN07TajqM8ewTA,Mining & Extractives,Jobert Bercasio,Male,2020-09-14,Philippines,Asia,Murder,2020
recds7siGETjVPlxF,Logging,Jessie Golondrina,Male,2020-09-26,Philippines,Asia,Murder,2020
recoVwWDPIPezseNY,Logging,Fernando Velarde,Male,2020-09-26,Philippines,Asia,Murder,2020
recb7JrJtSjd0yx4q,Logging,Bae Merlin Ansabu Celis,Female,2020-08-23,Philippines,Asia,Murder,2020
recFpfurPSdx3ZYFM,Land,Ronnie Villamor,Male,2020-11-14,Philippines,Asia,Murder,2020
reck7OkEMXvXE3XDe,Land,Harold Tablazon,Male,2020-06-20,Philippines,Asia,Murder,2020
recSWqAsZI8Hj7fMp,Land,Glenn Bunda,Male,2020-06-20,Philippines,Asia,Murder,2020
recMcd38hYrE1GeY4,Mining & Extractives,Pablo Matinong Jr.,Male,2020-07-10,Philippines,Asia,Murder,2020
recO7WJNKZPjQVQd8,Land,Lorenzo Paña,Male,2020-12-30,Philippines,Asia,Murder,2020
recZi7hnPnP7Zb3AY,Land,"Antonio ""Cano"" Arellano",Male,2021-02-02,Philippines,Asia,Murder,2021
recDVuWomnT7PAID6,Other,Ana Marie Lemita-Evangelista,Female,2021-03-07,Philippines,Asia,Murder,2021
recDOvyBhnGPiiuTS,Other,Ariel Evangelista,Male,2021-03-07,Philippines,Asia,Murder,2021
rect6Z21ISvw06DVJ,Hydropower,Julie Catamin,Female,2021-02-28,Philippines,Asia,Murder,2021
recGIA0VUDMlS3ikI,Hydropower,Randy Dela Cruz,Male,2021-03-07,Philippines,Asia,Murder,2021
recbJJ1ajXIYVu86k,Hydropower,Puroy Dela Cruz,Male,2021-03-07,Philippines,Asia,Murder,2021
reccXSFgyU1TZSLXc,Land,Romeo Loyola Torres,Male,2021-02-05,Philippines,Asia,Disappearance,2021
recZYvD8HCwEXXi5J,Land,Emanuel Asuncion,Male,2021-03-07,Philippines,Asia,Murder,2021
recr0eaEcUueOEMwJ,Land,Elena Tijamo,Female,2020-06-13,Philippines,Asia,Disappearance,2020
recD9wo5A3hjrgcwj,Mining & Extractives,Willy Rodriguez,Male,2021-06-15,Philippines,Asia,Murder,2021
recvjQ87aCxTFy4U8,Mining & Extractives,Lenie Rivas,Female,2021-06-15,Philippines,Asia,Murder,2021
rec0WdzbxRpwhl7yO,Mining & Extractives,Angel Rivas,Female,2021-06-15,Philippines,Asia,Murder,2021
rechEHSwyDPpTvjsk,Land,Joseph Canlas,Male,2021-05-11,Philippines,Asia,Murder,2021
recuWbwfD3pROWZlY,Mining & Extractives,John Heredia,Male,2021-05-02,Philippines,Asia,Murder,2021
recu11zozzIYk3W7Y,Mining & Extractives,Melvin Dasigao,Male,2021-03-07,Philippines,Asia,Murder,2021
recg5zPgxBreRyc3U,Mining & Extractives,Mark Lee Bacasno,Male,2021-03-07,Philippines,Asia,Murder,2021
recN70O6wMPMdyec2,Land,Abner Esto,Male,2021-03-07,Philippines,Asia,Murder,2021
rec5WYd9QwqtZS5C9,Land,Edward Esto,Male,2021-03-07,Philippines,Asia,Murder,2021
rec74KNudU0GsVzPm,Land,Juan Macababbad,Male,2021-09-15,Philippines,Asia,Murder,2021
recFkOqpyIBHLyWxr,Land,Steve Abua,Male,2021-11-06,Philippines,Asia,Disappearance,2021
recEmBq8G7r4IJVD5,Land,Mansaka Roger Timboco,Male,2017-08-23,Philippines,Asia,Murder,2017
recsrzDNLIC1LsD8r,Land,Silvestre Fortades Jr.,Male,2022-01-15,Philippines,Asia,Murder,2022
recr7hbG6j1Ziq5dM,Land,Rose Marie Galias,Female,2022-01-15,Philippines,Asia,Murder,2022
recor3OKfcwub58ca,Land,Joseph Jimenez,Male,2022-11-30,Philippines,Asia,Murder,2022
rececmAVEqORLXEN8,Land,Ericson Acosta,Male,2022-11-30,Philippines,Asia,Murder,2022
recHBboq5FfJJMB57,Mining & Extractives,Eugene Lastrella,Male,2022-04-27,Philippines,Asia,Murder,2022
recukKvLdWNT3hd4L,Land,Chad Errol Booc,Non-binary,2022-02-23,Philippines,Asia,Murder,2022
recmNRYMMHt0rpcSM,Land,Gelejurain Ngujo II,Male,2022-02-23,Philippines,Asia,Murder,2022
recJYIlAWWzDSS2dK,Land,Elgyn Balonga,Female,2022-02-23,Philippines,Asia,Murder,2022
recLeB92YEYFlNyue,Land,Robert Aragon,Male,2022-02-23,Philippines,Asia,Murder,2022
recymlvMXdeYsJHSz,Land,Tirso Añar,Male,2022-02-23,Philippines,Asia,Murder,2022
recwnY9yf5bip67gD,Land,Richard Mendoza,Male,2022-02-08,Philippines,Asia,Disappearance,2022
recL9goNbU92i6XwG,Land,Roly Fausto,Male,2023-06-14,Philippines,Asia,Murder,2023
recQtq4X2zDywTsuq,Land,Emelda Fausto,Female,2023-06-14,Philippines,Asia,Murder,2023
rec8woEDgdhVcCPje,Land,Ben Fausto,Male,2023-06-14,Philippines,Asia,Murder,2023
recDmTWvmp5mrjc2h,Land,Ravin Fausto,Male,2023-06-14,Philippines,Asia,Murder,2023
recG2u9HiAiV6vLeH,Land,Dexter Capuyan,Male,2023-04-28,Philippines,Asia,Disappearance,2023
recJ9EDkdu3zMj79e,Land,Gene Roz Jamil De Jesus,Male,2023-04-28,Philippines,Asia,Disappearance,2023
rechdjnv2pagDLYd8,Land,Norman Ortiz,Male,2023-09-29,Philippines,Asia,Disappearance,2023
recIaOPkp3Cz3DWWz,Land,Lee Sudario,Male,2023-09-29,Philippines,Asia,Disappearance,2023
recPhchgGO3vAF5NF,Other,Mariano Jolongbayan,Male,2023-11-16,Philippines,Asia,Disappearance,2023
recPvI9u1KJja3Ozg,Land,Crispin Tingal Jr,Male,2023-05-03,Philippines,Asia,Murder,2023
recS8bsaojCRJ9mYj,Land,Bea Lopez,Female,2023-09-15,Philippines,Asia,Disappearance,2023
recwGby2oxqaWKSIu,Land,Peter Agravante,Male,2023-09-15,Philippines,Asia,Disappearance,2023
recLiv8jJPL5oGpwZ,Land,Danny Malinao,Male,2023-01-24,Philippines,Asia,Murder,2023
recBDR4DrgrpnYukC,Other,Arjie Velasco Salvador,Male,2023-02-11,Philippines,Asia,Murder,2023
recDBhvUkQiHhPFUm,Land,Rey Almario Belan,Male,2023-06-16,Philippines,Asia,Murder,2023
recCDR9Fh7ecY2cCN,Land,Antonio Diwayan,Male,2023-10-13,Philippines,Asia,Murder,2023
recaiVg2Nng7PZYXm,Land,Jose Gonzales,Male,2023-01-09,Philippines,Asia,Murder,2023
recpw35lGhdbIrKKa,Land,Dionisio Baloy,Male,2024-01-17,Philippines,Asia,Murder,2024
recrrelRPme0H7z6S,Land,Bernard Torres,Male,2024-01-17,Philippines,Asia,Murder,2024
rec9PqZAqHqmdP5tT,Other,Felix Salaveria Jr,Male,2024-08-28,Philippines,Asia,Disappearance,2024
recscbdUtJl8ncBYO,Mining & Extractives,Alberto Ortula Cuartero,Male,2024-09-22,Philippines,Asia,Murder,2024
recpiWn6mjHH83ryi,Mining & Extractives,Ronde Arpilleda Asis,Male,2024-09-22,Philippines,Asia,Murder,2024
recRD9mm36GjCKfps,Land,Gregorio Navarette Jr.,Male,2024-06-12,Philippines,Asia,Murder,2024
rec8Eav1tXgz6grCI,Land,Jay-El Maligday,Male,2024-04-07,Philippines,Asia,Murder,2024
recuzsu8zOPaW9cqO,Land,Boyet Rodrigo,Male,2024-06-23,Philippines,Asia,Murder,2024
rec31TipCiMN3JMvy,Logging,Raducu Gorcioaia,Male,2019-09-12,Romania,Europe,Murder,2019
rec6WBPERDfLz6b1g,Logging,Liviu Pop,Male,2019-10-20,Romania,Europe,Murder,2019
reczcKXD8NQqRcAH2,Logging,Igor Sapatov,Male,2013-07-18,Russia,Europe,Murder,2013
recLHaNxoYKxzW5LZ,Poaching,Nikolai Podolsky,Male,2013-07-20,Russia,Europe,Murder,2013
rec5YQgsaUorCIvy6,Poaching,Sergei Malashenko,Male,2013-07-20,Russia,Europe,Murder,2013
recreNHK9vDDbpFQV,Logging,Mikhail Beketov,Male,2013-04-08,Russia,Europe,Murder,2013
recY1tSU8rr0vc5sh,Mining & Extractives,Vladimir Kazantsev,Male,2024-12-17,Russia,Europe,Murder,2024
recsVnRaCuVZ9PMMS,Other,John Williams Ntwali,Male,2023-01-18,Rwanda,Africa,Murder,2023
recpAzhhLZJygN0jZ,Other,Abdul Rahim Ahmad Mahmoud al-Hwaiti,Male,2020-04-13,Saudi Arabia,Asia,Murder,2020
rectMYyKPiaklPOdE,Logging,Moustapha Gueye,Male,2018-04-06,Senegal,Africa,Murder,2018
recfFr1iwwVbsOLKo,Mining & Extractives,"Sikhosiphi ""Bazooka"" Rhadebe",Male,2016-03-22,South Africa,Africa,Murder,2016
rechrIAJQxxzdLaWw,Poaching,Wizani Baloyi,Male,2016-06-17,South Africa,Africa,Murder,2016
rectcS9Yh3lnQ9jfY,Poaching,Respect Mathebula,Male,2018-07-19,South Africa,Africa,Murder,2018
recXr8wtLu6Q3OIVI,Poaching,Leroy Bruwer,Male,2020-03-17,South Africa,Africa,Murder,2020
rec4vMgTbCwWXhJid,Mining & Extractives,Fikile Ntshangase,Female,2020-10-22,South Africa,Africa,Murder,2020
rec9bPBxt1VYHd9Bp,Poaching,Anton Mzimba,Male,2022-07-26,South Africa,Africa,Murder,2022
recZxWLMNG5KldOa2,Poaching,David Iglesias Díez,Male,2017-01-21,Spain,Europe,Murder,2017
recIt9FcDY6JEK6Pf,Poaching,Xavier Ribes Villas,Male,2017-01-21,Spain,Europe,Murder,2017
rec1OAUfevMSxrki6,Poaching,Senadeera Pradeep Bandara,Male,2020-04-22,Sri Lanka,Asia,Murder,2020
recyagVfpQA4BTKNc,Poaching,Wayne Lotter,Male,2017-08-16,Tanzania,Africa,Murder,2017
recptG5UQq34ISA4E,Poaching,Roger Gower,Male,2016-01-29,Tanzania,Africa,Murder,2016
rec1YFDq03lMjI9kS,Agribusiness,Sumsuk Kokrang,Male,2014-12-03,Thailand,Asia,Murder,2014
recAnTwYlWVfcDwdD,Poaching,Likhit Somboon,Male,2015-04-09,Thailand,Asia,Murder,2015
recBwJbaAbQb0YeZR,Other,Porlagee Rakchongcharoen,Male,2014-04-17,Thailand,Asia,Disappearance,2014
recOHH39S0ZCpSVf7,Land,"Wisut ""Ae"" Tangwittayaporn",Male,2012-01-12,Thailand,Asia,Murder,2012
rec3oj9rfoLYLZ2U0,Land,Krissada Jirapun,Male,2014-05-01,Thailand,Asia,Murder,2014
reccuFYWTJhVTOpfl,Agribusiness,Pranee Boonrat,Female,2012-12-19,Thailand,Asia,Murder,2012
reciZfD9HPuZOZdRr,Agribusiness,Chai Bunthonglek,Male,2015-02-11,Thailand,Asia,Murder,2015
recjldAmHlglKSnHj,Mining & Extractives,Mr Pitan Thongpanang,Male,2014-11-30,Thailand,Asia,Murder,2014
recjLqHlpaiWG6Fll,Land,Prajob Nao-opas,Male,2013-02-25,Thailand,Asia,Murder,2013
recm4VgzgjiRj677B,Agribusiness,Montha Chukaew,Female,2012-12-19,Thailand,Asia,Murder,2012
recrcfisG6vuMJU9o,Agribusiness,Den Khamlae,Male,2016-04-16,Thailand,Asia,Disappearance,2016
rectOxJyxWGOxRMR2,Poaching,Khuan Chaiprasert,Male,2020-05-03,Thailand,Asia,Murder,2020
reccWse4gBrBFilhW,Agribusiness,Kannika Wongsiri,Female,2020-02-01,Thailand,Asia,Murder,2020
recwIXM0nNUEOUapZ,Mining & Extractives,Ali Ulvi Büyüknohutçu,Male,2017-05-10,Türkiye,Asia,Murder,2017
recm7INQKlPMQXU7u,Mining & Extractives,Aysin Ulvi Büyüknohutçu,Female,2017-05-10,Türkiye,Asia,Murder,2017
recTBrowix9f6qFQS,Other,Reşit Kibar,Male,2024-09-03,Türkiye,Asia,Murder,2024
recNs5YlDT7ysnhiN,Poaching,Anthony Twesigye,Male,2016-10-19,Uganda,Africa,Murder,2016
recONH9t5Ju3WwAHv,Mining & Extractives,Yunis Akumu,Female,2014-10-10,Uganda,Africa,Murder,2014
recPLS6WmGdEWyh0M,Mining & Extractives,Enock Darakarim Buchali,Male,2014-10-10,Uganda,Africa,Murder,2014
recB1VEGTRXkJr8hI,Poaching,Philemon Asasira,Male,2019-03-15,Uganda,Africa,Murder,2019
reciazYxBkxoWAVYk,Poaching,Emmanuel Matsipa,Male,2020-12-05,Uganda,Africa,Murder,2020
rec4HIbm6CQEN7sss,Land,Volodymyr Honcharenko,Male,2012-08-04,Ukraine,Europe,Murder,2012
recwwyf1hhXVEpiZL,Hydropower,Mykola Bychkho,Male,2018-06-05,Ukraine,Europe,Murder,2018
reciph7zC5KQO6Wpq,Hydropower,Nikolai Yarema,Female,2018-03-26,Ukraine,Europe,Murder,2018
receQbZjBLAtzcDq0,Logging,Kateryna Handziuk,Female,2018-11-04,Ukraine,Europe,Murder,2018
recdDgNlbatiISgp4,Other,Keith Davis,Male,2015-09-10,United States of America,Americas,Disappearance,2015
recleAqYJDuoAJcBx,Other,Manuel Esteban Paez Terán,Male,2023-01-18,United States of America,Americas,Murder,2023
rec7oLQZY3DYTfvIJ,Mining & Extractives,Sabino Romero Izarra,Male,2013-03-03,Venezuela,Americas,Murder,2013
rec8Tp9qc6FuK0pQt,Mining & Extractives,Freddy Menare,Male,2017-05-12,Venezuela,Americas,Murder,2017
recoLuF2QRADvVHwZ,Land,Ramón Rosario,Male,2018-08-01,Venezuela,Americas,Murder,2018
reclQgKvmcYVegHSw,Land,Orlando Reyes Parra,Male,2018-08-02,Venezuela,Americas,Murder,2018
recbNGGYpyJGmFmOH,Land,Pedro Vielma,Male,2018-08-02,Venezuela,Americas,Murder,2018
recycQJG6jsXlqiQx,Mining & Extractives,José Perera,Male,2019-11-22,Venezuela,Americas,Murder,2019
recw0e0RgFGjRlJrT,Mining & Extractives,Jeremy Muñoz,Male,2019-11-22,Venezuela,Americas,Murder,2019
recMZZ2y5leqIXX6j,Mining & Extractives,Edison Soto,Male,2019-11-22,Venezuela,Americas,Murder,2019
rec3WkCyHQL8NTvDp,Mining & Extractives,Luis Fernández,Male,2019-11-22,Venezuela,Americas,Murder,2019
recSv6CtVrJI6GaCg,Mining & Extractives,Richard Rodríguez,Male,2019-11-22,Venezuela,Americas,Murder,2019
rec65NRcKcgPArW19,Mining & Extractives,Leslie Basanta,Female,2019-11-22,Venezuela,Americas,Murder,2019
recJpxxNTojlRR9Kb,Mining & Extractives,Cristian Barrios,Male,2019-11-22,Venezuela,Americas,Murder,2019
recVTXUDL9tzxK5jH,Mining & Extractives,Cristóbal Barrios,Male,2019-11-22,Venezuela,Americas,Murder,2019
recQEDH82BQEn6GCW,Mining & Extractives,Nelson Martín Pérez Rodríguez,Male,2021-04-28,Venezuela,Americas,Murder,2021
rec7x4m0tdsSD2WST,Mining & Extractives,Wilmer José Castro,Male,2021-04-28,Venezuela,Americas,Murder,2021
recQHdSbjreoHGnGm,Mining & Extractives,Miguel Antonio Rivas Morales,Male,2021-04-28,Venezuela,Americas,Murder,2021
recUaroEPUheVpHCi,Mining & Extractives,Carmen Lusdary Rondón,Female,2021-04-28,Venezuela,Americas,Murder,2021
receG72vzabjpIOc2,Mining & Extractives,Virgilio Trujillo Arana,Male,2022-06-30,Venezuela,Americas,Murder,2022
rec6lmjJoutUf219R,Land,Wilmer Rodríguez Pérez,Male,2022-07-19,Venezuela,Americas,Murder,2022
reciINL6eGzJomLqZ,Land,Divier Rodríguez Pérez,Male,2022-07-19,Venezuela,Americas,Murder,2022
recsQ1pok1T6pwKb3,Land,Jesús Dadure González,Male,2022-07-19,Venezuela,Americas,Murder,2022
rechQ5niLcRtbOYHB,Land,Carlos Bolívar Cedeño,Male,2023-03-02,Venezuela,Americas,Murder,2023
recrwKv6BN9hZVtc2,Mining & Extractives,Joaquín Hernández,Male,2024-09-04,Venezuela,Americas,Murder,2024
recVmanire1rXeT2a,Poaching,Le Dinh Tue,Male,2016-07-07,Vietnam,Asia,Murder,2016
recHr3HXsVbvxtvbl,Poaching,Rodrick Ngulube,Male,2017-02-12,Zambia,Africa,Murder,2017
rechF69W4TH4ZZHmt,Poaching,Kennedy Zvavahera,Male,2016-03-01,Zimbabwe,Africa,Murder,2016
recQL6HPv5uBPlr4A,Mining & Extractives,Jagabar Ali,Male,2025-01-17,India,Asia,Murder,2025
rec2FHovUYBJ6toMx,Land,José Luis Hernández Lobo,Male,2025-02-02,Honduras,Americas,Murder,2025
rec7DnD7c3GWJ4XqZ,Land,Suyapa Guillén,Female,2025-02-02,Honduras,Americas,Murder,2025
recPc3IXP0ZrlEgbx,Land,Cristino Castro Perea,Male,2025-02-28,Mexico,Americas,Murder,2025
recpn83jipLaIP1ET,Mining & Extractives,Hipólito Quispe Huamán,Male,2025-07-26,Peru,Americas,Murder,2025
recQ5WL5g7SCczbhl,Land,Carmelo Guerrero Reyes,Male,2025-01-16,Colombia,Americas,Murder,2025
recjQosMCuWF46m11,Other,Pedro  María  Ropero Delgado,Male,2025-01-18,Colombia,Americas,Murder,2025
receNqllBXMcM7syH,Land,José Albeiro Liz Muchicón,Male,2025-01-27,Colombia,Americas,Murder,2025
recEOpDmGj4Sk4YPG,Land,James Tomás Guanga Quelal,Male,2025-02-02,Colombia,Americas,Murder,2025
rec6UicNhiB1RH9ra,Land,Leonairo Samir Montero Paz,Male,2025-02-09,Colombia,Americas,Murder,2025
rece2HjELhZQlzBH2,Land,Alberto Quitumbo Yatacué,Male,2025-02-10,Colombia,Americas,Murder,2025
rechcrN68xbZrpMBF,Land,Jacinto Chocué,Male,2025-02-18,Colombia,Americas,Murder,2025
recObmk1XnkK5ap22,Land,Célimo Hurtado Bulgara,Male,2025-02-18,Colombia,Americas,Murder,2025
recvxwnnt8jpqBz8Q,Land,Edgar Tumiñá Gembuel,Male,2025-03-01,Colombia,Americas,Murder,2025
recD2F5Femp2QkvDz,Mining & Extractives,Jaime Alonso Gallego Gómez,Male,2025-03-09,Colombia,Americas,Murder,2025
recFrmviwra6tMX5U,Land,Cristian Fernando Guanga,Male,2025-03-09,Colombia,Americas,Murder,2025
recgM2fXh5Lo0VJRJ,Land,Wilmer Solarte Pascal,Male,2025-03-24,Colombia,Americas,Murder,2025
rechrV5fiAVfO60vr,Land,Erik Anderson Menza Paví,Male,2025-04-12,Colombia,Americas,Murder,2025
recUxArr47wtI1OP9,Land,Luis Alberto Peña,Male,2025-05-01,Colombia,Americas,Murder,2025
recaZtHrAzdQ8TSRv,Land,Zuleima Mosquera Beltrán,Female,2025-05-18,Colombia,Americas,Murder,2025
recycqx5xZsl9l5K5,Land,Luis Aurelio Araujo Hernández,Male,2025-06-03,Colombia,Americas,Murder,2025
recLQcjwD9v1qmIIO,Land,Jesús Alveiro Chaves Quejuan,Male,2025-06-03,Colombia,Americas,Murder,2025
rec8xpmmF03yZD0oq,Land,Yackson Orlando Solarte Chunata,Male,2025-06-03,Colombia,Americas,Murder,2025
reciqgsnudnqNI4fV,Other,Willy David Pérez Quiroz,Male,2025-07-19,Colombia,Americas,Murder,2025
recGi1B5xrhIT1zJs,Land,Marcos Yonda Toconás,Male,2025-07-21,Colombia,Americas,Murder,2025
recn4ikMiZT2Xto2g,Land,Luis Fernando Mayorga Rodríguez,Male,2025-07-22,Colombia,Americas,Murder,2025
rec88WTZnDRjuW34T,Land,José Erlery Velasco Bolaños,Male,2025-08-18,Colombia,Americas,Murder,2025
recJ1CgsWMvNj3dsB,Land,Aida Damaris Flor Camayo,Female,2025-07-19,Colombia,Americas,Murder,2025
recHGk2tOe0FqXI4m,Land,Marco Antonio Suárez Arroyave,Male,2025-08-30,Colombia,Americas,Murder,2025
recsuLeZrNb3fT0pN,Land,Germán Roso Aristizábal,Male,2025-09-10,Colombia,Americas,Murder,2025
rec2meDmjM6RtddHP,Other,Arnoldo Nicolás Romero,Male,2025-01-21,Mexico,Americas,Murder,2025
recYDSyOfkEjzig7E,Land,Vicente Fernandes Vilhalva,Male,2025-11-16,Brazil,Americas,Murder,2025
recQeMD3sDh09luwK,Land,Vitor Braz,Male,2025-03-10,Brazil,Americas,Murder,2025
recGaEtnehOXKxevk,Mining & Extractives,Misael Mata Asencio,Male,2025-05-14,Guatemala,Americas,Murder,2025
recT5p2Xfd6g2zysN,Mining & Extractives,Rudolph Dela Cruz Espe,Male,2025-07-26,Philippines,Asia,Murder,2025
recrK4iE8PfdYY2wu,Mining & Extractives,Rico Gonzaga Malubay,Male,2025-07-26,Philippines,Asia,Murder,2025
recj8DaUU2j3buA1X,Land,José Jacó Cosotle,Male,2025-01-29,Brazil,Americas,Murder,2025
recRMm2wZtVoriSur,Land,João Celestino Lima Filho,Male,2025-04-05,Brazil,Americas,Murder,2025
recIRPlsmWpq5y2Vm,Land,Warlita Jimenez,Female,2025-12-23,Philippines,Asia,Murder,2025
recEFBQU6hstAvmWI,Land,Valdir do Nascimento de Jesus,Male,2025-01-10,Brazil,Americas,Murder,2025
recWoK7fNeufr1kvT,Land,Gleison Barbosa de Carvalho,Male,2025-01-10,Brazil,Americas,Murder,2025
recjZw76LD2fHpKus,Logging,Ronilson de Jesus Santos,Male,2025-04-18,Brazil,Americas,Murder,2025
recMZzjOxffipUY0n,Mining & Extractives,Víctor Manuel Colindres,Male,2025-12-14,Guatemala,Americas,Murder,2025
recczl9NgfnGjkJjz,Hydropower,Hanswer Adolfo Gómez Marroquín,Male,2025-07-29,Guatemala,Americas,Murder,2025
recvVm48AnAnJuufr,Hydropower,Abel Hernández Ramírez,Male,2025-07-29,Guatemala,Americas,Murder,2025
recurKTHqpZq8t3Sh,Land,Sebastião Orivaldo da Fonseca Lopes,Male,2025-11-07,Brazil,Americas,Murder,2025
recKHdie6fPtcCJei,Land,Marcelo Ortiz,Male,2025-03-22,Brazil,Americas,Murder,2025
recTXXF5fic8fJhz1,Other,"Rudolfus Oktavianus (""Vian"") Ruma",Male,2025-09-05,Indonesia,Asia,Murder,2025
recRuUXZLmeDaNtxc,Hydropower,Marco Antonio Suástegui Muñoz,Male,2025-04-25,Mexico,Americas,Murder,2025
recZGQd4plJPwbAdB,Other,José Luis Lucas Quirino,Male,2025-02-06,Mexico,Americas,Murder,2025
recXAIuCDmOFu2zsa,Land,Cándido Essaú Román Pérez,Male,2025-11-03,Mexico,Americas,Murder,2025
recm1NxsIHe0bU9vg,Land,Sergio Hugo Ureiro Castañeda,Male,2025-07-20,Mexico,Americas,Murder,2025
reccDh3NYU7BxXfMf,Logging,Francisco Macías Sánchez,Male,2025-07-02,Mexico,Americas,Murder,2025
recENAnAOD7YuoY2N,Logging,Silvia Hernández Meza,Female,2025-01-13,Mexico,Americas,Murder,2025
recfywyLBhPVgOVOn,Land,Marcos Aguilar Rojas,Male,2025-11-26,Mexico,Americas,Murder,2025
recg1Cd898PKK5FJj,Other,Karina Ruiz Ocampo,Female,2025-05-03,Mexico,Americas,Murder,2025
rec1i5I6atho08Vi3,Other,Guillermo Velasco,Male,2025-10-27,Colombia,Americas,Murder,2025
recQKQkUZ2zcGH0nE,Land,Luis Eduardo Cisneros Gomez,Male,2025-11-09,Colombia,Americas,Murder,2025
reck2DGgmxW9aJRh8,Land,"Eduardo Campo Chá
",Male,2025-11-26,Colombia,Americas,Murder,2025
rec1gIHB9V4ZCTfg1,Land,Jairo Alberto Díaz Salazar,Male,2025-12-22,Colombia,Americas,Murder,2025
recC9DaELc2qf9Lbu,Land,Clovis Aguirre,Male,2025-02-17,Guatemala,Americas,Murder,2025
recsGqRNpYaDxrzkE,Agribusiness,Manuel Orellana,Male,2025-03-12,Guatemala,Americas,Murder,2025
rec9AuXkUR0y16ECT,Agribusiness,Arelis López,Female,2025-03-12,Guatemala,Americas,Murder,2025
recCO3hSwX6GpVlRv,Logging,Marco Antonio Zuleta Quevedo,Male,2025-05-09,Guatemala,Americas,Murder,2025
rec6sxpv19YTAoFUY,Logging,Juan Bautista Silva,Male,2025-02-28,Honduras,Americas,Murder,2025
recVQYr8c7AwVyvPR,Logging,Juan Antonio Silva,Male,2025-02-28,Honduras,Americas,Murder,2025
reckZfmgKuu3loxYw,Agribusiness,Joan Escuadro,Female,2025-11-03,Philippines,Asia,Murder,2025
rec5C3aTQ4b1zW98Q,Land,Héctor Otoniel Hernández Castro,Male,2025-07-26,Honduras,Americas,Murder,2025
reckBYI4XJeOjoMxG,Land,Josué Esaú Aguilar Cárcamo,Male,2025-05-31,Honduras,Americas,Murder,2025
recwpKrGQ764qY4XY,Land,Ramón Rivas Baquedano,Male,2025-07-17,Honduras,Americas,Murder,2025
recMoS3EYSB4Fd66C,Land,Carlos Antonio Rivas Canales,Male,2025-07-17,Honduras,Americas,Murder,2025
recg8wA9u0D7FXQVG,Land,Arnulfo Díaz,Male,2025-01-02,Honduras,Americas,Murder,2025
recuvmdP9ejoJmR5K,Land,Josenir Vieira de Oliveira,Male,2025-06-16,Brazil,Americas,Murder,2025
recO5rduCqpuMu6Rt,Land,Álex Oliveira,Male,2025-06-16,Brazil,Americas,Murder,2025
recS58EllLuV1CgCj,Land,Luciana Cristiano de Souza,Female,2025-06-16,Brazil,Americas,Murder,2025
rec600xVeiFupNbWP,Land,Roger Alexis Castillo Fuentes,Male,2025-12-12,Honduras,Americas,Murder,2025
recKXdF5cyG6htlVz,Unknown,Hakan Tosun,Male,2025-10-13,Türkiye,Asia,Murder,2025
reciFayQXrJe66mur,Land,Darli Lucía Arcia Anaya,Female,2025-12-02,Colombia,Americas,Murder,2025
recj05BtsRa9tVTOH,Mining & Extractives,Denisse Ana García Solsol,Female,2025-01-08,Peru,Americas,Murder,2025
recYYhxiW3lAtoERg,Land,Douglas Alexander Pereira,Male,2025-05-13,Honduras,Americas,Murder,2025
rechxndCLdxIu5dMb,Land,Ramon M. Lupos,Male,2025-09-30,Philippines,Asia,Murder,2025
recJ44BvuSOc7sIS8,Land,Fernando Promboy,Male,2025-02-17,Philippines,Asia,Murder,2025
recd9qQQhKlcX9Og3,Land,Francisco do Nascimento de Melo,Male,2025-01-14,Brazil,Americas,Murder,2025
recJtyWdZ4Gszd9xK,Land,Everton Lopes Rodrigues,Male,2025-07-12,Brazil,Americas,Murder,2025
recvDPWwFVkIZ2JE6,Land,Robinson dos Santos Guedes (Bob),Male,2025-03-07,Brazil,Americas,Murder,2025
recv6va9zX2BfoWLw,Land,Ernesto Esaú Muñoz Casamachín,Male,2025-03-14,Colombia,Americas,Murder,2025
recWbRAbCbaLP72T4,Land,Hernán Amaya Velásquez,Male,2025-02-21,Colombia,Americas,Murder,2025
recNyC4WhMht6zVZ6,Land,Ednaldo Palheta da Cunha,Male,2025-02-10,Brazil,Americas,Murder,2025
recCfRILUpZirJVny,Land,Luz Heneida Hinestroza,Female,2025-10-13,Colombia,Americas,Murder,2025
recQzVYA90qdrDli5,Land,Juan Carlos Rodríguez Torres,Male,2025-05-01,Colombia,Americas,Murder,2025
recx82pGCVUcsGGEH,Mining & Extractives,Fiston Wilondja Mazambi,Male,2025-08-05,Democratic Republic of the Congo,Africa,Murder,2025
recniKjZ590BoPzi3,Land,Astrid Viviana Ordoñez Arcos,Female,2025-08-03,Colombia,Americas,Murder,2025
rec8gVbyMPFdThjv2,Land,Itarauí Santana de Souza,Male,2025-07-09,Brazil,Americas,Murder,2025
recx8YoWqRnqDO2o1,Land,Gil do Monteiro dos Santos,Male,2025-07-09,Brazil,Americas,Murder,2025
recKwskCTlgA37spB,Land,Gideone Sinfrônio de Menezes,Male,2025-05-23,Brazil,Americas,Murder,2025
recuDb19i35uu3yYJ,Land,Leandro Conceição da Silva,Male,2025-07-19,Brazil,Americas,Murder,2025
recsPKC0f7b88LOhY,Land,Paulo Maciel Gonçalves dos Reis,Male,2025-07-19,Brazil,Americas,Murder,2025
recSOpCOhMgElYJZn,Land,Vanderley Cardoso Lopes,Male,2025-07-19,Brazil,Americas,Murder,2025
recHy0yFRj8ulbSlt,Land,Alex Santos Santana,Male,2025-11-20,Brazil,Americas,Murder,2025
rec4A3IthgqT3lyXT,Land,Alessandro Santos Santana,Male,2025-11-20,Brazil,Americas,Murder,2025
rec8HGeBL90l557s5,Land,Raimundo Nonato de Souza Gomes,Male,2025-08-08,Brazil,Americas,Murder,2025
recFIPCC2SkDDAIjw,Land,Elias Camilo Lima,Male,2025-11-12,Brazil,Americas,Murder,2025
recotMSJJrHbQ6y3n,Land,José Miguel Mojica Conchangui,Male,2025-12-26,Colombia,Americas,Murder,2025
recZGsoMgDh1qJAJu,Land,Julián Arenas,Male,2025-11-17,Colombia,Americas,Murder,2025
recMLwoivohhZkbtT,Land,Elizabeth Mojica Nieves,Female,2025-11-30,Colombia,Americas,Murder,2025
recUlgqSicQMH8G91,Land,Ferley Perdomo Molina,Male,2025-11-11,Colombia,Americas,Murder,2025
receltAUafIMspmB3,Land,Pierre Alessandri,Male,2025-03-17,France,Europe,Murder,2025
rec6MiDrZU0MicaYc,Other,José Alberto Guamán Izama,Male,2025-10-15,Ecuador,Americas,Murder,2025
reciL75LgP2RPQYfl,Other,Efraín Fuérez,Male,2025-09-28,Ecuador,Americas,Murder,2025
rectzE5SrfINSHALI,Land,Jorge Humberto Jijón Montenegro,Male,2025-10-27,Ecuador,Americas,Murder,2025
recArw5I86omAdaSs,Land,Davie Ugking,Male,2025-06-06,Philippines,Asia,Murder,2025
recW9qNPQQW4duv9R,Mining & Extractives,Veronico Anterio,Male,2025-09-16,Philippines,Asia,Murder,2025
recnXeJ7cebPN9r4w,Land,Nickasio Tayas Mindo,Male,2025-07-29,Philippines,Asia,Murder,2025
recoIRIDMJflqIEU3,Mining & Extractives,Ali Jejhon Macalintal,Non-binary,2025-06-26,Philippines,Asia,Murder,2025
recy7ea4j5bWX8tyt,Logging,Benny Raúl Coquinche Vásquez,Male,2025-11-12,Peru,Americas,Murder,2025
recusxLsNKPrDKmqN,Logging,Andy Raúl Coquinche Vásquez,Male,2025-11-12,Peru,Americas,Murder,2025
recAYou2nhGHpcQ4g,Land,Abel Monroy,Male,2025-08-01,Honduras,Americas,Murder,2025
rec72fDSS0mmChQ4J,Agribusiness,S.C.C.,Male,2025-09-10,Nicaragua,Americas,Murder,2025
recJZhT2jJQ6R3Fiz,Agribusiness,D.M.C,Male,2025-09-25,Nicaragua,Americas,Murder,2025
recoOmUWNVcE1b4MC,Other,Kulwa Igembe,Male,2025-05-07,Tanzania,Africa,Murder,2025
recDWfiKmOtrL9bG8,Other,Hamprey Mhaki,Male,2025-04-26,Tanzania,Africa,Murder,2025
recQyonX6hr3gLl9L,Agribusiness,I.G.,Male,2025-02-17,Nicaragua,Americas,Murder,2025
recIACZZByTHryihw,Land,Hulyo Agtay,Male,2025-03-14,Philippines,Asia,Murder,2025
recfM7aqgHI6sQpfi,Land,Juan Sumilhig,Male,2025-08-01,Philippines,Asia,Murder,2025
