icmm_id,site_name,group_names,country,iso3,subregion,in_latam_list,lat,lon,coords_ok,asset_type,asset_main,is_mine,is_smelter,is_refinery,is_plant,is_steel_plant,mineral_primary,minerals_all,n_minerals,mineral_group,has_gold,has_critical,confidence_factor,confidence_score,reliable,possible_duplicate,duplicate_of,primary_commodity,secondary_commodity,other_commodities,asset_type_raw,contains
ICMM07901,Acindar,,Argentina,ARG,South America,True,-33.33965124,-60.19587801,True,Smelter,smelter / refinery,False,True,False,False,False,steel,steel,1,"iron, steel & coal",False,False,Moderate,2,True,False,,steel,,,Smelter,JA5
ICMM01411,Aguilar,Rincon Mine; Aguilar,Argentina,ARG,South America,True,-23.21971655,-65.68883865,True,Mine,mine,True,False,False,False,False,zinc,gold; lead; zinc,3,critical mineral,True,True,High,3,True,False,,zinc,lead,gold,Mine,WA1642; SK15
ICMM07924,Alumbrera,Alumbrera,Argentina,ARG,South America,True,-27.33045839,-66.60897625,True,Mine,mine,True,False,False,False,False,copper,copper; gold; molybdenum; silver,4,critical mineral,True,True,High,3,True,False,,copper,gold,molybdenum;silver,Mine,JA30; SP428
ICMM08069,Casposo,Casposo,Argentina,ARG,South America,True,-31.20931179,-69.63117435,True,Mine,mine,True,False,False,False,False,gold,gold; silver,2,gold,True,True,High,3,True,False,,gold,silver,,Mine,JA198; SP3103
ICMM15709,Cauchari Olaroz,Cauchari Olaroz,Argentina,ARG,South America,True,-23.42685,-66.64726,True,Mine,mine,True,False,False,False,False,lithium,lithium; potash,2,critical mineral,False,True,High,3,True,False,,lithium,potash,,Mine,SP5704; SK261
ICMM08082,Cerro Moro,Cerro Moro,Argentina,ARG,South America,True,-48.11678842,-66.6552013,True,Mine,mine,True,False,False,False,False,gold,copper; gold; silver,3,gold,True,True,High,3,True,False,,gold,silver,copper,Mine,JA216; SK276; SP4309
ICMM08083,Cerro Negro,Cerro Negro; Cerro Negro/Eureka,Argentina,ARG,South America,True,-46.87175379,-70.21974015,True,Mine,mine,True,False,False,False,False,gold,gold; silver,2,gold,True,True,High,3,True,False,,gold,silver,,Mine,JA217; SK277; SP3689; SP8947
ICMM08085,Cerro Vanguardia,Cerro Vanguardia,Argentina,ARG,South America,True,-48.39389116,-68.2759519,True,Mine,mine,True,False,False,False,False,gold,gold; silver,2,gold,True,True,High,3,True,False,,gold,silver,,Mine,JA219; SK279; SP1946
ICMM01732,"Churriaca T.G., San Juan, La Nelly",,Argentina,ARG,South America,True,-37.8642,-70.0245,True,Mine,mine,True,False,False,False,False,barium,barium,1,other,False,False,Very Low,0,False,False,,barium,,,Mine,WA2050
ICMM13418,Don Nicolas,Don Nicolas,Argentina,ARG,South America,True,-47.7047,-67.7631,True,Mine,mine,True,False,False,False,False,gold,gold; silver,2,gold,True,True,High,3,True,False,,gold,silver,,Mine,SK419; SP3251
ICMM01565,El Progreso Argentino Mine,,Argentina,ARG,South America,True,-27.6541,-67.337,True,Mine,mine,True,False,False,False,False,tin,tin,1,other,False,False,Very Low,0,False,False,,tin,,,Mine,WA1855
ICMM01522,Farallon Negro,Farallon Negro Alto De La Blenda; Alto De La Blenda; Farallon Negro,Argentina,ARG,South America,True,-27.3058,-66.68485,True,Mine,mine,True,False,False,False,False,gold,gold; lead; silver,3,gold,True,True,Very Low,0,False,False,,gold,lead,silver,Mine,WA1784; WA1788; WA1811; WA1823; WA1783
ICMM08290,Gualcamayo,Gualcamayo,Argentina,ARG,South America,True,-29.71154952,-68.6229589,True,Mine,mine,True,False,False,False,False,gold,copper; gold; molybdenum; silver; zinc,5,gold,True,True,High,3,True,False,,gold,silver,molybdenum;copper;zinc,Mine,JA477; SK590; SP2669
ICMM01704,La Florida,,Argentina,ARG,South America,True,-33.1141,-65.9994,True,Mine,mine,True,False,False,False,False,tungsten,tungsten,1,critical mineral,False,True,Very Low,0,False,False,,tungsten,,,Mine,WA2015
ICMM01408,La Oriental Mine,La Oriental Mine; Quebrada Mine; Yareta Mine; El Aguilar Mine; Aguilar,Argentina,ARG,South America,True,-23.19165,-65.701934,True,Mine,mine,True,False,False,False,False,silver,arsenic; copper; gold; lead; silver; zinc,6,critical mineral,True,True,Moderate,2,True,False,,silver,lead,zinc;copper;gold;arsenic,Mine,WA1636; WA1637; WA1638; WA1640; SP695
ICMM13625,Lindero,Lindero,Argentina,ARG,South America,True,-25.082705,-67.779475,True,Mine,mine,True,False,False,False,False,gold,copper; gold; silver,3,gold,True,True,High,3,True,False,,gold,silver,copper,Mine,SK975; SP3493
ICMM01697,"Los Condores El Aguila, Minas",,Argentina,ARG,South America,True,-32.7141,-65.266,True,Mine,mine,True,False,False,False,False,tungsten,tungsten,1,critical mineral,False,True,Very Low,0,False,False,,tungsten,,,Mine,WA2008
ICMM08491,Manantial Espejo,Manantial Espejo,Argentina,ARG,South America,True,-48.79299997,-69.494,True,Mine,mine,True,False,False,False,False,silver,gold; silver,2,critical mineral,True,True,High,3,True,False,,silver,gold,,Mine,JA727; SK1036; SP2471
ICMM08501,Martha,Martha,Argentina,ARG,South America,True,-48.69340698,-69.69998429,True,Mine,mine,True,False,False,False,False,gold,gold; lead; silver; zinc,4,gold,True,True,High,3,True,False,,gold,lead,silver;zinc,Mine,JA740; SP2243
ICMM13680,Muerto North,Muerto North; Salar del Hombre Muerto; Hombre Muerto West,Argentina,ARG,South America,True,-25.44202456,-67.10198945,True,Mine,mine,True,False,False,False,False,lithium,lithium; potash,2,critical mineral,False,True,High,3,True,False,,lithium,potash,,Mine,SK1173; SK1482; SP5697; SP15345
ICMM08640,Pascua Lama,,Argentina,ARG,South America,True,-29.31827457,-70.0132891,True,Mine,mine,True,False,False,False,False,gold,gold,1,gold,True,False,Moderate,2,True,False,,gold,,,Mine,JA913
ICMM13730,Pastos Grandes,,Argentina,ARG,South America,True,-24.572551,-66.700783,True,Mine,mine,True,False,False,False,False,lithium,lithium,1,critical mineral,False,True,High,3,True,False,,lithium,,,Mine,SK1312
ICMM01390,Pirquitas,Groupo Minero Pirquitas; Puna; Pirquitas; Pircas Mine; Mina Pinquitas,Argentina,ARG,South America,True,-22.70130832,-66.49466293,True,Mine,mine,True,False,False,False,False,silver,gold; lead; silver; tin; zinc,5,critical mineral,True,True,High,3,True,False,,silver,zinc,tin;lead;gold,Mine,WA1604; JA1003; SK1345; SP2319; WA1599; SP2060
ICMM18315,Puerto Madryn Smelter,Puerto Madryn; Puerto Madryn Smelter,Argentina,ARG,South America,True,-42.74,-65.05,True,Smelter,smelter / refinery,False,True,False,False,False,bauxite / aluminium,bauxite / aluminium,1,other,False,False,High,3,True,False,,aluminium,,,Smelter,SK1384; SP11210
ICMM09906,Río Turbio coal Mine,Río Turbio coal Mine; Rio Turbio,Argentina,ARG,South America,True,-51.5383615,-72.3243515,True,Mine,mine,True,False,False,False,False,coal,coal,1,"iron, steel & coal",False,False,High,3,True,False,,coal,,,Mine,GMC1254; SP7686
ICMM13791,Salar de Olaroz,Salar de Olaroz,Argentina,ARG,South America,True,-23.4690065,-66.6845117,True,Mine,mine,True,False,False,False,False,lithium,lithium; potash,2,critical mineral,False,True,High,3,True,False,,lithium,potash,,Mine,SK1480; SP5416
ICMM13800,San Jose,San Jose,Argentina,ARG,South America,True,-46.6672546,-70.29810605,True,Mine,mine,True,False,False,False,False,gold,gold; lead; silver; zinc,4,gold,True,True,High,3,True,False,,gold,silver,lead;zinc,Mine,SK1497; SP2839
ICMM08854,Taca Taca,,Argentina,ARG,South America,True,-24.58890365,-67.74955733,True,Mine,mine,True,False,False,False,False,copper,copper; gold; molybdenum,3,critical mineral,True,True,Moderate,2,True,False,,copper,gold,molybdenum,Mine,JA1181
ICMM08913,Veladero,Veladero,Argentina,ARG,South America,True,-29.37299899,-69.9516845,True,Mine,mine,True,False,False,False,False,gold,copper; gold; silver,3,gold,True,True,High,3,True,False,,gold,silver,copper,Mine,JA1262; SK1747; SP2139
ICMM00981,Aceromarca,Aceromarca; Aceromarca Mine,Bolivia,BOL,South America,True,-16.3377,-67.9784,True,Mine,mine,True,False,False,False,False,tungsten,tungsten,1,critical mineral,False,True,Very Low,0,False,False,,tungsten,,,Mine,WA1085; WA1092
ICMM01146,Aullagas De Oruro Mine,,Bolivia,BOL,South America,True,-18.0449,-66.5181,True,Mine,mine,True,False,False,False,False,tin,tin,1,other,False,False,Very Low,0,False,False,,tin,,,Mine,WA1304
ICMM01182,Bolivar Mine (Antequera),Bolivar Mine; Bolivar; Venus Mine; Avicaya Antequera Totoral Mines; Totoral Mine; Bolivar Mine (Antequera),Bolivia,BOL,South America,True,-18.47164915,-66.84168145,True,Mine,mine,True,False,False,False,False,zinc,lead; silver; tin; zinc,4,critical mineral,False,True,High,3,True,False,,zinc,lead,silver;tin,Mine,WA1347; WA1349; WA1351; WA1352; WA1354; SK190
ICMM01172,Bolivian Tin Mines Property,,Bolivia,BOL,South America,True,-18.3598,-66.2286,True,Mine,mine,True,False,False,False,False,tin,tin,1,other,False,False,Very Low,0,False,False,,tin,,,Mine,WA1335
ICMM13355,Caballo Blanco,,Bolivia,BOL,South America,True,-19.7048007,-65.6807452,True,Mine,mine,True,False,False,False,False,zinc,zinc,1,critical mineral,False,True,High,3,True,False,,zinc,,,Mine,SK227
ICMM01325,Candelaria Mine,Candelaria Mine,Bolivia,BOL,South America,True,-21.54825,-66.11195,True,Mine,mine,True,False,False,False,False,antimony,antimony; gold; lead,3,other,True,True,Very Low,0,False,False,,antimony,gold,lead,Mine,WA1525; WA1526
ICMM01038,Caracoles,,Bolivia,BOL,South America,True,-16.981,-67.2662,True,Mine,mine,True,False,False,False,False,tin,tin,1,other,False,False,Very Low,0,False,False,,tin,,,Mine,WA1156
ICMM01265,Caracota Mine,Caracota Mine; Caracota,Bolivia,BOL,South America,True,-20.0851,-65.9134,True,Mine,mine,True,False,False,False,False,antimony,antimony; gold; tin,3,other,True,False,Very Low,0,False,False,,antimony,gold,tin,Mine,WA1454; WA1456; WA1455
ICMM01248,Carma Mine,,Bolivia,BOL,South America,True,-19.7623,-65.8425,True,Mine,mine,True,False,False,False,False,antimony,antimony; gold,2,other,True,False,Very Low,0,False,False,,antimony,gold,,Mine,WA1429
ICMM01177,Catavi Siglo Xx,,Bolivia,BOL,South America,True,-18.4143,-66.5828,True,Mine,mine,True,False,False,False,False,tin,tin,1,other,False,False,Very Low,0,False,False,,tin,,,Mine,WA1342
ICMM01322,Chilcobija,,Bolivia,BOL,South America,True,-21.3976,-66.0994,True,Mine,mine,True,False,False,False,False,antimony,antimony,1,other,False,False,Very Low,0,False,False,,antimony,,,Mine,WA1521
ICMM01035,Colombiri Mine,,Bolivia,BOL,South America,True,-16.9477,-67.2995,True,Mine,mine,True,False,False,False,False,tin,tin,1,other,False,False,Very Low,0,False,False,,tin,,,Mine,WA1153
ICMM01094,Colquiri,,Bolivia,BOL,South America,True,-17.3966,-67.1484,True,Mine,mine,True,False,False,False,False,silver,silver,1,critical mineral,False,True,Very Low,0,False,True,ICMM01091,silver,,,Mine,WA1238
ICMM01091,Colquiri Mine,Colquiri Mine; Colquiri,Bolivia,BOL,South America,True,-17.390565,-67.123205,True,Mine,mine,True,False,False,False,False,tin,copper; lead; silver; tin; zinc,5,other,False,True,Moderate,2,True,True,ICMM01094,tin,zinc,lead;copper;silver,Mine,WA1234; SP1212
ICMM01066,Corocoro District,Corocoro District; Corocoro,Bolivia,BOL,South America,True,-17.17676,-68.44693,True,Mine,mine,True,False,False,False,False,copper,copper; lead; silver,3,critical mineral,False,True,Moderate,2,True,False,,copper,lead,silver,Mine,WA1205; SP2631
ICMM01189,Cristo Gran Poder Mine,Cristo Gran Poder Mine; Elena Mine; Avicaya; Asientos; Totoral,Bolivia,BOL,South America,True,-18.512676,-66.861784,True,Mine,mine,True,False,False,False,False,tin,lead; silver; tin; zinc,4,other,False,True,Moderate,2,True,False,,tin,silver,lead;zinc,Mine,WA1359; WA1360; WA1361; SP1250; SP1439
ICMM00978,Don Carlos,,Bolivia,BOL,South America,True,-16.3077,-68.1895,True,Mine,mine,True,False,False,False,False,nickel,nickel,1,critical mineral,False,True,Very Low,0,False,False,,nickel,,,Mine,WA1082
ICMM01192,Estalsa Dredgeavicaya,,Bolivia,BOL,South America,True,-18.5476,-66.8995,True,Mine,mine,True,False,False,False,False,tin,tin,1,other,False,False,Very Low,0,False,False,,tin,,,Mine,WA1365
ICMM01188,Estalsa Tin Mine,,Bolivia,BOL,South America,True,-18.4976,-67.0495,True,Mine,mine,True,False,False,False,False,tin,tin,1,other,False,False,Very Low,0,False,False,,tin,,,Mine,WA1358
ICMM01154,Excelsior Mine,,Bolivia,BOL,South America,True,-18.1143,-66.7645,True,Mine,mine,True,False,False,False,False,tin,tin; zinc,2,other,False,True,Very Low,0,False,False,,tin,zinc,,Mine,WA1316
ICMM01162,Huanuni,,Bolivia,BOL,South America,True,-18.2276,-66.7995,True,Mine,mine,True,False,False,False,False,tin,tin,1,other,False,False,Very Low,0,False,True,ICMM01166,tin,,,Mine,WA1324
ICMM01166,Huanuni Mine,Huanuni Mine; Porvenir and Huanuni Mill Tailings; Huanuni,Bolivia,BOL,South America,True,-18.27536333,-66.82445667,True,Mine,mine,True,False,False,False,False,tin,antimony; lead; silver; tin,4,other,False,True,Moderate,2,True,True,ICMM01162,tin,silver,lead;antimony,Mine,WA1328; WA1329; SP920
ICMM01232,Huari Huari Mine,,Bolivia,BOL,South America,True,-19.4476,-65.5828,True,Mine,mine,True,False,False,False,False,zinc,zinc,1,critical mineral,False,True,Very Low,0,False,False,,zinc,,,Mine,WA1410
ICMM01125,Inti Raymi Mine,Inti Raymi Mine; Kori Kollu Mine; Kori Kollo,Bolivia,BOL,South America,True,-17.79333667,-67.45152,True,Mine,mine,True,False,False,False,False,silver,copper; gold; silver,3,critical mineral,True,True,Moderate,2,True,False,,silver,gold,copper,Mine,WA1278; WA1280; SP1067
ICMM01140,Iroco Mine,,Bolivia,BOL,South America,True,-17.9638,-67.1545,True,Mine,mine,True,False,False,False,False,gold,copper; gold,2,gold,True,True,Very Low,0,False,False,,gold,copper,,Mine,WA1297
ICMM01147,Japo Mine,Japo Mine; Negro Pabellon Mine; Santa Fe Mine; Japo,Bolivia,BOL,South America,True,-18.061075,-66.844075,True,Mine,mine,True,False,False,False,False,silver,copper; silver; tin; zinc,4,critical mineral,False,True,Very Low,0,False,False,,silver,zinc,tin;copper,Mine,WA1305; WA1306; WA1308; WA1309
ICMM01204,Junkers Mine,,Bolivia,BOL,South America,True,-18.7337,-66.7209,True,Mine,mine,True,False,False,False,False,lead,antimony; lead,2,critical mineral,False,True,Very Low,0,False,False,,lead,antimony,,Mine,WA1381
ICMM00985,Kala Uyu,Kala Uyu; Chacaltaya,Bolivia,BOL,South America,True,-16.3702,-68.1995,True,Mine,mine,True,False,False,False,False,lead,lead; tin,2,critical mineral,False,True,Very Low,0,False,False,,lead,tin,,Mine,WA1090; WA1091
ICMM00982,Kellguani,,Bolivia,BOL,South America,True,-16.3477,-68.1162,True,Mine,mine,True,False,False,False,False,tin,tin,1,other,False,False,Very Low,0,False,False,,tin,,,Mine,WA1086
ICMM00983,Liliana,Liliana; Pichu,Bolivia,BOL,South America,True,-16.3577,-67.672,True,Mine,mine,True,False,False,False,False,tungsten,tungsten,1,critical mineral,False,True,Very Low,0,False,False,,tungsten,,,Mine,WA1087; WA1088
ICMM01175,Llallagua Catavi,,Bolivia,BOL,South America,True,-18.4026,-66.6095,True,Mine,mine,True,False,False,False,False,tin,tin,1,other,False,False,Very Low,0,False,False,,tin,,,Mine,WA1340
ICMM00650,Madre De Dios Placers,,Bolivia,BOL,South America,True,-11.0146,-66.0828,True,Mine,mine,True,False,False,False,False,gold,gold; tin,2,gold,True,False,Very Low,0,False,False,,gold,tin,,Mine,WA709
ICMM00952,Matilde Mine,,Bolivia,BOL,South America,True,-15.7644,-68.9329,True,Mine,mine,True,False,False,False,False,zinc,cadmium; lead; zinc,3,critical mineral,False,True,Very Low,0,False,False,,zinc,lead,cadmium,Mine,WA1051
ICMM01160,Morococala,Morococala Santa Fe Japo Mines; Morococala,Bolivia,BOL,South America,True,-18.1776,-66.7995,True,Mine,mine,True,False,False,False,False,tin,tin,1,other,False,False,High,3,True,True,ICMM01157,tin,,,Mine,WA1320; WA1322
ICMM01157,Morococala Mine,,Bolivia,BOL,South America,True,-18.1393,-66.7856,True,Mine,mine,True,False,False,False,False,tin,tin,1,other,False,False,Very Low,0,False,True,ICMM01160,tin,,,Mine,WA1319
ICMM01252,Munecirca,,Bolivia,BOL,South America,True,-19.8076,-65.6794,True,Mine,mine,True,False,False,False,False,tin,tin,1,other,False,False,Very Low,0,False,False,,tin,,,Mine,WA1433
ICMM01197,Pacajake Mine,,Bolivia,BOL,South America,True,-18.5976,-66.8661,True,Mine,mine,True,False,False,False,False,silver,silver,1,critical mineral,False,True,Very Low,0,False,False,,silver,,,Mine,WA1372
ICMM01069,Pajchiri,,Bolivia,BOL,South America,True,-17.1977,-67.0495,True,Mine,mine,True,False,False,False,False,tungsten,tungsten,1,critical mineral,False,True,Very Low,0,False,False,,tungsten,,,Mine,WA1209
ICMM01173,Patino I Mine,,Bolivia,BOL,South America,True,-18.3749,-66.9056,True,Mine,mine,True,False,False,False,False,tin,tin,1,other,False,False,Very Low,0,False,False,,tin,,,Mine,WA1338
ICMM01254,Porco,San Jose De Soras; Santo Santo Mine; Porco Mine; Porco; Illapa,Bolivia,BOL,South America,True,-19.8141502,-65.9846786,True,Mine,mine,True,False,False,False,False,zinc,antimony; copper; lead; silver; tin; zinc,6,critical mineral,False,True,High,3,True,False,,zinc,silver,lead;copper;tin;antimony,Mine,WA1435; WA1436; WA1437; SK1364; SP12550
ICMM01171,Pucro,,Bolivia,BOL,South America,True,-18.3576,-66.4395,True,Mine,mine,True,False,False,False,False,tin,tin,1,other,False,False,Very Low,0,False,False,,tin,,,Mine,WA1334
ICMM01280,Pulacayo Mine,Pulacayo Mine; Pulacayo Paca,Bolivia,BOL,South America,True,-20.37868,-66.696545,True,Mine,mine,True,False,False,False,False,lead,antimony; copper; gallium; gold; indium; lead; silver; zinc,8,critical mineral,True,True,Moderate,2,True,False,,lead,silver,gallium;gold;indium;antimony;copper;zinc,Mine,WA1470; SP1437
ICMM00984,Reconquistada Mine,,Bolivia,BOL,South America,True,-16.3644,-67.8328,True,Mine,mine,True,False,False,False,False,tungsten,tungsten,1,critical mineral,False,True,Very Low,0,False,False,,tungsten,,,Mine,WA1089
ICMM00980,San Antonio Mine,San Antonio Mine; 12 Angeles Mine; Complemento Mine; San Antonio 2,Bolivia,BOL,South America,True,-16.331,-68.1523,True,Mine,mine,True,False,False,False,False,tin,tin; tungsten,2,other,False,True,Very Low,0,False,False,,tin,tungsten,,Mine,WA1084; WA1070; WA1071; WA1072; WA1060; WA1078
ICMM01309,San Cristobal,Hedionda Mine; Animas Mine; Inca Mine; Toldos Mine; San Cristobal,Bolivia,BOL,South America,True,-21.10081333,-67.20715667,True,Mine,mine,True,False,False,False,False,zinc,antimony; copper; silver; zinc,4,critical mineral,False,True,High,3,True,False,,zinc,silver,antimony;copper,Mine,WA1505; WA1507; WA1509; WA1510; SK1494; SP2759
ICMM01119,San Francisco Mine,,Bolivia,BOL,South America,True,-17.7277,-66.9089,True,Mine,mine,True,False,False,False,False,tungsten,tungsten,1,critical mineral,False,True,Very Low,0,False,False,,tungsten,,,Mine,WA1272
ICMM01139,San Jose De Oruro Mine,San Jose De Oruro Mine; Itos Mill Tailings; Itos Tailings,Bolivia,BOL,South America,True,-17.95866333,-67.12645,True,Mine,mine,True,False,False,False,False,tin,antimony; copper; lead; silver; tin; zinc,6,other,False,True,Moderate,2,True,False,,tin,silver,lead;copper;antimony;zinc,Mine,WA1296; WA1298; SP1174
ICMM01237,San Luis Mine,San Luis Mine; San Luis,Bolivia,BOL,South America,True,-19.571845,-65.977885,True,Mine,mine,True,False,False,False,False,silver,lead; silver; zinc,3,critical mineral,False,True,Moderate,2,True,False,,silver,zinc,lead,Mine,WA1415; SP8851
ICMM01152,San Pablo,San Pablo; Negro Pabellon,Bolivia,BOL,South America,True,-18.1001,-66.85005,True,Mine,mine,True,False,False,False,False,tin,tin,1,other,False,False,Very Low,0,False,False,,tin,,,Mine,WA1313; WA1315
ICMM08759,San Vicente,San Vicente; San Vicente Mine,Bolivia,BOL,South America,True,-21.26884012,-66.31690763,True,Mine,mine,True,False,False,False,False,silver,cadmium; copper; gold; lead; silver; zinc,6,critical mineral,True,True,High,3,True,False,,silver,zinc,lead;copper;gold;cadmium,Mine,JA1074; SK1505; SP1401; WA1514
ICMM14327,Tatasi,Tatasi; Tatasi Portugalete Mine,Bolivia,BOL,South America,True,-21.16674,-66.1333,True,Mine,mine,True,False,False,False,False,lead,cadmium; gold; lead; silver; zinc,5,critical mineral,True,True,Moderate,2,True,False,,lead,silver,zinc;cadmium;gold,Mine,SP1478; WA1513; WA1512
ICMM01239,Unificada of Potosi,Unificada of Potosi; Cerro Rico De Potosi District; San Bartolome; Unificada; Potosi; Pailaviri; Cerro Rico; Potosi (Yuguang) Smelter,Bolivia,BOL,South America,True,-19.60734015,-65.74347306,True,Mine; Smelter,mine,True,True,False,False,False,silver,gold; lead; silver; tin; tungsten; zinc,6,critical mineral,True,True,High,3,True,False,,silver,tin,gold;lead;tungsten;zinc,Mine;Smelter,WA1417; WA1418; JA1063; SP468; SP1255; SP1462; SP3176; SP4550; SP11513
ICMM15487,Uyuni Salt Flat,Salar De Uyuni; Uyuni Salt Flat,Bolivia,BOL,South America,True,-20.54285,-67.37803,True,Mine,mine,True,False,False,False,False,lithium,lithium; magnesium,2,critical mineral,False,True,High,3,True,False,,lithium,magnesium,,Mine,WA1451; SP5024
ICMM01185,Vilacota Mine,,Bolivia,BOL,South America,True,-18.4754,-66.6523,True,Mine,mine,True,False,False,False,False,tin,tin; zinc,2,other,False,True,Very Low,0,False,False,,tin,zinc,,Mine,WA1353
ICMM01255,AGA Mineracao,Cuiba; AGA Mineracao; Morro Velho,Brazil,BRA,South America,True,-19.8614226,-43.7406284,True,Mine,mine,True,False,False,False,False,gold,gold,1,gold,True,False,High,3,True,False,,gold,,,Mine,WA1438; JA6; JA804; SK11
ICMM12936,AVG Esperança Mine,AVG Esperança Mine; Esperanca; GVA Mineracao,Brazil,BRA,South America,True,-20.11090867,-44.229157,True,Mine,mine,True,False,False,False,False,iron ore,iron ore,1,"iron, steel & coal",False,False,High,3,True,False,,iron ore,,,Mine,GMI253; SP5071; SP5852
ICMM00383,"Acari, Jardim Do Serido",,Brazil,BRA,South America,True,-6.36472,-36.6989,True,Mine,mine,True,False,False,False,False,tungsten,tungsten,1,critical mineral,False,True,Very Low,0,False,False,,tungsten,,,Mine,WA409
ICMM07913,Albras,Albras; Alunorte; Albras Smelter; Alunorte Refinery; CAP Refinery; Belem (Albras),Brazil,BRA,South America,True,-1.548143025,-48.73269698,True,Refinery; Smelter,smelter / refinery,False,True,True,False,False,bauxite / aluminium,bauxite / aluminium,1,other,False,False,High,3,True,False,,alumina,aluminium,,Refinery; Smelter,JA18; JA31; SK49; SP10764; SP10776; SP11095; SK147
ICMM13286,Almas,Almas,Brazil,BRA,South America,True,-11.69904142,-47.16078709,True,Mine,mine,True,False,False,False,False,gold,gold; silver,2,gold,True,True,High,3,True,False,,gold,silver,,Mine,SK38; SP1942
ICMM13292,Aluminio refinery,Aluminio refinery; CBA Smelter; Mairinque (Sorocaba) Refinery,Brazil,BRA,South America,True,-23.53187667,-47.26779,True,Refinery; Smelter,smelter / refinery,False,True,True,False,False,bauxite / aluminium,bauxite / aluminium,1,other,False,False,High,3,True,False,,alumina,aluminium,,Smelter;Refinery,SK48; SP11366; SP11680
ICMM07925,Amapa,Amapa; DEV Amapa Iron Ore Project Mine,Brazil,BRA,South America,True,0.81598929,-51.86866096,True,Mine,mine,True,False,False,False,False,iron ore,iron ore,1,"iron, steel & coal",False,False,High,3,True,False,,iron ore,,,Mine,JA33; GMI107
ICMM07933,Andorinhas,Andorinhas,Brazil,BRA,South America,True,-7.460555574,-49.81638889,True,Mine,mine,True,False,False,False,False,gold,gold,1,gold,True,False,High,3,True,False,,gold,,,Mine,JA41; SP2323
ICMM07934,Andrade,Andrade; ArcelorMittal Andrade Mine,Brazil,BRA,South America,True,-19.78961169,-43.17997355,True,Mine,mine,True,False,False,False,False,iron ore,iron ore,1,"iron, steel & coal",False,False,High,3,True,False,,iron ore,,,Mine,JA42; GMI101; SK57; SP3782
ICMM07938,Antas,Antas,Brazil,BRA,South America,True,-6.240261221,-49.75298119,True,Mine,mine,True,False,False,False,False,copper,copper; gold; silver,3,critical mineral,True,True,High,3,True,False,,copper,gold,silver,Mine,JA49; SP4855; SK66
ICMM13081,Antônio Dias Mine,,Brazil,BRA,South America,True,-19.547949,-43.018538,True,Mine,mine,True,False,False,False,False,iron ore,iron ore,1,"iron, steel & coal",False,False,Moderate,2,True,False,,iron ore,,,Mine,GMI443
ICMM13302,Apoena (EPP),Apoena (EPP); Apoena,Brazil,BRA,South America,True,-15.3315357,-59.2766182,True,Mine,mine,True,False,False,False,False,gold,gold,1,gold,True,False,High,3,True,False,,gold,,,Mine,SK68; SP4086
ICMM07942,Araxa,Araxa; Tapira,Brazil,BRA,South America,True,-19.8422514,-46.85156163,True,Mine,mine,True,False,False,False,False,phosphate,phosphate,1,other,False,False,Moderate,2,True,False,,phosphate,,,Mine,JA53; JA1193
ICMM07943,Araxa CBBM,,Brazil,BRA,South America,True,-19.66568665,-46.90970839,True,Plant,processing plant,False,False,False,True,False,niobium,niobium,1,critical mineral,False,True,Moderate,2,True,False,,ferroniobium,niobium,,Plant,JA54
ICMM07949,ArcelorMittal Tubarao,,Brazil,BRA,South America,True,-20.22915884,-40.25436806,True,Smelter,smelter / refinery,False,True,False,False,False,steel,steel,1,"iron, steel & coal",False,False,Moderate,2,True,False,,steel,,,Smelter,JA60
ICMM13307,Aripuana,Aripuana,Brazil,BRA,South America,True,-10.057188,-59.504196,True,Mine,mine,True,False,False,False,False,zinc,copper; gold; lead; silver; zinc,5,critical mineral,True,True,High,3,True,False,,zinc,lead,copper;silver;gold,Mine,SK75; SP2476
ICMM14621,Aurizona,Aurizona,Brazil,BRA,South America,True,-1.29753,-45.75022,True,Mine,mine,True,False,False,False,False,gold,gold,1,gold,True,False,High,3,True,False,,gold,,,Mine,SP2370; SK85
ICMM07966,Azul,Azul,Brazil,BRA,South America,True,-6.105081598,-50.29913946,True,Mine,mine,True,False,False,False,False,manganese,manganese,1,critical mineral,False,True,High,3,True,False,,manganese,,,Mine,JA77; SP9294
ICMM12813,BAMIN Pedra de Ferro Mine,,Brazil,BRA,South America,True,-14.361357,-42.537808,True,Mine,mine,True,False,False,False,False,iron ore,iron ore,1,"iron, steel & coal",False,False,Moderate,2,True,False,,iron ore,,,Mine,GMI94
ICMM13082,BEMISA Baratinha Mine,,Brazil,BRA,South America,True,-19.564705,-42.738902,True,Mine,mine,True,False,False,False,False,iron ore,iron ore,1,"iron, steel & coal",False,False,Moderate,2,True,False,,iron ore,,,Mine,GMI444
ICMM07977,Barbacena Ferroalloys plant,,Brazil,BRA,South America,True,-21.20023707,-43.81558534,True,Plant,processing plant,False,False,False,True,False,manganese,manganese,1,critical mineral,False,True,Moderate,2,True,False,,ferromanganese,,,Plant,JA89
ICMM00377,Barra Verde and Barra Vermelho Mines,,Brazil,BRA,South America,True,-6.28333,-36.5355,True,Mine,mine,True,False,False,False,False,tungsten,tungsten,1,critical mineral,False,True,Very Low,0,False,False,,tungsten,,,Mine,WA402
ICMM07979,Barro Alto,Barro Alto; Barro Alto Smelter; Barro Alto Refinery,Brazil,BRA,South America,True,-15.07837885,-48.9447367,True,Mine; Refinery; Smelter,mine,True,True,True,False,False,nickel,cobalt; manganese; nickel,3,critical mineral,False,True,High,3,True,False,,ferronickel,nickel,manganese;cobalt,Mine; Smelter; Refinery,JA92; SP11317; SP11524; WA962; SP3040
ICMM00341,Bonfim,,Brazil,BRA,South America,True,-5.58142,-36.6656,True,Mine,mine,True,False,False,False,False,tungsten,tungsten,1,critical mineral,False,True,Very Low,0,False,False,,tungsten,,,Mine,WA363
ICMM00379,Brejui,,Brazil,BRA,South America,True,-6.31472,-36.5822,True,Mine,mine,True,False,False,False,False,tungsten,tungsten,1,critical mineral,False,True,Very Low,0,False,False,,tungsten,,,Mine,WA404
ICMM00514,"Buriti, Bom Futuro, Olho Diagua",,Brazil,BRA,South America,True,-9.38129,-62.9161,True,Mine,mine,True,False,False,False,False,tin,tin,1,other,False,False,Very Low,0,False,False,,tin,,,Mine,WA547
ICMM09030,Butiá Leste Mine,Butiá Leste Mine; Butia Leste; Butia,Brazil,BRA,South America,True,-30.105667,-51.9396025,True,Mine,mine,True,False,False,False,False,coal,coal,1,"iron, steel & coal",False,False,High,3,True,False,,coal,,,Mine,GMC103; SP11869; SP8922
ICMM13127,CSN Casa de Pedra Mine,CSN Casa de Pedra Mine; CSN Engenho Mine; Casa de Pedra,Brazil,BRA,South America,True,-20.46470067,-43.919336,True,Mine,mine,True,False,False,False,False,iron ore,iron ore,1,"iron, steel & coal",False,False,High,3,True,False,,iron ore,,,Mine,GMI518; GMI522; SP3503
ICMM00432,Cabeceiras Do Rio Novo,,Brazil,BRA,South America,True,-7.29804,-56.5659,True,Mine,mine,True,False,False,False,False,gold,gold,1,gold,True,False,Very Low,0,False,False,,gold,,,Mine,WA459
ICMM13356,Cachoeira,Cachoeira,Brazil,BRA,South America,True,-16.7765925,-41.90839945,True,Mine,mine,True,False,False,False,False,lithium,lithium,1,critical mineral,False,True,High,3,True,False,,lithium,,,Mine,SK228; SP14309
ICMM08058,Cajati,Cajati,Brazil,BRA,South America,True,-24.70513051,-48.12976271,True,Mine,mine,True,False,False,False,False,phosphate,phosphate,1,other,False,False,High,3,True,False,,phosphate,,,Mine,JA181; SP7616
ICMM09917,Calombo coal Mine,Calombo coal Mine; Faxinal,Brazil,BRA,South America,True,-30.0918155,-51.712267,True,Mine,mine,True,False,False,False,False,coal,coal,1,"iron, steel & coal",False,False,High,3,True,False,,coal,,,Mine,GMC1267; SP11871
ICMM00566,Caraiba,Caraiba Copper Deposit; Caraiba; Caraíba; MCSA Mining Complex SXEW; Jaguarari Caraiba,Brazil,BRA,South America,True,-9.864831575,-39.8674088,True,Mine,mine,True,False,False,False,False,copper,PGM; cobalt; copper; gold; nickel; silver,6,critical mineral,True,True,High,3,True,False,,copper,gold,cobalt;nickel;palladium;platinum;rhodium;silver,Mine,WA611; SK241; SP1501; SP15034; WA624
ICMM13363,Carajas,Carajas; Northern System,Brazil,BRA,South America,True,-6.053055,-50.17503,True,Mine,mine,True,False,False,False,False,iron ore,iron ore,1,"iron, steel & coal",False,False,High,3,True,False,,iron ore,,,Mine,SK242; SP3302
ICMM00516,Caritianas,,Brazil,BRA,South America,True,-9.39796,-63.0661,True,Mine,mine,True,False,False,False,False,tin,tin,1,other,False,False,Very Low,0,False,False,,tin,,,Mine,WA549
ICMM01156,Catalao,Catalao; Chapada; Copebras; Catalao de Goias; Chapadao,Brazil,BRA,South America,True,-18.13802607,-47.80698541,True,Mine; Refinery,mine,True,False,True,False,False,niobium,barium; copper; diamond; gold; niobium; phosphate; rare earths; silver,8,critical mineral,True,True,High,3,True,False,,niobium,phosphate,diamond;gold;copper;barium;lanthanides;silver,Mine;Refinery,WA1318; JA199; JA224; JA264; SP2466; SP4815; SP5708; SP7612
ICMM08070,Catalao Phosphate,,Brazil,BRA,South America,True,-18.16411497,-47.88082529,True,Mine,mine,True,False,False,False,False,phosphate,phosphate,1,other,False,False,Moderate,2,True,False,,phosphate,,,Mine,JA200
ICMM01238,Caue,Caue; Itabira Do Matto Dentro; Periquito; Itabira; Southeastern System,Brazil,BRA,South America,True,-19.60468803,-43.23148358,True,Mine,mine,True,False,False,False,False,iron ore,gold; iron ore,2,"iron, steel & coal",True,False,High,3,True,False,,iron ore,gold,,Mine,WA1416; WA1419; WA1420; JA547; SP1834; SP14146; SP14533
ICMM00519,Ceriumbras Best Group,,Brazil,BRA,South America,True,-9.44796,-65.1328,True,Mine,mine,True,False,False,False,False,tin,tin,1,other,False,False,Very Low,0,False,False,,tin,,,Mine,WA552
ICMM09918,Cerro coal Mine,,Brazil,BRA,South America,True,-30.390024,-53.0463,True,Mine,mine,True,False,False,False,False,coal,coal,1,"iron, steel & coal",False,False,Moderate,2,True,False,,coal,,,Mine,GMC1268
ICMM13379,Chapada,Chapada,Brazil,BRA,South America,True,-14.233307,-49.371417,True,Mine,mine,True,False,False,False,False,copper,copper; gold; silver,3,critical mineral,True,True,High,3,True,False,,copper,gold,silver,Mine,SK302; SP2285
ICMM08109,Codemin,Codemin; Codemin Smelter,Brazil,BRA,South America,True,-14.15685036,-48.339288,True,Mine; Smelter,mine,True,True,False,False,False,nickel,cobalt; copper; manganese; nickel,4,critical mineral,False,True,High,3,True,False,,ferronickel,copper,cobalt;manganese;nickel,Mine;Smelter,JA251; SP1599; SP11170
ICMM12830,Comisa Igarape Mine,Comisa Igarape Mine; MMI Ipê Mine; MMI Tico Tico Mine; Itatiaiucu; Ipe; Friaveis,Brazil,BRA,South America,True,-20.11527983,-44.2902335,True,Mine,mine,True,False,False,False,False,iron ore,iron ore; manganese,2,"iron, steel & coal",False,True,High,3,True,False,,iron ore,manganese,,Mine,GMI114; GMI534; GMI735; SP4593; SP4783; SP6998
ICMM01242,Conceicao,,Brazil,BRA,South America,True,-19.6542,-43.2834,True,Mine,mine,True,False,False,False,False,gold,gold,1,gold,True,False,Very Low,0,False,False,,gold,,,Mine,WA1423
ICMM08123,Corumba,Corumba; LHG Santa Cruz Mine; Itabira,Brazil,BRA,South America,True,-19.21122147,-57.57097668,True,Mine,mine,True,False,False,False,False,iron ore,iron ore,1,"iron, steel & coal",False,False,High,3,True,False,,iron ore,,,Mine,JA273; GMI752; SK747; SP3346; SP4260; SK365
ICMM00413,Creporizinho,Creporizinho,Brazil,BRA,South America,True,-6.80681,-56.611005,True,Mine,mine,True,False,False,False,False,gold,gold,1,gold,True,False,Moderate,2,True,False,,gold,,,Mine,WA440; SP5461
ICMM08126,Cubatao,Cubatao,Brazil,BRA,South America,True,-23.85528147,-46.37971681,True,Steel Plant,steel plant,False,False,False,False,True,steel,phosphate; steel,2,"iron, steel & coal",False,False,High,3,True,False,,steel,phosphate,,Steel Plant,JA283; SP5554
ICMM00394,"Diniz, Sabuji, Retiro",,Brazil,BRA,South America,True,-6.44804,-37.3322,True,Mine,mine,True,False,False,False,False,tungsten,tungsten,1,critical mineral,False,True,Very Low,0,False,False,,tungsten,,,Mine,WA420
ICMM13129,EMPABRA Corumi Mine,,Brazil,BRA,South America,True,-19.938825,-43.886341,True,Mine,mine,True,False,False,False,False,iron ore,iron ore,1,"iron, steel & coal",False,False,Moderate,2,True,False,,iron ore,,,Mine,GMI521
ICMM13083,FLAPA Barra Mine,,Brazil,BRA,South America,True,-20.027693,-43.591602,True,Mine,mine,True,False,False,False,False,iron ore,iron ore,1,"iron, steel & coal",False,False,Moderate,2,True,False,,iron ore,,,Mine,GMI445
ICMM08209,Fabrica,Fabrica; Fernandinho; Vale Vargem Grande Complex Mine; Vargem Grande Pellet Plant; Vargem Grande,Brazil,BRA,South America,True,-20.18190616,-43.87083785,True,Mine; Plant,mine,True,False,False,True,False,iron ore,iron ore,1,"iron, steel & coal",False,False,High,3,True,False,,iron ore,,,Mine;Plant,JA380; JA387; GMI127; SP11407; SP14535
ICMM00349,Fazenda Bonfim Tungsten I,Fazenda Bonfim Tungsten I; Boqueirao,Brazil,BRA,South America,True,-5.83141,-36.1156,True,Mine,mine,True,False,False,False,False,tungsten,tungsten,1,critical mineral,False,True,High,3,True,False,,tungsten,,,Mine,WA371; WA373
ICMM00675,Fazenda Brasileiro,Fazenda Brasileiro; Fazenda,Brazil,BRA,South America,True,-11.45505442,-39.07964863,True,Mine,mine,True,False,False,False,False,gold,gold,1,gold,True,False,High,3,True,False,,gold,,,Mine,WA735; JA385; SK499
ICMM00418,Fazenda Diadema,,Brazil,BRA,South America,True,-6.87277,-50.155,True,Mine,mine,True,False,False,False,False,gold,gold,1,gold,True,False,Very Low,0,False,False,,gold,,,Mine,WA445
ICMM00362,Fazenda Muricio,,Brazil,BRA,South America,True,-6.06059,-49.7719,True,Mine,mine,True,False,False,False,False,gold,gold,1,gold,True,False,Very Low,0,False,False,,gold,,,Mine,WA384
ICMM11508,Fontanella coal Mine,,Brazil,BRA,South America,True,-28.487703,-49.461241,True,Mine,mine,True,False,False,False,False,coal,coal,1,"iron, steel & coal",False,False,Moderate,2,True,False,,coal,,,Mine,GMC3530
ICMM08222,Fortaleza,Fortaleza; Fortaleza de Minas; Fortaleza de Minas Smelter,Brazil,BRA,South America,True,-20.89629934,-46.70947398,True,Mine; Smelter,mine,True,True,False,False,False,nickel,PGM; cobalt; copper; nickel,4,critical mineral,False,True,High,3,True,False,,nickel,copper,cobalt;palladium;platinum,Mine;Smelter,JA395; SP1281; SP15755
ICMM00398,Garimpo Agua Branca,,Brazil,BRA,South America,True,-6.51474,-50.2825,True,Mine,mine,True,False,False,False,False,tin,tin,1,other,False,False,Very Low,0,False,False,,tin,,,Mine,WA424
ICMM00480,Garimpo Central Do Juruena,,Brazil,BRA,South America,True,-9.08129,-58.566,True,Mine,mine,True,False,False,False,False,gold,gold,1,gold,True,False,Very Low,0,False,False,,gold,,,Mine,WA511
ICMM00419,Garimpo Comanxim,,Brazil,BRA,South America,True,-6.87805,-50.448,True,Mine,mine,True,False,False,False,False,gold,gold,1,gold,True,False,Very Low,0,False,False,,gold,,,Mine,WA446
ICMM00416,Garimpo Mundico Coelho,,Brazil,BRA,South America,True,-6.83139,-56.8326,True,Mine,mine,True,False,False,False,False,gold,gold,1,gold,True,False,Very Low,0,False,False,,gold,,,Mine,WA443
ICMM00387,Garimpo Sao Domingos,,Brazil,BRA,South America,True,-6.38141,-56.2826,True,Mine,mine,True,False,False,False,False,gold,gold,1,gold,True,False,Very Low,0,False,False,,gold,,,Mine,WA413
ICMM08243,Gerdau Aconorte,,Brazil,BRA,South America,True,-8.07396822,-34.97702611,True,Smelter,smelter / refinery,False,True,False,False,False,steel,steel,1,"iron, steel & coal",False,False,Moderate,2,True,False,,steel,,,Smelter,JA423
ICMM08244,Gerdau Barao de Cocais,,Brazil,BRA,South America,True,-19.93730051,-43.48008846,True,Smelter,smelter / refinery,False,True,False,False,False,steel,steel,1,"iron, steel & coal",False,False,Moderate,2,True,False,,steel,,,Smelter,JA424
ICMM08247,Gerdau Cearense,,Brazil,BRA,South America,True,-3.854267449,-38.60543183,True,Smelter,smelter / refinery,False,True,False,False,False,steel,steel,1,"iron, steel & coal",False,False,Moderate,2,True,False,,steel,,,Smelter,JA427
ICMM08249,Gerdau Charqueadas,Gerdau Charqueadas; Charquedas,Brazil,BRA,South America,True,-29.95090142,-51.61557997,True,Steel Plant,steel plant,False,False,False,False,True,steel,coal; steel,2,"iron, steel & coal",False,False,High,3,True,False,,steel,coal,,Steel Plant,JA429; SP11873
ICMM08250,Gerdau Contagem,,Brazil,BRA,South America,True,-19.96203109,-44.02396963,True,Smelter,smelter / refinery,False,True,False,False,False,steel,steel,1,"iron, steel & coal",False,False,Moderate,2,True,False,,steel,,,Smelter,JA430
ICMM08251,Gerdau Cosigua,,Brazil,BRA,South America,True,-22.9053272,-43.74567219,True,Smelter,smelter / refinery,False,True,False,False,False,steel,steel,1,"iron, steel & coal",False,False,Moderate,2,True,False,,steel,,,Smelter,JA431
ICMM08252,Gerdau Divinopolis,,Brazil,BRA,South America,True,-20.15320152,-44.87817863,True,Smelter,smelter / refinery,False,True,False,False,False,steel,steel,1,"iron, steel & coal",False,False,Moderate,2,True,False,,steel,,,Smelter,JA432
ICMM08254,Gerdau Guaira,,Brazil,BRA,South America,True,-25.56288999,-49.41943406,True,Smelter,smelter / refinery,False,True,False,False,False,steel,steel,1,"iron, steel & coal",False,False,Moderate,2,True,False,,steel,,,Smelter,JA434
ICMM08259,Gerdau Mogi das Cruzes,,Brazil,BRA,South America,True,-23.52470799,-46.15767022,True,Smelter,smelter / refinery,False,True,False,False,False,steel,steel,1,"iron, steel & coal",False,False,Moderate,2,True,False,,steel,,,Smelter,JA439
ICMM08261,Gerdau Ouro Branco,,Brazil,BRA,South America,True,-20.54131008,-43.75307254,True,Smelter,smelter / refinery,False,True,False,False,False,steel,steel,1,"iron, steel & coal",False,False,Moderate,2,True,False,,steel,,,Smelter,JA441
ICMM08263,Gerdau Pindamonhangaba,,Brazil,BRA,South America,True,-22.90263723,-45.35317516,True,Smelter,smelter / refinery,False,True,False,False,False,steel,steel,1,"iron, steel & coal",False,False,Moderate,2,True,False,,steel,,,Smelter,JA443
ICMM08264,Gerdau Riograndense,,Brazil,BRA,South America,True,-29.81495022,-51.17505204,True,Smelter,smelter / refinery,False,True,False,False,False,steel,steel,1,"iron, steel & coal",False,False,Moderate,2,True,False,,steel,,,Smelter,JA444
ICMM08265,Gerdau Sao Paulo,,Brazil,BRA,South America,True,-23.43840015,-47.08828435,True,Smelter,smelter / refinery,False,True,False,False,False,steel,steel,1,"iron, steel & coal",False,False,Moderate,2,True,False,,steel,,,Smelter,JA445
ICMM08266,Gerdau Sete Lagoas,,Brazil,BRA,South America,True,-19.52332109,-44.26565064,True,Smelter,smelter / refinery,False,True,False,False,False,steel,steel,1,"iron, steel & coal",False,False,Moderate,2,True,False,,steel,,,Smelter,JA446
ICMM08268,Gerdau Usiba,,Brazil,BRA,South America,True,-12.85173003,-38.42855056,True,Smelter,smelter / refinery,False,True,False,False,False,steel,steel,1,"iron, steel & coal",False,False,Moderate,2,True,False,,steel,,,Smelter,JA448
ICMM12821,Gerdau Várzea do Lopes Mine,,Brazil,BRA,South America,True,-20.287618,-43.939659,True,Mine,mine,True,False,False,False,False,iron ore,iron ore,1,"iron, steel & coal",False,False,Moderate,2,True,False,,iron ore,,,Mine,GMI103
ICMM13488,Grota do Cirilo,Grota do Cirilo,Brazil,BRA,South America,True,-16.73566475,-41.90514155,True,Mine,mine,True,False,False,False,False,lithium,lithium,1,critical mineral,False,True,High,3,True,False,,lithium,,,Mine,SK586; SP15364
ICMM09029,Guaíba coal Mine,,Brazil,BRA,South America,True,-30.015319,-51.532337,True,Mine,mine,True,False,False,False,False,coal,coal,1,"iron, steel & coal",False,False,Moderate,2,True,False,,coal,,,Mine,GMC102
ICMM12828,Herculano Itabirito Mine,,Brazil,BRA,South America,True,-20.250236,-43.926911,True,Mine,mine,True,False,False,False,False,iron ore,iron ore,1,"iron, steel & coal",False,False,Moderate,2,True,False,,iron ore,,,Mine,GMI111
ICMM00521,Igarape Alves,,Brazil,BRA,South America,True,-9.46463,-65.1661,True,Mine,mine,True,False,False,False,False,tin,tin,1,other,False,False,Very Low,0,False,False,,tin,,,Mine,WA554
ICMM00365,Igarape Bahia,Igarape Bahia; Vale Serra Norte Complex Mine; Serra Norte,Brazil,BRA,South America,True,-6.083059667,-50.17569467,True,Mine,mine,True,False,False,False,False,gold,gold; iron ore,2,gold,True,False,High,3,True,False,,gold,iron ore,,Mine,WA387; GMI125; SP14538
ICMM08337,Ipatinga,,Brazil,BRA,South America,True,-19.48644993,-42.54398567,True,Smelter,smelter / refinery,False,True,False,False,False,steel,steel,1,"iron, steel & coal",False,False,Moderate,2,True,False,,steel,,,Smelter,JA537
ICMM01399,Itaguai,,Brazil,BRA,South America,True,-22.8641,-43.7822,True,Mine,mine,True,False,False,False,False,zinc,zinc,1,critical mineral,False,True,Very Low,0,False,False,,zinc,,,Mine,WA1622
ICMM13250,Itaminas Sarzedo Mine,,Brazil,BRA,South America,True,-20.070142,-44.111711,True,Mine,mine,True,False,False,False,False,iron ore,iron ore,1,"iron, steel & coal",False,False,Moderate,2,True,False,,iron ore,,,Mine,GMI736
ICMM12829,JMN Morro dos Coelhos Mine,,Brazil,BRA,South America,True,-20.615637,-44.338004,True,Mine,mine,True,False,False,False,False,iron ore,iron ore,1,"iron, steel & coal",False,False,Moderate,2,True,False,,iron ore,,,Mine,GMI112
ICMM08351,Jacobina,Jacobina; Serra De Jacobina Gold Deposits; Serra De Jacobina,Brazil,BRA,South America,True,-11.25535086,-40.5208686,True,Mine,mine,True,False,False,False,False,gold,gold; silver; uranium,3,gold,True,True,High,3,True,False,,gold,silver,uranium,Mine,JA552; SK750; SP442; WA724; WA721; WA729
ICMM00484,Jacunda,,Brazil,BRA,South America,True,-9.14797,-62.8994,True,Mine,mine,True,False,False,False,False,tin,tin,1,other,False,False,Very Low,0,False,False,,tin,,,Mine,WA515
ICMM19859,Jacurici Mine,"Vale do Jacurici; Jacurici Mine; Mina De Ipueira; Ipueira I, Ii, and Iii",Brazil,BRA,South America,True,-10.34199,-39.77819,True,Mine,mine,True,False,False,False,False,chromium,chromium,1,critical mineral,False,True,Moderate,2,True,False,,chromite,,,Mine,WA670; SP14576; WA648; WA644
ICMM08358,Joao Monlevade,,Brazil,BRA,South America,True,-19.82829202,-43.12900468,True,Smelter,smelter / refinery,False,True,False,False,False,steel,steel,1,"iron, steel & coal",False,False,Moderate,2,True,False,,steel,,,Smelter,JA561
ICMM13569,Juiz de Fora,Juiz de Fora,Brazil,BRA,South America,True,-21.83908,-43.38179,True,Smelter,smelter / refinery,False,True,False,False,False,zinc,cadmium; zinc,2,critical mineral,False,True,High,3,True,False,,zinc,cadmium,,Smelter,SK804; WA1551
ICMM17357,Juruti,Juruti,Brazil,BRA,South America,True,-2.508,-56.168,True,Mine,mine,True,False,False,False,False,bauxite / aluminium,bauxite / aluminium,1,other,False,False,High,3,True,False,,bauxite,,,Mine,SP9528; JA568
ICMM19790,Limoeiro,Limoeiro; Limoeiro Mining Area; Limoeira Trendferbasa,Brazil,BRA,South America,True,-10.545,-40.355,True,Mine,mine,True,False,False,False,False,chromium,chromium,1,critical mineral,False,True,Moderate,2,True,False,,chromite,,,Mine,SP14352; WA673; WA671
ICMM13136,MIB Ibirite Mine,,Brazil,BRA,South America,True,-20.122222,-44.102778,True,Mine,mine,True,False,False,False,False,iron ore,iron ore,1,"iron, steel & coal",False,False,Moderate,2,True,False,,iron ore,,,Mine,GMI533
ICMM13084,MR Bau Mine,,Brazil,BRA,South America,True,-20.01137,-43.572823,True,Mine,mine,True,False,False,False,False,iron ore,iron ore,1,"iron, steel & coal",False,False,Moderate,2,True,False,,iron ore,,,Mine,GMI446
ICMM16888,MRN,MRN; MRN Porto Trombetas,Brazil,BRA,South America,True,-1.68,-56.45,True,Mine,mine,True,False,False,False,False,bauxite / aluminium,bauxite / aluminium,1,other,False,False,High,3,True,False,,bauxite,,,Mine,SP8954; JA818
ICMM00403,Malhada Dos Angicos,,Brazil,BRA,South America,True,-6.69803,-36.7489,True,Mine,mine,True,False,False,False,False,tungsten,tungsten,1,critical mineral,False,True,Very Low,0,False,False,,tungsten,,,Mine,WA429
ICMM00374,"Mamoal, Nazario, Igarape Arraias",,Brazil,BRA,South America,True,-6.23142,-55.8493,True,Mine,mine,True,False,False,False,False,tin,tin,1,other,False,False,Very Low,0,False,False,,tin,,,Mine,WA397
ICMM14283,Mara Rosa,Mara Rosa; Mara Rosa Gold Deposit,Brazil,BRA,South America,True,-13.97306,-49.18181,True,Mine,mine,True,False,False,False,False,gold,gold; silver,2,gold,True,True,High,3,True,False,,gold,silver,,Mine,WA907; SK1046; SP1297
ICMM13643,Mariana,Mariana; Vale Mariana Complex Mine; Samarco,Brazil,BRA,South America,True,-20.205755,-43.4444715,True,Mine,mine,True,False,False,False,False,iron ore,iron ore,1,"iron, steel & coal",False,False,High,3,True,False,,iron ore,,,Mine,SK1052; SP8141; JA734; GMI85; SP3325
ICMM01308,Mibra,Volta Grande; Mibra,Brazil,BRA,South America,True,-21.08632713,-44.60019833,True,Mine,mine,True,False,False,False,False,lithium,lithium; niobium; tantalum; tin,4,critical mineral,False,True,High,3,True,False,,lithium,tantalum,niobium;tin,Mine,WA1503; SK1095; SP3380
ICMM08525,Miguel Burnier,Miguel Burnier; Gerdau Miguel Burnier Mine,Brazil,BRA,South America,True,-20.44131609,-43.78162227,True,Mine,mine,True,False,False,False,False,iron ore,iron ore,1,"iron, steel & coal",False,False,High,3,True,False,,iron ore,,,Mine,JA769; GMI461; SP3688
ICMM01427,Mina Santa Blandina,,Brazil,BRA,South America,True,-24.0474,-48.8324,True,Mine,mine,True,False,False,False,False,copper,copper,1,critical mineral,False,True,Very Low,0,False,False,,copper,,,Mine,WA1662
ICMM08533,Minas Centrais,,Brazil,BRA,South America,True,-19.9382221,-43.19435907,True,Mine,mine,True,False,False,False,False,iron ore,iron ore,1,"iron, steel & coal",False,False,Moderate,2,True,False,,iron ore,,,Mine,JA777
ICMM01669,Minas Luis Uruguai and Cemiterio,,Brazil,BRA,South America,True,-30.914,-53.4324,True,Mine,mine,True,False,False,False,False,copper,copper; gold,2,critical mineral,True,True,Very Low,0,False,False,,copper,gold,,Mine,WA1980
ICMM19022,Mocambo,Mocambo,Brazil,BRA,South America,True,-6.85093,-51.99503,True,Mine,mine,True,False,False,False,False,tin,tin; tungsten,2,other,False,True,Moderate,2,True,False,,tin,tungsten,,Mine,SP12480; WA442
ICMM13670,Monte do Carmo,,Brazil,BRA,South America,True,-10.78333,-48.0,True,Mine,mine,True,False,False,False,False,gold,gold,1,gold,True,False,High,3,True,False,,gold,,,Mine,SK1134
ICMM01103,Morro Agudo,Morro Agudo; Paracatuzn,Brazil,BRA,South America,True,-17.4950331,-46.81726535,True,Mine,mine,True,False,False,False,False,zinc,cadmium; gold; lead; silver; zinc,5,critical mineral,True,True,High,3,True,False,,zinc,lead,silver;gold;cadmium,Mine,WA1248; WA1250; SK1145; SP164
ICMM01221,Morro Pilar,,Brazil,BRA,South America,True,-19.2308,-43.3823,True,Mine,mine,True,False,False,False,False,PGM,PGM,1,critical mineral,False,True,Very Low,0,False,False,,PGE / PGM,,,Mine,WA1398
ICMM01256,Morro Velho Mine,Morro Velho Mine; Espirito Santo; Mina Raposos; Raposos Gold Mine; Morro Velho; Brazil Operations; Ashanti Mineracao Refinery,Brazil,BRA,South America,True,-19.96507857,-43.83218286,True,Mine; Refinery,mine,True,False,True,False,False,gold,PGM; arsenic; gold; silver,4,gold,True,True,Moderate,2,True,False,,gold,silver,platinum;arsenic,Mine;Refinery,WA1439; WA1442; WA1443; WA1444; WA1447; WA1449; SP16792
ICMM08553,Morro da Mina,Morro da Mina,Brazil,BRA,South America,True,-20.63417642,-43.76923348,True,Mine,mine,True,False,False,False,False,manganese,manganese,1,critical mineral,False,True,High,3,True,False,,manganese,,,Mine,JA801; SP9643
ICMM08555,Morro do Ouro,,Brazil,BRA,South America,True,-24.51499997,-48.8322222,True,Mine,mine,True,False,False,False,False,gold,gold,1,gold,True,False,Moderate,2,True,False,,gold,,,Mine,JA803
ICMM08622,Onca Puma,Vale Base Metals; Onca Puma; Onca Puma Refinery; Onca Puma Smelter,Brazil,BRA,South America,True,-6.573894069,-51.09312525,True,Mine; Smelter,mine,True,True,False,False,False,nickel,nickel,1,critical mineral,False,True,High,3,True,False,,ferronickel,nickel,remove,Mine;Smelter,JA890; SP1849; SP11525; SP15756; VA16
ICMM00537,Oriente Novo,,Brazil,BRA,South America,True,-9.54795,-62.4161,True,Mine,mine,True,False,False,False,False,tin,tin,1,other,False,False,Very Low,0,False,False,,tin,,,Mine,WA571
ICMM08627,Ouro Preto Ferroalloys plant,,Brazil,BRA,South America,True,-20.41962204,-43.55136284,True,Plant,processing plant,False,False,False,True,False,manganese,manganese,1,critical mineral,False,True,Moderate,2,True,False,,ferrosilicon manganese,,,Plant,JA897
ICMM13720,Ouro Preto refinery,Ouro Preto refinery; Ouro Preto Smelter; Ouro Preto Refinery,Brazil,BRA,South America,True,-20.39923667,-43.52024667,True,Refinery; Smelter,smelter / refinery,False,True,True,False,False,bauxite / aluminium,bauxite / aluminium,1,other,False,False,High,3,True,False,,alumina,aluminium,,Smelter;Refinery,SK1284; SP10810; SP11842
ICMM01439,Panelas,,Brazil,BRA,South America,True,-24.4974,-51.4991,True,Mine; Smelter,mine,True,True,False,False,False,zinc,gold; zinc,2,critical mineral,True,True,Very Low,0,False,False,,zinc,gold,,Mine;Smelter,WA1675
ICMM01072,Paracatu,Paracatu; Morro Do Ouro; Morro De Ouro Paracatu; Paracatu River,Brazil,BRA,South America,True,-17.20121231,-46.8747858,True,Mine,mine,True,False,False,False,False,gold,gold; lead; silver,3,gold,True,True,High,3,True,False,,gold,silver,lead,Mine,WA1212; WA1213; WA1215; JA909; SK1301; SP704; SP1489
ICMM08637,Paragominas,Paragominas,Brazil,BRA,South America,True,-3.267228337,-47.7376609,True,Mine; Plant,mine,True,False,False,True,False,bauxite / aluminium,bauxite / aluminium,1,other,False,False,High,3,True,False,,bauxite,,,Mine;Plant,JA910; SP9297
ICMM13727,Paranepanema refinery,Paranepanema refinery; Paranepanema smelter,Brazil,BRA,South America,True,-12.69695,-38.32194,True,Refinery; Smelter,smelter / refinery,False,True,True,False,False,copper,copper,1,critical mineral,False,True,High,3,True,False,,copper,,,Smelter;Refinery,SK1305; SK1306
ICMM08534,Paraopeba,Minas Itabirito; Vale Fabrica (Itabirito Mining Complex) Mine; Fabrica Pellets; Paraopeba; Itacolomy,Brazil,BRA,South America,True,-20.42232002,-43.86743454,True,Mine,mine,True,False,False,False,False,iron ore,iron ore,1,"iron, steel & coal",False,False,High,3,True,False,,iron ore,,,Mine,JA778; GMI523; SK493; SK1307; SP12789
ICMM08639,Paraopeba,Paraopeba,Brazil,BRA,South America,True,-20.09429377,-44.09093503,True,Mine; Plant,mine,True,False,False,True,False,iron ore,iron ore,1,"iron, steel & coal",False,False,High,3,True,False,,iron ore,,,Mine;Plant,JA912; SP14536
ICMM01276,Passagem,Passagem; Cedro Mariana Mine,Brazil,BRA,South America,True,-20.315191,-43.429069,True,Mine,mine,True,False,False,False,False,gold,gold; iron ore,2,gold,True,False,Very Low,0,False,False,,gold,iron ore,,Mine,WA1466; GMI519; WA1467
ICMM08641,Patos de Minas,Patos de Minas; Rocinha,Brazil,BRA,South America,True,-18.37446735,-46.91427196,True,Mine,mine,True,False,False,False,False,phosphate,phosphate,1,other,False,False,High,3,True,False,,phosphate,,,Mine,JA914; SP10252; SP7614
ICMM17796,Pedrinhas Comisa Coitzeiros,Campo Formoso; Coitezeiro; Pedrinhas/Cascabulhos; Pedrinhas Comisa Coitzeiros; Pedrinhas Mining Area,Brazil,BRA,South America,True,-10.54546,-40.41221,True,Mine,mine,True,False,False,False,False,chromium,chromium,1,critical mineral,False,True,Moderate,2,True,False,,chromite,,,Mine,SP10249; SP12667; WA682; WA678; WA672
ICMM13738,Piaui,Piaui; Brejo Seco,Brazil,BRA,South America,True,-8.4729669,-41.97403497,True,Mine,mine,True,False,False,False,False,nickel,cobalt; nickel,2,critical mineral,False,True,High,3,True,False,,nickel,cobalt,,Mine,SK1326; SP5717; SP9813
ICMM15519,Pilar,Pilar,Brazil,BRA,South America,True,-14.74992,-49.60729,True,Mine,mine,True,False,False,False,False,gold,gold,1,gold,True,False,High,3,True,False,,gold,,,Mine,SP5162; SK1331
ICMM14289,Pitinga,Pitinga,Brazil,BRA,South America,True,-0.76095,-60.10624,True,Mine,mine,True,False,False,False,False,tin,niobium; rare earths; tantalum; thorium; tin; uranium,6,other,False,True,Moderate,2,True,False,,tin,niobium,tantalum;thorium;lanthanides;uranium,Mine,SP1317; WA313; WA321
ICMM00481,Poco,,Brazil,BRA,South America,True,-9.11467,-63.1494,True,Mine,mine,True,False,False,False,False,tin,tin,1,other,False,False,Very Low,0,False,False,,tin,,,Mine,WA512
ICMM08661,Pocos de Caldas,Pocos de Caldas; Pocos de Caldas refinery; Pocos de Caldas Smelter; Pocos de Caldas Refinery,Brazil,BRA,South America,True,-21.84653632,-46.58988045,True,Refinery; Smelter,smelter / refinery,False,True,True,False,False,bauxite / aluminium,bauxite / aluminium,1,other,False,False,High,3,True,False,,alumina,aluminium,bauxite,Smelter;Refinery,JA944; SK1354; SP10837; SP11371; SP12331
ICMM18901,Pojuca Smelter,Pojuca Smelter; Pojuca Cr,Brazil,BRA,South America,True,-12.4,-38.344,True,Smelter,smelter / refinery,False,True,False,False,False,chromium,chromium; silicon,2,critical mineral,False,True,Moderate,2,True,False,,ferrochrome,ferrosilicon,chromium,Smelter,SP12275; WA792
ICMM08671,Presidente Vargas Steelworks,,Brazil,BRA,South America,True,-22.51264486,-44.11331123,True,Smelter,smelter / refinery,False,True,False,False,False,steel,coal; iron ore; steel,3,"iron, steel & coal",False,False,Moderate,2,True,False,,steel,iron,coal,Smelter,JA958
ICMM00399,Quixere,,Brazil,BRA,South America,True,-6.55387,-37.1581,True,Mine,mine,True,False,False,False,False,tungsten,tungsten,1,critical mineral,False,True,Very Low,0,False,False,,tungsten,,,Mine,WA425
ICMM13778,Riacho dos Machados,Riacho dos Machados,Brazil,BRA,South America,True,-16.0560689,-43.12382735,True,Mine,mine,True,False,False,False,False,gold,gold; silver,2,gold,True,True,High,3,True,False,,gold,silver,,Mine,SK1441; SP1833
ICMM00454,Rio Marmelos Mafui,,Brazil,BRA,South America,True,-8.01468,-61.8494,True,Mine,mine,True,False,False,False,False,tin,tin,1,other,False,False,Very Low,0,False,False,,tin,,,Mine,WA483
ICMM00428,Rio Marupa,,Brazil,BRA,South America,True,-7.04805,-56.9159,True,Mine,mine,True,False,False,False,False,gold,gold,1,gold,True,False,Very Low,0,False,False,,gold,,,Mine,WA455
ICMM00639,Rio Mato Cavalo,,Brazil,BRA,South America,True,-10.771,-53.089,True,Mine,mine,True,False,False,False,False,PGM,PGM,1,critical mineral,False,True,Very Low,0,False,False,,PGE / PGM,,,Mine,WA698
ICMM12810,Rio Mine,Anglo American Minas Rio Mine; Minas Rio,Brazil,BRA,South America,True,-18.893909,-43.419568,True,Mine,mine,True,False,False,False,False,iron ore,iron ore,1,"iron, steel & coal",False,False,High,3,True,False,,iron ore,,,Mine,GMI91; SK1108; SP4261
ICMM00367,Rio Pacu,,Brazil,BRA,South America,True,-6.0981,-57.366,True,Mine,mine,True,False,False,False,False,gold,gold,1,gold,True,False,Very Low,0,False,False,,gold,,,Mine,WA390
ICMM01270,Rio Piracicaba,,Brazil,BRA,South America,True,-20.1739,-43.4084,True,Mine,mine,True,False,False,False,False,gold,gold,1,gold,True,False,Very Low,0,False,False,,gold,,,Mine,WA1460
ICMM00405,Rio Surubim,,Brazil,BRA,South America,True,-6.71474,-56.2493,True,Mine,mine,True,False,False,False,False,tin,tin,1,other,False,False,Very Low,0,False,False,,tin,,,Mine,WA431
ICMM13263,SAFM Ponto Verde Mine,,Brazil,BRA,South America,True,-20.301255,-43.910692,True,Mine,mine,True,False,False,False,False,iron ore,iron ore,1,"iron, steel & coal",False,False,Moderate,2,True,False,,iron ore,,,Mine,GMI754
ICMM00361,"Saco Dos Cavalos, Agua Fria",,Brazil,BRA,South America,True,-6.01474,-37.0989,True,Mine,mine,True,False,False,False,False,tungsten,tungsten,1,critical mineral,False,True,Very Low,0,False,False,,tungsten,,,Mine,WA383
ICMM00343,Saco Sao Vicente,,Brazil,BRA,South America,True,-5.68142,-36.7989,True,Mine,mine,True,False,False,False,False,tungsten,tungsten,1,critical mineral,False,True,Very Low,0,False,False,,tungsten,,,Mine,WA365
ICMM00264,Salamangone,Salamangone; Novo Astro,Brazil,BRA,South America,True,2.309065,-51.632915,True,Mine,mine,True,False,False,False,False,gold,gold,1,gold,True,False,Moderate,2,True,False,,gold,,,Mine,WA283; SP933
ICMM08747,Salobo,Vale Base Metals; Salobo,Brazil,BRA,South America,True,-5.795019115,-50.53369543,True,Mine,mine,True,False,False,False,False,copper,copper; gold; silver,3,critical mineral,True,True,High,3,True,False,,copper,gold,silver,Mine,JA1058; SK1485; SP486; WA370; VA17
ICMM08749,Samarco,Samarco; Samarco Germano Alegria Complex Mine; Fabrica Pellet Plant,Brazil,BRA,South America,True,-20.20101903,-43.49686833,True,Mine,mine,True,False,False,False,False,iron ore,iron ore,1,"iron, steel & coal",False,False,High,3,True,False,,iron ore,,,Mine,JA1060; GMI531; SK1488; SP11461
ICMM00560,San Carlos,,Brazil,BRA,South America,True,-9.79794,-63.0327,True,Mine,mine,True,False,False,False,False,tin,tin,1,other,False,False,Very Low,0,False,False,,tin,,,Mine,WA603
ICMM00488,Santa Barbara,,Brazil,BRA,South America,True,-9.19796,-63.0494,True,Mine,mine,True,False,False,False,False,tin,tin,1,other,False,False,Very Low,0,False,False,,tin,,,Mine,WA520
ICMM13807,Santa Luz Restart,Santa Luz Restart; Fazenda Maria Preta; Maria Preta; Santa Luz,Brazil,BRA,South America,True,-10.99991488,-39.3043278,True,Mine,mine,True,False,False,False,False,gold,gold,1,gold,True,False,High,3,True,False,,gold,,,Mine,SK1513; SP1303; SP1324; SP4114
ICMM13809,Santa Rita,Santa Rita,Brazil,BRA,South America,True,-14.1853135,-39.70186365,True,Mine,mine,True,False,False,False,False,nickel,PGM; cobalt; copper; gold; nickel,5,critical mineral,True,True,High,3,True,False,,nickel,copper,gold;cobalt;palladium;platinum,Mine,SK1515; SP4050
ICMM01258,Sao Bento,Sao Bento; Ashanti Mineracao,Brazil,BRA,South America,True,-19.966845,-43.474445,True,Mine,mine,True,False,False,False,False,gold,gold; silver,2,gold,True,True,Moderate,2,True,False,,gold,silver,,Mine,WA1441; SP441; WA1440
ICMM00371,Sao Francisco,,Brazil,BRA,South America,True,-6.18139,-36.2822,True,Mine,mine,True,False,False,False,False,gold,gold,1,gold,True,False,Very Low,0,False,False,,gold,,,Mine,WA394
ICMM08762,Sao Francisco,Sao Francisco,Brazil,BRA,South America,True,-14.84988644,-59.6495942,True,Mine,mine,True,False,False,False,False,gold,gold,1,gold,True,False,High,3,True,False,,gold,,,Mine,JA1077; SP2206
ICMM00490,"Sao Francisco, Tiririca","Sao Francisco, Tiririca; Sao Francisco",Brazil,BRA,South America,True,-9.21463,-61.416,True,Mine,mine,True,False,False,False,False,tin,tin,1,other,False,False,High,3,True,False,,tin,,,Mine,WA522; WA531
ICMM00520,Sao Lourenco,,Brazil,BRA,South America,True,-9.44796,-65.0328,True,Mine,mine,True,False,False,False,False,tin,tin,1,other,False,False,Very Low,0,False,False,,tin,,,Mine,WA553
ICMM00510,"Sao Lourenco, Macisa, Caripunas, Limeira","Macisa Mine; Sao Lourenco, Macisa, Caripunas, Limeira",Brazil,BRA,South America,True,-9.36463,-64.9994,True,Mine,mine,True,False,False,False,False,tin,tin,1,other,False,False,High,3,True,False,,tin,,,Mine,WA539; WA543
ICMM07923,Sao Luis (Alumar),Alumar; Sao Luis; Sao Luis (Alumar); Alumar Smelter,Brazil,BRA,South America,True,-2.707507207,-44.33281215,True,Refinery; Smelter,smelter / refinery,False,True,True,False,False,bauxite / aluminium,bauxite / aluminium,1,other,False,False,High,3,True,False,,aluminium,,,Smelter;Refinery,JA29; SK1519; SK1520; SP11007
ICMM08763,Sao Luis Iron Ore Pellet Operation,Sao Luis Iron Ore Pellet Operation; Sao Luis Pellets; Sao Luis Pellet Plant,Brazil,BRA,South America,True,-2.56297408,-44.34783312,True,Mine; Plant,mine,True,False,False,True,False,iron ore,iron ore,1,"iron, steel & coal",False,False,High,3,True,False,,iron ore,,,Mine;Plant,JA1078; SK1521; SP11323
ICMM09031,Seival coal Mine,,Brazil,BRA,South America,True,-31.449159,-53.707527,True,Mine,mine,True,False,False,False,False,coal,coal,1,"iron, steel & coal",False,False,Moderate,2,True,False,,coal,,,Mine,GMC104
ICMM08779,Serra Azul,Serra Azul; ArcelorMittal Serra Azul Mine; Usiminas East (Mineração Usiminas Mining Complex) Mine; Minerita Lagoa das Flores Mine; AVG Santanense Mine; Usiminas Central (Mineração Usiminas Mining Complex) Mine; Serra Azul (ArcelorMittal); Itauna; Santanense,Brazil,BRA,South America,True,-20.13302159,-44.39235143,True,Mine,mine,True,False,False,False,False,iron ore,iron ore,1,"iron, steel & coal",False,False,High,3,True,False,,iron ore,,,Mine,JA1096; GMI18; GMI87; GMI113; GMI116; GMI192; SK1540; SP4791; SP5497
ICMM08780,Serra Grande,Serra Grande,Brazil,BRA,South America,True,-14.57432252,-49.96664525,True,Mine,mine,True,False,False,False,False,gold,gold; silver,2,gold,True,True,High,3,True,False,,gold,silver,,Mine,JA1097; SK1541; SP684
ICMM08781,Serra Leste,Serra Leste; Vale Serra Leste Complex Mine,Brazil,BRA,South America,True,-5.971375725,-49.62890693,True,Mine,mine,True,False,False,False,False,iron ore,iron ore,1,"iron, steel & coal",False,False,High,3,True,False,,iron ore,,,Mine,JA1098; GMI126; SP14414
ICMM08782,Serra Norte,,Brazil,BRA,South America,True,-6.077084996,-50.14168564,True,Mine; Plant,mine,True,False,False,True,False,iron ore,iron ore,1,"iron, steel & coal",False,False,Moderate,2,True,False,,iron ore,,,Mine;Plant,JA1099
ICMM14013,Serra Pelada,Serra Pelada,Brazil,BRA,South America,True,-5.94481,-49.66632,True,Mine,mine,True,False,False,False,False,gold,PGM; gold; silver,3,gold,True,True,Moderate,2,True,False,,gold,PGE / PGM,platinum;silver,Mine,SP456; WA366; WA378
ICMM08783,Serra Sul,Serra Sul; Vale Serra Sul Complex Mine; S11D,Brazil,BRA,South America,True,-6.397753919,-50.3308452,True,Mine,mine,True,False,False,False,False,iron ore,iron ore,1,"iron, steel & coal",False,False,High,3,True,False,,iron ore,,,Mine,JA1100; GMI5; SK1471; SP3987
ICMM08812,Simoes Filho Ferroalloys plant,,Brazil,BRA,South America,True,-12.7849316,-38.41485567,True,Plant,processing plant,False,False,False,True,False,manganese,manganese,1,critical mineral,False,True,Moderate,2,True,False,,ferromanganese,,,Plant,JA1132
ICMM00390,Sossego,Vale Base Metals; Sossego,Brazil,BRA,South America,True,-6.41272796,-50.06341509,True,Mine,mine,True,False,False,False,False,copper,copper; gold,2,critical mineral,True,True,High,3,True,False,,copper,gold,,Mine,WA416; JA1145; SK1597; SP3106; VA18
ICMM08863,Taquari Vassouras,Taquari Vassouras,Brazil,BRA,South America,True,-10.65188733,-37.03430262,True,Mine; Plant,mine,True,False,False,True,False,potash,potash,1,other,False,False,High,3,True,False,,potash,,,Mine;Plant,JA1194; SP5305
ICMM00563,Taquarras,,Brazil,BRA,South America,True,-9.82877,-65.2792,True,Mine,mine,True,False,False,False,False,gold,gold,1,gold,True,False,Very Low,0,False,False,,gold,,,Mine,WA607
ICMM01120,Teofilio Otoni Dist,,Brazil,BRA,South America,True,-17.7309,-41.4323,True,Mine,mine,True,False,False,False,False,PGM,PGM,1,critical mineral,False,True,Very Low,0,False,False,,PGE / PGM,,,Mine,WA1273
ICMM00397,"Timbauba, Alto Alegre",,Brazil,BRA,South America,True,-6.46471,-37.7489,True,Mine,mine,True,False,False,False,False,tungsten,tungsten,1,critical mineral,False,True,Very Low,0,False,False,,tungsten,,,Mine,WA423
ICMM14354,Tocantins,Tocantins; Tocantinscnt; Tocantins Complex Chromite,Brazil,BRA,South America,True,-14.41936,-48.43889,True,Mine,mine,True,False,False,False,False,nickel,chromium; cobalt; nickel,3,critical mineral,False,True,Moderate,2,True,False,,nickel,cobalt,chromite,Mine,SP1565; WA950; WA932
ICMM00363,Tocantinzinho,Garimpo Maene Farias; Tocantinzinho,Brazil,BRA,South America,True,-6.0587455,-56.296634,True,Mine,mine,True,False,False,False,False,gold,gold,1,gold,True,False,High,3,True,False,,gold,,,Mine,WA385; SK1675; SP3059
ICMM12831,Tombador Mine,,Brazil,BRA,South America,True,-9.852373,-42.056227,True,Mine,mine,True,False,False,False,False,iron ore,iron ore,1,"iron, steel & coal",False,False,Moderate,2,True,False,,iron ore,,,Mine,GMI115
ICMM13866,Tres Marias (DL),Tres Marias (DL); Tres Marias (RLE); Tres Marias Refinery; Cia Paraibuna de Metais Plant; Tres Marias,Brazil,BRA,South America,True,-18.18938905,-45.2432628,True,Smelter,smelter / refinery,False,True,False,False,False,zinc,lead; zinc,2,critical mineral,False,True,High,3,True,False,,zinc,lead,zinc,Smelter,SK1698; SK1699; SP12061; SP17166; WA1409; SP3852
ICMM13871,Tucano,Tucano,Brazil,BRA,South America,True,0.852849667,-51.88719833,True,Mine,mine,True,False,False,False,False,gold,gold; iron ore; silver,3,gold,True,True,High,3,True,False,,gold,iron ore,silver,Mine,SK1709; SP3062; SP5779
ICMM08905,Urucum,Urucum; Vetria Laís Mine; LHG Urucum Mine,Brazil,BRA,South America,True,-19.19055004,-57.61079753,True,Mine,mine,True,False,False,False,False,manganese,iron ore; manganese,2,critical mineral,False,True,High,3,True,False,,manganese,iron ore,,Mine,JA1254; GMI90; GMI753; SP3588
ICMM08347,Usiminas,Itatiaiucu; Usiminas West (Mineração Usiminas Mining Complex) Mine; Usiminas; Serra Azul; Samambaia,Brazil,BRA,South America,True,-20.16404974,-44.45241113,True,Mine,mine,True,False,False,False,False,iron ore,iron ore,1,"iron, steel & coal",False,False,High,3,True,False,,iron ore,,,Mine,JA548; GMI88; SK1731; SP5100; SP6561
ICMM13135,Vale Gongo Soco Mine,Vale Gongo Soco Mine; Gongo Soco,Brazil,BRA,South America,True,-19.9607015,-43.599379,True,Mine,mine,True,False,False,False,False,iron ore,iron ore,1,"iron, steel & coal",False,False,High,3,True,False,,iron ore,,,Mine,GMI532; SP14388
ICMM12808,Vale Itabira Complex Mine,,Brazil,BRA,South America,True,-19.651946,-43.258657,True,Mine,mine,True,False,False,False,False,iron ore,iron ore,1,"iron, steel & coal",False,False,Moderate,2,True,False,,iron ore,,,Mine,GMI84
ICMM12817,Vale Minas Centrais Complex Mine,Vale Minas Centrais Complex Mine; Minas Centrais,Brazil,BRA,South America,True,-19.938707,-43.2315335,True,Mine,mine,True,False,False,False,False,iron ore,iron ore,1,"iron, steel & coal",False,False,High,3,True,False,,iron ore,,,Mine,GMI98; SP14534
ICMM12816,Vale Paraopeba Complex Mine,Vale Paraopeba Complex Mine; Rio Verde,Brazil,BRA,South America,True,-20.051189,-43.9637895,True,Mine,mine,True,False,False,False,False,iron ore,iron ore,1,"iron, steel & coal",False,False,High,3,True,False,,iron ore,,,Mine,GMI97; SP4257
ICMM12823,Vale Timbopeba Mine,,Brazil,BRA,South America,True,-20.254464,-43.512377,True,Mine,mine,True,False,False,False,False,iron ore,iron ore,1,"iron, steel & coal",False,False,Moderate,2,True,False,,iron ore,,,Mine,GMI105
ICMM08909,Vale Tubarao,Vale Tubarao; Tubarão Pellets; Kobrasco Pellet Plant; Nibrasco Pellet Plant; Hispanobras Pellet Plant; Itabrasco Pellet Plant; Tubarao Pellet Plant; Tubarao Line I Pellet Plant; Tubarao Pellet Plant Line Pellet Plant,Brazil,BRA,South America,True,-20.27390218,-40.24333439,True,Mine; Plant,mine,True,False,False,True,False,iron ore,iron ore,1,"iron, steel & coal",False,False,High,3,True,False,,iron ore,,,Mine;Plant,JA1258; SK1708; SP11037; SP11373; SP11457; SP11458; SP11462; SP12249; SP12250
ICMM12843,Vale Viga Mine,Vale Viga Mine; Viga; Casa de Pedra,Brazil,BRA,South America,True,-20.498308,-43.9185175,True,Mine,mine,True,False,False,False,False,iron ore,iron ore,1,"iron, steel & coal",False,False,High,3,True,False,,iron ore,,,Mine,JA197; SK255; GMI137; SP5496
ICMM08910,Valesul,,Brazil,BRA,South America,True,-22.89944107,-43.65143741,True,Mine,mine,True,False,False,False,False,bauxite / aluminium,bauxite / aluminium,1,other,False,False,Moderate,2,True,False,,aluminium,,,Mine,JA1259
ICMM12812,Vallourec Pau Branco Mine,Vallourec Pau Branco Mine; Pau Branco,Brazil,BRA,South America,True,-20.1526755,-43.978946,True,Mine,mine,True,False,False,False,False,iron ore,iron ore,1,"iron, steel & coal",False,False,High,3,True,False,,iron ore,,,Mine,GMI93; SP5706
ICMM13882,Vargem Grande,Vargem Grande; Vargem Grande Pellets,Brazil,BRA,South America,True,-20.236804,-43.864175,True,Mine,mine,True,False,False,False,False,iron ore,iron ore,1,"iron, steel & coal",False,False,High,3,True,False,,iron ore,,,Mine,SK1742; SK1743; JA1260
ICMM01141,Vazante,Fazenda Salobra; Vazante; Vazante Deposit,Brazil,BRA,South America,True,-17.969545,-46.84419,True,Mine,mine,True,False,False,False,False,zinc,cadmium; copper; lead; silver; zinc,5,critical mineral,False,True,High,3,True,False,,zinc,lead,silver;copper;cadmium,Mine,WA1299; SK1746; WA1292; SP1285; WA1301
ICMM11509,Verdinho coal Mine,,Brazil,BRA,South America,True,-28.787832,-49.446599,True,Mine,mine,True,False,False,False,False,coal,coal,1,"iron, steel & coal",False,False,Moderate,2,True,False,,coal,,,Mine,GMC3531
ICMM12811,Vetria Monjolinho Mine,Vetria Monjolinho Mine; Vetria,Brazil,BRA,South America,True,-19.26005,-57.5327205,True,Mine,mine,True,False,False,False,False,iron ore,iron ore,1,"iron, steel & coal",False,False,High,3,True,False,,iron ore,,,Mine,GMI92; SP6877
ICMM12820,Vila Nova Mine,Vila Nova Mine; Vila Nova,Brazil,BRA,South America,True,0.3998495,-51.755119,True,Mine,mine,True,False,False,False,False,iron ore,chromium; iron ore,2,"iron, steel & coal",False,True,High,3,True,False,,iron ore,chromite,,Mine,GMI102; SP4139; WA306
ICMM01310,Volta Grande Mine,,Brazil,BRA,South America,True,-21.1033,-44.5481,True,Mine,mine,True,False,False,False,False,tin,tin,1,other,False,False,Very Low,0,False,False,,tin,,,Mine,WA1506
ICMM13903,Xavantina,Xavantina,Brazil,BRA,South America,True,-14.63686145,-52.4997991,True,Mine,mine,True,False,False,False,False,gold,gold; silver,2,gold,True,True,High,3,True,False,,gold,silver,,Mine,SK1801; SP15031
ICMM07921,Altonorte,Altonorte; Altonorte Smelter,Chile,CHL,South America,True,-23.82401405,-70.31515827,True,Smelter,smelter / refinery,False,True,False,False,False,copper,copper; molybdenum,2,critical mineral,False,True,High,3,True,False,,copper,molybdenum,,Smelter,JA27; SP10783
ICMM13291,Altonorte refinery,Altonorte refinery; Altonorte smelter,Chile,CHL,South America,True,-23.8,-70.333,True,Refinery; Smelter,smelter / refinery,False,True,True,False,False,copper,copper,1,critical mineral,False,True,High,3,True,False,,copper,,,Smelter;Refinery,SK45; SK46
ICMM01538,Andacollito,,Chile,CHL,South America,True,-27.4142,-70.3412,True,Mine,mine,True,False,False,False,False,copper,copper,1,critical mineral,False,True,Very Low,0,False,False,,copper,,,Mine,WA1810
ICMM07932,Andina,,Chile,CHL,South America,True,-33.09202028,-70.2548994,True,Mine,mine,True,False,False,False,False,copper,copper; molybdenum; silver,3,critical mineral,False,True,Moderate,2,True,False,,copper,molybdenum,silver,Mine,JA40
ICMM01553,Ano Nuevo,,Chile,CHL,South America,True,-27.5516,-70.4329,True,Mine,mine,True,False,False,False,False,copper,copper,1,critical mineral,False,True,Very Low,0,False,False,,copper,,,Mine,WA1839
ICMM13301,Antucoya,Antucoya,Chile,CHL,South America,True,-22.6190099,-69.8646451,True,Mine,mine,True,False,False,False,False,copper,copper,1,critical mineral,False,True,High,3,True,False,,copper,,,Mine,SK67; JA52; SP2724
ICMM01417,Baguedano Cu Mine,,Chile,CHL,South America,True,-23.3309,-69.8329,True,Mine,mine,True,False,False,False,False,copper,copper,1,critical mineral,False,True,Very Low,0,False,False,,copper,,,Mine,WA1648
ICMM01483,Berta Iii,,Chile,CHL,South America,True,-26.7128,-70.0523,True,Mine,mine,True,False,False,False,False,copper,copper; gold,2,critical mineral,True,True,Very Low,0,False,False,,copper,gold,,Mine,WA1727
ICMM08061,CAP Acero,,Chile,CHL,South America,True,-36.75030129,-73.12588544,True,Smelter,smelter / refinery,False,True,False,False,False,steel,steel,1,"iron, steel & coal",False,False,Moderate,2,True,False,,steel,,,Smelter,JA186
ICMM08062,CAP Huasco Pellet Plant,CAP Huasco Pellet Plant; Huasco Pellet Plant,Chile,CHL,South America,True,-28.47370836,-71.25248947,True,Plant,processing plant,False,False,False,True,False,iron ore,iron ore,1,"iron, steel & coal",False,False,High,3,True,False,,iron ore,,,Plant,JA187; SP11475
ICMM12836,CMP El Pleito Mine,,Chile,CHL,South America,True,-29.236972,-71.077938,True,Mine,mine,True,False,False,False,False,iron ore,iron ore,1,"iron, steel & coal",False,False,Moderate,2,True,False,,iron ore,,,Mine,GMI124
ICMM08191,Caletones smelter,El Teniente; Caletones smelter; Caletones (El Teniente) Refinery; Caletones (El Teniente) Smelter,Chile,CHL,South America,True,-34.10125733,-70.45181263,True,Refinery; Smelter,smelter / refinery,False,True,True,False,False,copper,copper; gold; molybdenum; silver,4,critical mineral,True,True,High,3,True,False,,copper,molybdenum,gold;silver,Smelter;Refinery,JA355; SK232; SP12208; SP12209
ICMM01495,Candelaria,,Chile,CHL,South America,True,-26.9808,-69.6829,True,Mine,mine,True,False,False,False,False,copper,copper,1,critical mineral,False,True,Very Low,0,False,False,,copper,,,Mine,WA1749
ICMM01464,"Candelaria Iii, Sara Ii, Vieja Sara, Peggy Ii",,Chile,CHL,South America,True,-25.7958,-69.9295,True,Mine,mine,True,False,False,False,False,gold,copper; gold,2,gold,True,True,Very Low,0,False,False,,gold,copper,,Mine,WA1707
ICMM01656,Carmen de Andacollo,Coipa; Toro Vein; Andacollo Copper; Carmen de Andacollo; CMD; Carmen de Andacollo SX EW,Chile,CHL,South America,True,-30.24429493,-71.09345573,True,Mine,mine,True,False,False,False,False,copper,copper; gold; silver,3,critical mineral,True,True,High,3,True,False,,copper,gold,silver,Mine,WA1959; WA1962; WA1963; JA194; SK249; SP1228; SP1359; SP14461
ICMM13368,Caserones,Caserones; Caserones SX EW,Chile,CHL,South America,True,-28.1758,-69.539392,True,Mine,mine,True,False,False,False,False,copper,copper; molybdenum,2,critical mineral,False,True,High,3,True,False,,copper,molybdenum,,Mine,SK256; SP2184; SP14492
ICMM01403,Centinela,El Tesoro; Leonor/Tesoro; Centinela; Centinela Oxide; Centinela Sulfide,Chile,CHL,South America,True,-22.958744,-69.0675178,True,Mine,mine,True,False,False,False,False,copper,copper; gold; molybdenum; silver,4,critical mineral,True,True,High,3,True,False,,copper,gold,molybdenum;silver,Mine,WA1627; WA1628; SK268; SP1576; SP3009; JA207
ICMM01264,Cerro Colorado,Cerro Colorado; Cerro Colorado (SxEw),Chile,CHL,South America,True,-20.04767333,-69.26007367,True,Mine,mine,True,False,False,False,False,copper,copper; molybdenum,2,critical mineral,False,True,High,3,True,False,,copper,molybdenum,,Mine,WA1453; SK271; SP1154
ICMM08084,Cerro Negro Norte,Cerro Negro Norte; CMP Cerro Negro Norte Mine,Chile,CHL,South America,True,-27.10259136,-70.3396459,True,Mine,mine,True,False,False,False,False,iron ore,iron ore,1,"iron, steel & coal",False,False,High,3,True,False,,iron ore,,,Mine,JA218; GMI129; SP3369
ICMM08086,Chagres,Chagres; Chagres smelter; Chagres Smelter,Chile,CHL,South America,True,-32.80293856,-70.95771685,True,Smelter,smelter / refinery,False,True,False,False,False,copper,copper,1,critical mineral,False,True,High,3,True,False,,copper,,,Smelter,JA221; SK281; SP10877
ICMM01168,Choquelimpie,,Chile,CHL,South America,True,-18.3029,-69.2779,True,Mine,mine,True,False,False,False,False,gold,gold; lead,2,gold,True,True,Very Low,0,False,False,,gold,lead,,Mine,WA1331
ICMM01372,Chuquicamata,San Pablo; Enchufe; Marina; Alicia Victoria; Chuquicamata; Mina Sur Mine; Codelco Norte; Chuquicamata refinery; Chuquicamata smelter; Chuquicamata Refinery; Chuquicamata SX EW; Codelco Norte SX EW; Radomiro Tomic; Chuqui Norte,Chile,CHL,South America,True,-22.29680801,-68.90307059,True,Mine; Refinery; Smelter,mine,True,True,True,False,False,copper,copper; gold; lead; molybdenum; rhenium; silver,6,critical mineral,True,True,High,3,True,False,,copper,gold,lead;molybdenum;rhenium;silver,Mine; Smelter; Refinery,WA1574; SK1416; SP1353; WA1577; WA1578; WA1579; WA1580; WA1582; WA1583; WA1585; JA250; SK339; SK340; SK341; SP923; SP11511; SP14448; SP14489
ICMM01296,Collahausi,Collahausi; Pergolesi; Eduardo; Delirio; Lavaderos De Chiclla; Collahuasi,Chile,CHL,South America,True,-20.98009355,-68.71260372,True,Mine,mine,True,False,False,False,False,copper,copper; gold; molybdenum; silver,4,critical mineral,True,True,High,3,True,False,,copper,molybdenum,silver;gold,Mine,WA1486; WA1492; WA1493; WA1494; WA1498; JA254; SK352; SP1238
ICMM08182,El Abra,El Abra,Chile,CHL,South America,True,-21.92028969,-68.83260873,True,Mine,mine,True,False,False,False,False,copper,copper; gold; molybdenum; silver,4,critical mineral,True,True,High,3,True,False,,copper,gold,molybdenum;silver,Mine,JA346; SK453; SP1435
ICMM08183,El Algarrobo,El Algarrobo; Algarrobo,Chile,CHL,South America,True,-28.81231011,-70.98931621,True,Mine,mine,True,False,False,False,False,copper,copper; iron ore,2,critical mineral,False,True,High,3,True,False,,copper,iron ore,,Mine,JA347; SP3370
ICMM01688,El Bronce Mine,El Bronce Mine; El Bronce de Petorca,Chile,CHL,South America,True,-32.184995,-70.94028,True,Mine,mine,True,False,False,False,False,gold,copper; gold; silver; zinc,4,gold,True,True,Moderate,2,True,False,,gold,silver,copper;zinc,Mine,WA1999; SP953
ICMM01476,El Hueso,El Hueso,Chile,CHL,South America,True,-26.497245,-69.393925,True,Mine,mine,True,False,False,False,False,gold,copper; gold; silver,3,gold,True,True,Moderate,2,True,False,,gold,copper,silver,Mine,WA1720; SP887
ICMM14622,El Indio/Tambo,Tambo; El Tambo; El Indio/Tambo; El Indio,Chile,CHL,South America,True,-29.7403,-69.9669,True,Mine,mine,True,False,False,False,False,gold,arsenic; copper; gold; lead; silver,5,gold,True,True,Moderate,2,True,False,,gold,silver,copper;lead;arsenic,Mine,SP2388; WA1937; WA1935; WA1936; SP932
ICMM08186,El Penon,El Penon,Chile,CHL,South America,True,-24.40976566,-69.4959659,True,Mine,mine,True,False,False,False,False,gold,gold; silver,2,gold,True,True,High,3,True,False,,gold,silver,,Mine,JA350; SK463; SP2255
ICMM08187,El Romeral,El Romeral; CMP El Romeral Mines,Chile,CHL,South America,True,-29.72217542,-71.23403279,True,Mine,mine,True,False,False,False,False,iron ore,iron ore,1,"iron, steel & coal",False,False,High,3,True,False,,iron ore,,,Mine,JA351; GMI130; SK465; SP3328
ICMM01709,El Teniente,El Teniente; El Teniente SX EW,Chile,CHL,South America,True,-34.0871945,-70.363541,True,Mine; Plant,mine,True,False,False,True,False,copper,copper; gold; molybdenum; silver,4,critical mineral,True,True,High,3,True,False,,copper,molybdenum,gold;silver,Mine;Plant,WA2024; SK467; SP922; SP14449
ICMM14021,El Toqui,El Toqui,Chile,CHL,South America,True,-45.0364,-71.94305,True,Mine,mine,True,False,False,False,False,copper,copper; gold; lead; silver; zinc,5,critical mineral,True,True,Moderate,2,True,False,,copper,gold,lead;silver;zinc,Mine,SP483; WA2066
ICMM01433,Escondida,La Escondida; Escondida; Escondida SX EW,Chile,CHL,South America,True,-24.26103939,-69.07896852,True,Mine,mine,True,False,False,False,False,copper,copper; gold; silver,3,critical mineral,True,True,High,3,True,False,,copper,gold,silver,Mine,WA1668; WA1670; JA372; SK486; SP14453
ICMM01611,Esperanza,Esperanza; Mina Daniela,Chile,CHL,South America,True,-28.84864,-70.8316,True,Mine,mine,True,False,False,False,False,copper,copper,1,critical mineral,False,True,Moderate,2,True,False,,copper,,,Mine,WA1908; SP2756
ICMM01750,Fachinal,Fachinal; Cerro Bayo,Chile,CHL,South America,True,-46.53821543,-71.8578645,True,Mine; Plant,mine,True,False,False,True,False,gold,gold; silver,2,gold,True,True,Moderate,2,True,False,,gold,silver,,Mine;Plant,WA2069; JA213
ICMM01465,Franke,Frankenstein; Franke; Altamira,Chile,CHL,South America,True,-25.83372649,-69.86534568,True,Mine,mine,True,False,False,False,False,copper,copper; silver,2,critical mineral,False,True,High,3,True,False,,copper,silver,,Mine,WA1708; JA401; SK515; SP1436; SP4706
ICMM08232,Gabriela Mistral,Gabriela Mistral; Gabriela Mistral (SX EW) Refinery,Chile,CHL,South America,True,-23.41460652,-68.81033735,True,Mine,mine,True,False,False,False,False,copper,copper; molybdenum,2,critical mineral,False,True,High,3,True,False,,copper,molybdenum,,Mine,JA409; SK526; SP2827; SP17031
ICMM01395,Gregoria,Gregoria; Faride; El Bronce,Chile,CHL,South America,True,-22.80513,-69.38408667,True,Mine,mine,True,False,False,False,False,gold,copper; gold; silver,3,gold,True,True,Moderate,2,True,False,,gold,silver,copper,Mine,WA1616; WA1617; SP2805
ICMM01452,Guanaco Amancaya,San Lorenzo; Defensa Todos Los Stos Huascar; Estrella De Venus Talquina; Perseverancia Sta Rosa Elena; El Guanaco; Guanaco; Guanaco and Amancaya; Guanaco Amancaya,Chile,CHL,South America,True,-25.10466637,-69.53425589,True,Mine,mine,True,False,False,False,False,gold,copper; gold; silver,3,gold,True,True,High,3,True,False,,gold,silver,copper,Mine,WA1689; WA1690; WA1691; WA1692; WA1693; WA1694; JA478; SK592; SP1697
ICMM01453,Inesperada,,Chile,CHL,South America,True,-25.1358,-69.6128,True,Mine,mine,True,False,False,False,False,gold,copper; gold,2,gold,True,True,Very Low,0,False,False,,gold,copper,,Mine,WA1695
ICMM01708,La Africana Cu Mine,,Chile,CHL,South America,True,-33.4591,-70.8229,True,Mine,mine,True,False,False,False,False,copper,copper; gold,2,critical mineral,True,True,Very Low,0,False,False,,copper,gold,,Mine,WA2023
ICMM01268,La Cascadas,La Cascadas; Sagasca; La Cascada (Sagasca) (SX EW) Refinery,Chile,CHL,South America,True,-20.18306333,-69.33532333,True,Mine; Refinery,mine,True,False,True,False,False,copper,copper,1,critical mineral,False,True,Moderate,2,True,False,,copper,,,Mine;Refinery,WA1458; SP3489; SP17033
ICMM01489,La Coipa,La Coipa; Copiapo Plant,Chile,CHL,South America,True,-26.82613588,-69.26530212,True,Mine,mine,True,False,False,False,False,gold,gold; silver,2,gold,True,True,High,3,True,False,,gold,silver,,Mine,WA1741; WA1743; JA662; SK929; SP854; SP11387
ICMM01657,Las Lauchas,,Chile,CHL,South America,True,-30.2775,-71.149,True,Mine,mine,True,False,False,False,False,copper,copper; silver,2,critical mineral,False,True,Very Low,0,False,False,,copper,silver,,Mine,WA1964
ICMM14288,Las Luces,Las Luces,Chile,CHL,South America,True,-25.69735,-70.49892,True,Mine,mine,True,False,False,False,False,copper,copper; molybdenum; silver,3,critical mineral,False,True,Moderate,2,True,False,,copper,molybdenum,silver,Mine,SP1315; WA1704
ICMM01557,Las Tortolas,,Chile,CHL,South America,True,-27.6003,-70.3898,True,Mine,mine,True,False,False,False,False,copper,copper,1,critical mineral,False,True,Very Low,0,False,False,,copper,,,Mine,WA1846
ICMM01707,Lo Aguirre Mine,Lo Aguirre Mine; Lo Aguirre,Chile,CHL,South America,True,-33.44480667,-70.93013333,True,Mine,mine,True,False,False,False,False,copper,copper,1,critical mineral,False,True,Moderate,2,True,False,,copper,,,Mine,WA2021; WA2022; SP1812
ICMM01461,Lolita,Lolita; Gloria,Chile,CHL,South America,True,-25.6675,-69.4545,True,Mine,mine,True,False,False,False,False,silver,copper; gold; silver,3,critical mineral,True,True,Very Low,0,False,False,,silver,gold,copper,Mine,WA1703; WA1705
ICMM01419,Lomas Bayas,Lomas Bayas; Fortuna,Chile,CHL,South America,True,-23.4327295,-69.5185335,True,Mine,mine,True,False,False,False,False,copper,copper; molybdenum,2,critical mineral,False,True,High,3,True,False,,copper,molybdenum,,Mine,WA1650; WA1653; SK990; SP2026
ICMM01533,Los Azules Romero,,Chile,CHL,South America,True,-27.3914,-69.8467,True,Refinery,smelter / refinery,False,False,True,False,False,copper,copper,1,critical mineral,False,True,Very Low,0,False,False,,copper,,,Refinery,WA1803
ICMM01705,Los Bronces,Rio Blanco Cu Mine; Andina; Disputada; Sur Sur Mine; Los Bronces; Andina Division; Los Bronces SX EW,Chile,CHL,South America,True,-33.15078567,-70.27526556,True,Mine,mine,True,False,False,False,False,copper,copper; gold; molybdenum; silver,4,critical mineral,True,True,High,3,True,False,,copper,molybdenum,gold;silver,Mine,WA2016; WA2017; WA2018; WA2019; SK56; SK998; SP942; SP1355; SP14457
ICMM08476,Los Bronces,Los Bronces,Chile,CHL,South America,True,-33.14582757,-70.70110832,True,Mine; Plant,mine,True,False,False,True,False,copper,copper,1,critical mineral,False,True,High,3,True,False,,copper,,,Mine;Plant,JA707; JA708
ICMM08477,Los Colorados,Los Colorados; CMP Los Colorados Mine,Chile,CHL,South America,True,-28.3006435,-70.81052028,True,Mine,mine,True,False,False,False,False,iron ore,iron ore,1,"iron, steel & coal",False,False,High,3,True,False,,iron ore,,,Mine,JA709; GMI131; SP3313
ICMM13631,Los Helados,,Chile,CHL,South America,True,-28.3408,-69.5857,True,Mine,mine,True,False,False,False,False,copper,copper,1,critical mineral,False,True,High,3,True,False,,copper,,,Mine,SK1000
ICMM01683,Los Pelambres,Los Pelambres,Chile,CHL,South America,True,-31.71580183,-70.49244471,True,Mine,mine,True,False,False,False,False,copper,copper; gold; molybdenum; silver,4,critical mineral,True,True,High,3,True,False,,copper,gold,molybdenum;silver,Mine,WA1994; JA711; SK1001; SP1152
ICMM01420,Mantos Blancos,Mantos Blancos; Mantos Blancos Smelter; Mantos Blancos SX EW,Chile,CHL,South America,True,-23.43402728,-70.06580073,True,Mine,mine,True,False,False,False,False,copper,copper; silver,2,critical mineral,False,True,High,3,True,False,,copper,silver,,Mine,WA1651; WA1652; JA730; SK1040; SP1395; SP12181; SP14458
ICMM01478,Mantoverde,Manto Verde; Mantoverde; Mantoverde SX EW,Chile,CHL,South America,True,-26.55608357,-70.32006658,True,Mine,mine,True,False,False,False,False,copper,cobalt; copper; gold,3,critical mineral,True,True,High,3,True,False,,copper,cobalt,gold,Mine,WA1722; JA731; SK1041; SP1711; SP17375
ICMM01374,Maria Elena Mine,,Chile,CHL,South America,True,-22.3142,-69.6662,True,Plant,processing plant,False,False,False,True,False,chromium,chromium,1,critical mineral,False,True,Very Low,0,False,False,,chromium,,,Plant,WA1584; ICDA1
ICMM08497,Maricunga,Maricunga; Maricunga gold,Chile,CHL,South America,True,-27.55174019,-69.297631,True,Mine,mine,True,False,False,False,False,gold,copper; gold; silver,3,gold,True,True,High,3,True,False,,gold,silver,copper,Mine,JA735; SK1054; SP1239
ICMM13644,Maricunga,,Chile,CHL,South America,True,-26.747525,-69.075204,True,Mine,mine,True,False,False,False,False,lithium,lithium,1,critical mineral,False,True,High,3,True,False,,lithium,,,Mine,SK1053
ICMM01510,Marte,Marte; Lobo Marte,Chile,CHL,South America,True,-27.1703198,-69.02679977,True,Mine,mine,True,False,False,False,False,copper,copper; gold,2,critical mineral,True,True,Very Low,0,False,False,,copper,gold,,Mine,WA1770; WA1772; JA698
ICMM01385,Michilla,Susana; Lince/Michilla; Michilla; Michilla/Lince; Michilla SX EW,Chile,CHL,South America,True,-22.6778872,-70.1724868,True,Mine,mine,True,False,False,False,False,copper,copper,1,critical mineral,False,True,High,3,True,False,,copper,,,Mine,WA1597; WA1598; SK1096; SP1288; SP14491; JA763
ICMM08536,Minera Florida,Minera Florida; American Eagle,Chile,CHL,South America,True,-34.03498484,-71.0266908,True,Mine,mine,True,False,False,False,False,gold,coal; gold; lead; silver; zinc,5,gold,True,True,High,3,True,False,,gold,silver,zinc;lead;coal,Mine,JA780; SK1112; SP4020; SP8538
ICMM08537,Ministro Hales,Ministro Hales; Mina Ministro Hales SX EW,Chile,CHL,South America,True,-22.38249654,-68.91599068,True,Mine,mine,True,False,False,False,False,copper,copper; gold; molybdenum; silver,4,critical mineral,True,True,High,3,True,False,,copper,gold,silver;molybdenum;calcine,Mine,JA781; SK1117; SP1939; SP14463
ICMM01448,Montecristo,Montecristo; Santa Rosa,Chile,CHL,South America,True,-24.96389,-70.39357667,True,Mine,mine,True,False,False,False,False,copper,copper; gold; iron ore,3,critical mineral,True,True,Moderate,2,True,False,,copper,gold,iron ore,Mine,WA1684; WA1685; SP3690
ICMM08597,Norte Abierto,,Chile,CHL,South America,True,-27.7686263,-69.32007251,True,Mine,mine,True,False,False,False,False,gold,gold,1,gold,True,False,Moderate,2,True,False,,gold,,,Mine,JA861
ICMM08611,NuevaUnion,,Chile,CHL,South America,True,-28.51542627,-70.3121915,True,Mine,mine,True,False,False,False,False,copper,copper; gold; molybdenum,3,critical mineral,True,True,Moderate,2,True,False,,copper,gold,molybdenum,Mine,JA877
ICMM13723,Paipote refinery,Paipote refinery; Paipote smelter; Hernan Videla (Paipote) Smelter; Virginia Plant; Paipote Cu Mine,Chile,CHL,South America,True,-27.416115,-70.253515,True,Plant; Refinery; Smelter,smelter / refinery,False,True,True,True,False,copper,copper,1,critical mineral,False,True,High,3,True,False,,copper,,,Smelter; Refinery; Plant,WA1805; SK1288; SK1289; SP11610; SP14718
ICMM01554,Patricia,Patricia; La Escondida; Odiosa; Farola,Chile,CHL,South America,True,-27.578725,-70.37105,True,Mine,mine,True,False,False,False,False,copper,copper; gold,2,critical mineral,True,True,Very Low,0,False,False,,copper,gold,,Mine,WA1840; WA1841; WA1842; WA1843
ICMM01639,Perlitas,,Chile,CHL,South America,True,-29.8308,-71.1501,True,Mine,mine,True,False,False,False,False,copper,copper,1,critical mineral,False,True,Very Low,0,False,False,,copper,,,Mine,WA1939
ICMM08653,Petorca,,Chile,CHL,South America,True,-32.21437077,-70.8694316,True,Mine,mine,True,False,False,False,False,gold,gold; silver,2,gold,True,True,Moderate,2,True,False,,gold,silver,,Mine,JA929
ICMM18877,Potrerillos Refinery,Potrerillos Refinery; Potrerillos Smelter; Potrerillos Cu Mine,Chile,CHL,South America,True,-26.43798,-69.4798,True,Mine; Refinery; Smelter,mine,True,True,True,False,False,copper,copper; gold,2,critical mineral,True,True,High,3,True,False,,copper,gold,,Mine;Smelter;Refinery,SP12210; SP12212; SK1374; SK1375; WA1719
ICMM01667,Punitaqui,Carlos; Cenizas 1 3; Pericote; Punitaqui,Chile,CHL,South America,True,-30.84417146,-71.22436328,True,Mine,mine,True,False,False,False,False,copper,copper; gold; mercury; silver,4,critical mineral,True,True,Moderate,2,True,False,,copper,silver,gold;mercury,Mine,WA1976; WA1977; WA1978; JA1004
ICMM01541,Punta del Cobre,Venus; Resguardo; Ojos Del Salado; San Antonio; Cadena; Candelaria; El Bronce de Atacama; Punta del Cobre; Alcaparrosa; Atacama Kozan; Candelaria Tailings; Carola; Punta del Cobre SX EW; San Jose Plant,Chile,CHL,South America,True,-27.49401519,-70.2708862,True,Mine,mine,True,False,False,False,False,copper,copper; gold; iron ore; silver,4,critical mineral,True,True,High,3,True,False,,copper,gold,iron ore;silver,Mine,WA1813; WA1818; WA1819; WA1820; WA1821; JA184; SK236; SK455; SK1388; SP1016; SP1218; SP1770; SP1983; SP4023; SP4345; SP14487; SP15451; LUN1
ICMM01301,Quebrada Blanca,Quebrada Blanca; Quebrada Blanca SX EW,Chile,CHL,South America,True,-21.00208217,-68.8001639,True,Mine,mine,True,False,False,False,False,copper,copper; molybdenum; rhenium; silver,4,critical mineral,False,True,High,3,True,False,,copper,molybdenum,rhenium;silver,Mine,WA1495; JA1006; SK1412; SP14479; SP1093
ICMM01456,Rosario,,Chile,CHL,South America,True,-25.3975,-70.2045,True,Mine,mine,True,False,False,False,False,copper,copper,1,critical mineral,False,True,Very Low,0,False,False,,copper,,,Mine,WA1698
ICMM12837,SFM Bellavista Mine,SFM Bellavista Mine; Cerro Iman; Bellavista,Chile,CHL,South America,True,-27.25712433,-70.40613067,True,Mine,mine,True,False,False,False,False,iron ore,iron ore,1,"iron, steel & coal",False,False,High,3,True,False,,iron ore,,,Mine,GMI128; SP4534; SP4694
ICMM15667,Salar de Atacama,Salar de Atacama; Nx Uno; Salar De Atacama K2o; Atacama Brine,Chile,CHL,South America,True,-23.548055,-68.392085,True,Mine; Plant,mine,True,False,False,True,False,lithium,lithium; magnesium; potash,3,critical mineral,False,True,High,3,True,False,,lithium,potassium sulfate,potash;magnesium,Mine; Plant,SP5581; SP6230; SK1479; SP8636; WA1654; SP14303
ICMM13792,Salar del Carmen/Salar de Atacama,Salar del Carmen/Salar de Atacama; Salar del Carmen Plant,Chile,CHL,South America,True,-23.63398355,-70.261734,True,Plant,processing plant,False,False,False,True,False,lithium,bismuth; lithium; potash,3,critical mineral,False,True,High,3,True,False,,lithium,potassium oxide,potash;bismuth,Plant,SK1481; SP12280
ICMM13793,Salares Norte,Salares Norte,Chile,CHL,South America,True,-26.01555984,-68.88759578,True,Mine,mine,True,False,False,False,False,gold,gold; silver,2,gold,True,True,High,3,True,False,,gold,silver,,Mine,SK1483; SP8079
ICMM01469,Salvador,El Salvador; El Salvador Mine; Salvador; Salvador SX EW,Chile,CHL,South America,True,-26.249213,-69.569319,True,Mine,mine,True,False,False,False,False,copper,copper; gold; molybdenum; silver,4,critical mineral,True,True,High,3,True,False,,copper,gold,molybdenum;silver,Mine,WA1712; WA1713; SK1486; SP1592; SP14451; JA1059
ICMM01423,San Cristobal,Bolaco; San Cristobal; Explotadora; Toyita,Chile,CHL,South America,True,-23.54855,-69.54505,True,Mine; Plant,mine,True,False,False,True,False,gold,gold; silver,2,gold,True,True,Moderate,2,True,False,,gold,silver,,Mine;Plant,WA1656; WA1657; WA1658; SP8743; WA1655; SP931
ICMM01508,San Jose Nueva,San Jose Nueva; San Jose,Chile,CHL,South America,True,-27.154135,-70.49316,True,Mine,mine,True,False,False,False,False,copper,copper; gold; silver,3,critical mineral,True,True,Moderate,2,True,False,,copper,gold,silver,Mine,WA1767; SP2013
ICMM01687,San Lorenzo Mine,,Chile,CHL,South America,True,-32.1336,-70.9306,True,Mine,mine,True,False,False,False,False,gold,gold; zinc,2,gold,True,True,Very Low,0,False,False,,gold,zinc,,Mine,WA1998
ICMM01640,San Luis,San Luis; Lambert,Chile,CHL,South America,True,-29.841515,-71.09435,True,Mine,mine,True,False,False,False,False,copper,copper,1,critical mineral,False,True,Moderate,2,True,False,,copper,,,Mine,WA1940; SP5916
ICMM01463,San Miguel Uribe Huri,,Chile,CHL,South America,True,-25.7858,-69.9062,True,Mine,mine,True,False,False,False,False,gold,copper; gold,2,gold,True,True,Very Low,0,False,False,,gold,copper,,Mine,WA1706
ICMM01652,Santa Isabel,Santa Isabel; Arenilla Vein,Chile,CHL,South America,True,-30.19415,-71.0887,True,Mine,mine,True,False,False,False,False,copper,copper; gold,2,critical mineral,True,True,Very Low,0,False,False,,copper,gold,,Mine,WA1953; WA1956
ICMM08761,Santo Domingo,Santo Domingo; Santo Domingo Sur Iris project,Chile,CHL,South America,True,-26.46738495,-70.00746153,True,Mine,mine,True,False,False,False,False,copper,copper; gold,2,critical mineral,True,True,High,3,True,False,,copper,gold,,Mine,JA1076; SK1518
ICMM14402,Santo Domingo,Santo Domingo,Chile,CHL,South America,True,-25.07417,-70.36287,True,Mine,mine,True,False,False,False,False,copper,copper; silver,2,critical mineral,False,True,Moderate,2,True,False,,copper,silver,,Mine,SP1727; WA1688
ICMM01542,Santo Tomas,,Chile,CHL,South America,True,-27.455,-70.3356,True,Mine,mine,True,False,False,False,False,copper,copper,1,critical mineral,False,True,Very Low,0,False,False,,copper,,,Mine,WA1814
ICMM01397,Sierra Gorda,Salvadora; Catalina Santiaguina; San Francisco; Sierra Gorda,Chile,CHL,South America,True,-22.851564,-69.341182,True,Mine,mine,True,False,False,False,False,copper,copper; gold; lead; molybdenum; silver,5,critical mineral,True,True,High,3,True,False,,copper,molybdenum,lead;gold;silver,Mine,WA1619; WA1621; WA1624; SK1579; SP1910; JA1124
ICMM01695,Soldado,Soldado; El Soldado; El Soldado SX EW,Chile,CHL,South America,True,-32.64791467,-71.11155667,True,Mine,mine,True,False,False,False,False,copper,copper; silver,2,critical mineral,False,True,High,3,True,False,,copper,silver,,Mine,WA2006; SK466; SP941; WA2005; JA354; SP14450
ICMM08633,Spence,Pampa Norte; Spence; Spence SX EW,Chile,CHL,South America,True,-22.79121535,-69.26753829,True,Mine,mine,True,False,False,False,False,copper,copper; gold; molybdenum; silver,4,critical mineral,True,True,High,3,True,False,,copper,gold,molybdenum;silver,Mine,JA905; SK1603; SP2580; SP14790
ICMM01364,Tocopilla Cu Mine,,Chile,CHL,South America,True,-22.0776,-70.1829,True,Mine,mine,True,False,False,False,False,copper,cobalt; copper,2,critical mineral,False,True,Very Low,0,False,False,,copper,cobalt,,Mine,WA1569
ICMM13867,Tres Valles,Tres Valles,Chile,CHL,South America,True,-31.7,-70.9167,True,Mine,mine,True,False,False,False,False,copper,copper,1,critical mineral,False,True,High,3,True,False,,copper,,,Mine,SK1700; JA1227; SP4594
ICMM01484,Tucumana,Tucumana; Puntilla Matilde; Providencia O San Pablo; Delirio,Chile,CHL,South America,True,-26.73691,-69.82865,True,Mine,mine,True,False,False,False,False,copper,copper; silver,2,critical mineral,False,True,Moderate,2,True,False,,copper,silver,,Mine,WA1728; WA1729; WA1730; SP17293
ICMM01384,Tuina,"Tuina; San Jose, Tuina Cu Mine; Porvenir Tuina; Santa Lucia; Trebol",Chile,CHL,South America,True,-22.53828,-68.42428,True,Mine,mine,True,False,False,False,False,copper,copper; silver,2,critical mineral,False,True,Moderate,2,True,False,,copper,silver,,Mine,WA1595; WA1596; SP12434; SP12579; SP12604
ICMM13880,Valle Central (El Teniente Tailings),Valle Central (El Teniente Tailings); Minera Valle Central,Chile,CHL,South America,True,-34.242225,-70.6795115,True,Mine,mine,True,False,False,False,False,copper,copper; molybdenum,2,critical mineral,False,True,High,3,True,False,,copper,molybdenum,,Mine,SK1740; SP3644
ICMM01602,Vallenar Cu Mine,,Chile,CHL,South America,True,-28.5641,-70.7829,True,Mine,mine,True,False,False,False,False,copper,copper,1,critical mineral,False,True,Very Low,0,False,False,,copper,,,Mine,WA1898
ICMM08914,Ventanas smelter,Ventanas; Ventanas smelter; Las Ventanas Smelter; Ventanas Refinery; Las Ventanas Refinery; Ventanas refinery,Chile,CHL,South America,True,-32.76268047,-71.48180608,True,Refinery; Smelter,smelter / refinery,False,True,True,False,False,copper,copper; gold; silver,3,critical mineral,True,True,High,3,True,False,,copper,gold,silver,Smelter; Refinery,JA1263; SK1751; SP10886; SP11102; SP17021; SK1750
ICMM01589,Veta Del Agua,Veta Del Agua; Armonia Santa Rosa; Carrizal Alto,Chile,CHL,South America,True,-28.08518333,-70.90094,True,Mine,mine,True,False,False,False,False,copper,cobalt; copper; gold,3,critical mineral,True,True,Moderate,2,True,False,,copper,cobalt,gold,Mine,WA1884; WA1885; SP8872
ICMM08962,Zaldivar,Zaldivar; Escondida,Chile,CHL,South America,True,-24.21673763,-69.06281226,True,Mine,mine,True,False,False,False,False,copper,copper; gold; silver,3,critical mineral,True,True,High,3,True,False,,copper,gold,silver,Mine,JA1324; SK1882; SP814; SP1287; WA1665
ICMM12973,Acerias Paz del Rio El Uvo Mine,,Colombia,COL,South America,True,6.017545,-72.655117,True,Mine,mine,True,False,False,False,False,iron ore,iron ore,1,"iron, steel & coal",False,False,Moderate,2,True,False,,iron ore,,,Mine,GMI295
ICMM12947,Acerias Paz del Rio Las Mercedes Mine,,Colombia,COL,South America,True,4.763838,-73.478375,True,Mine,mine,True,False,False,False,False,iron ore,iron ore,1,"iron, steel & coal",False,False,Moderate,2,True,False,,iron ore,,,Mine,GMI268
ICMM11207,Bijao La Guacamaya coal Mine,,Colombia,COL,South America,True,7.882676,-75.699816,True,Mine,mine,True,False,False,False,False,coal,coal,1,"iron, steel & coal",False,False,Moderate,2,True,False,,coal,,,Mine,GMC3119
ICMM13351,Buritica,Buritica,Colombia,COL,South America,True,6.7005364,-75.8950365,True,Mine,mine,True,False,False,False,False,gold,gold; lead; silver; zinc,4,gold,True,True,High,3,True,False,,gold,silver,lead;zinc,Mine,SK220; SP5221
ICMM09270,Cerrejon,Cerrejón coal Mine; La Caypa,Colombia,COL,South America,True,11.033429,-72.666128,True,Mine,mine,True,False,False,False,False,coal,coal,1,"iron, steel & coal",False,False,High,3,True,False,,coal,coal,,Mine,GMC375; SP6580; JA212; SP5812
ICMM08081,Cerro Matoso,Cerro Matoso; Cerro Matoso Smelter; Montelibano Refinery,Colombia,COL,South America,True,7.921406387,-75.55032887,True,Mine; Refinery; Smelter,mine,True,True,True,False,False,nickel,nickel,1,critical mineral,False,True,High,3,True,False,,ferronickel,nickel,,Mine;Smelter;Refinery,JA215; SP11321; SP12283; SP15784; WA16; WA17
ICMM08158,Drummond Cesar,Drummond Cesar; El Descanso coal Mine,Colombia,COL,South America,True,9.705296432,-73.52294591,True,Mine,mine,True,False,False,False,False,coal,coal,1,"iron, steel & coal",False,False,High,3,True,False,,coal,,,Mine,JA319; GMC376
ICMM00027,El Bagre,,Colombia,COL,South America,True,7.6087,-74.8547,True,Mine,mine,True,False,False,False,False,gold,gold; silver,2,gold,True,True,Very Low,0,False,False,,gold,silver,,Mine,WA28
ICMM11148,El Corozo coal Mine,,Colombia,COL,South America,True,9.496821,-73.49205,True,Mine,mine,True,False,False,False,False,coal,coal,1,"iron, steel & coal",False,False,Moderate,2,True,False,,coal,,,Mine,GMC3040
ICMM08185,El Hatillo,El Hatillo; El Hatillo coal Mine,Colombia,COL,South America,True,9.631862569,-73.55885154,True,Mine,mine,True,False,False,False,False,coal,coal,1,"iron, steel & coal",False,False,High,3,True,False,,coal,,,Mine,JA349; GMC3120; SP5983
ICMM14121,El Limon,El Limon,Colombia,COL,South America,True,7.53906,-74.80675,True,Mine,mine,True,False,False,False,False,gold,gold; silver,2,gold,True,True,Moderate,2,True,False,,gold,silver,,Mine,SP830; WA38
ICMM00065,El Silencio Mine,,Colombia,COL,South America,True,7.10123,-74.683,True,Mine,mine,True,False,False,False,False,gold,gold; zinc,2,gold,True,True,Very Low,0,False,False,,gold,zinc,,Mine,WA78
ICMM00165,El Zancudo Mines,,Colombia,COL,South America,True,6.08461,-75.7664,True,Mine,mine,True,False,False,False,False,gold,gold,1,gold,True,False,Very Low,0,False,False,,gold,,,Mine,WA179
ICMM11208,La Francia coal Mine,La Francia coal Mine; La Francia,Colombia,COL,South America,True,9.652258,-73.534805,True,Mine,mine,True,False,False,False,False,coal,coal,1,"iron, steel & coal",False,False,High,3,True,False,,coal,,,Mine,GMC3121; SP5267
ICMM12214,La Jagua coal Mines,,Colombia,COL,South America,True,9.57381151,-73.30075889,True,Mine,mine,True,False,False,False,False,coal,coal,1,"iron, steel & coal",False,False,Moderate,2,True,False,,coal,,,Mine,GMCC304
ICMM00182,Marmato Mines,Marmato Mines; Cerro Del Burro; Marmato Echandia Mines; Marmato; Zona Baja,Colombia,COL,South America,True,5.47427685,-75.60808593,True,Mine,mine,True,False,False,False,False,gold,gold; silver; zinc,3,gold,True,True,High,3,True,False,,gold,silver,zinc,Mine,WA197; WA198; WA199; SK1057; SP2356; SP9761
ICMM13661,Mineros,,Colombia,COL,South America,True,7.8676557,-74.8390888,True,Mine,mine,True,False,False,False,False,gold,gold,1,gold,True,False,High,3,True,False,,gold,,,Mine,SK1113
ICMM00026,Pato,Pato; Pato Consolidated Dredging Co.,Colombia,COL,South America,True,7.60535,-74.8011,True,Mine,mine,True,False,False,False,False,gold,gold; silver,2,gold,True,True,Very Low,0,False,False,,gold,silver,,Mine,WA27; WA29
ICMM09271,Pribbenow coal Mine,Pribbenow coal Mine; La Loma,Colombia,COL,South America,True,9.5729285,-73.486207,True,Mine,mine,True,False,False,False,False,coal,coal,1,"iron, steel & coal",False,False,High,3,True,False,,coal,,,Mine,GMC377; SP6359
ICMM09272,Prodeco coal Mine,Prodeco coal Mine; Calenturitas coal Mine,Colombia,COL,South America,True,9.647043005,-73.478276,True,Mine,mine,True,False,False,False,False,coal,coal,1,"iron, steel & coal",False,False,High,3,True,False,,coal,coal,,Mine,GMC378; GMCC303
ICMM10053,San Juaquin coal Mine,San Juaquin coal Mine; San Fernando,Colombia,COL,South America,True,6.039247,-75.690915,True,Mine,mine,True,False,False,False,False,coal,coal,1,"iron, steel & coal",False,False,High,3,True,False,,coal,,,Mine,GMC1446; SP7749
ICMM11209,San Luis coal Mine,,Colombia,COL,South America,True,6.69674,-73.516186,True,Mine,mine,True,False,False,False,False,coal,coal,1,"iron, steel & coal",False,False,Moderate,2,True,False,,coal,coal,,Mine,GMC3122
ICMM15989,Santa Rosa,Santa Rosa; Santa Rosa De Osos Deposit,Colombia,COL,South America,True,6.61379,-75.36962,True,Mine,mine,True,False,False,False,False,gold,gold; silver,2,gold,True,True,Moderate,2,True,False,,gold,silver,,Mine,SP6648; WA129
ICMM13816,Segovia,Segovia; Catalina,Colombia,COL,South America,True,7.0844573,-74.7116215,True,Mine,mine,True,False,False,False,False,gold,gold; lead; silver; zinc,4,gold,True,True,High,3,True,False,,gold,silver,zinc;lead,Mine,SK1535; WA71; SP955; SP12343
ICMM01924,Castellanos,Castellanos; Santa Lucia,Cuba,CUB,Caribbean,True,22.64179818,-83.9754232,True,Mine,mine,True,False,False,False,False,zinc,copper; gold; lead; zinc,4,critical mineral,True,True,High,3,True,False,,zinc,lead,copper;gold,Mine,WA2293; WA2294; SK258; SP1723; SP1724
ICMM01881,Grande I Mine,Grande I Mine; El Cobre,Cuba,CUB,Caribbean,True,20.051425,-75.95401,True,Mine,mine,True,False,False,False,False,copper,copper,1,critical mineral,False,True,Moderate,2,True,False,,copper,,,Mine,WA2244; SP2043
ICMM01890,Las Camariocas,,Cuba,CUB,Caribbean,True,20.5839,-74.7997,True,Mine,mine,True,False,False,False,False,cobalt,cobalt,1,critical mineral,False,True,Very Low,0,False,False,,cobalt,,,Mine,WA2254
ICMM14463,Moa Bay,Moa Bay; Moa Project; Moa Bay District; Moa Bay Mine and HPAL; Ernesto Guevara HPAL Refinery; Pedro Sotto Alba Plant,Cuba,CUB,Caribbean,True,20.60979,-74.93079,True,Mine; Plant,mine,True,False,False,True,False,nickel,cobalt; iron ore; nickel,3,critical mineral,False,True,High,3,True,False,,nickel,cobalt,iron ore,Mine; Plant,SK1126; SP11198; SP15785; SP1895; WA2251; JA785; WA2256
ICMM01894,Nicaro,Nicaro; Nicaro Smelter,Cuba,CUB,Caribbean,True,20.69518,-75.54769667,True,Mine; Smelter,mine,True,True,False,False,False,nickel,cobalt; nickel,2,critical mineral,False,True,Moderate,2,True,False,,nickel,cobalt,,Mine;Smelter,WA2258; SP1894; SP11084
ICMM01902,Nuevo Potosi,Nuevo Potosi; Agrupada,Cuba,CUB,Caribbean,True,20.96025,-76.26985,True,Mine,mine,True,False,False,False,False,gold,gold,1,gold,True,False,Very Low,0,False,False,,gold,,,Mine,WA2266; WA2267
ICMM13760,Punta Gorda,Punta Gorda,Cuba,CUB,Caribbean,True,20.6334224,-74.87240845,True,Mine,mine,True,False,False,False,False,nickel,cobalt; nickel,2,critical mineral,False,True,High,3,True,False,,nickel,cobalt,,Mine,SK1389; SP1594
ICMM08211,Falcondo,Falcondo; Falcondo Smelter,Dominican Republic,DOM,Caribbean,True,18.92885543,-70.35568137,True,Mine; Smelter,mine,True,True,False,False,False,nickel,cobalt; nickel,2,critical mineral,False,True,High,3,True,False,,ferronickel,nickel,cobalt,Mine;Smelter,JA382; SP11195; SP16932; SP891
ICMM01869,Falcondo Ferronickel Plant,,Dominican Republic,DOM,Caribbean,True,18.9173,-70.4163,True,Plant,processing plant,False,False,False,True,False,nickel,nickel,1,critical mineral,False,True,Very Low,0,False,False,,nickel,,,Plant,WA2231
ICMM01870,Pueblo Viejo/Montenegro,Pueblo Viejo/Montenegro; Pueblo Viejo; Las Lagunas Tailings; Pueblo Viejo Mine,Dominican Republic,DOM,Caribbean,True,18.93663721,-70.1780262,True,Mine,mine,True,False,False,False,False,gold,copper; gold; silver; zinc,4,gold,True,True,High,3,True,False,,gold,silver,copper;zinc,Mine,WA2232; JA1002; SK1383; SP966; SP4150; WA2234
ICMM01874,Santo Domingo,Santo Domingo; Yaque River,Dominican Republic,DOM,Caribbean,True,19.35185,-70.71885,True,Mine,mine,True,False,False,False,False,gold,PGM; copper; gold,3,gold,True,True,Very Low,0,False,False,,gold,copper,platinum,Mine,WA2236; WA2239
ICMM00324,Bertha,,Ecuador,ECU,South America,True,-3.37324,-78.5831,True,Mine,mine,True,False,False,False,False,barium,barium,1,other,False,False,Very Low,0,False,False,,barium,,,Mine,WA345
ICMM00334,Campanilla,Campanilla; Nambija District,Ecuador,ECU,South America,True,-4.04752,-78.79144333,True,Mine,mine,True,False,False,False,False,copper,copper; gold,2,critical mineral,True,True,Moderate,2,True,False,,copper,gold,,Mine,WA355; WA357; SP1336
ICMM13459,Fruta del Norte,Fruta del Norte,Ecuador,ECU,South America,True,-3.762791,-78.500692,True,Mine,mine,True,False,False,False,False,gold,gold; silver,2,gold,True,True,High,3,True,False,,gold,silver,,Mine,SK521; SP3652; JA407
ICMM13665,Mirador,Mirador,Ecuador,ECU,South America,True,-3.579135,-78.43336,True,Mine,mine,True,False,False,False,False,copper,copper; gold; silver,3,critical mineral,True,True,High,3,True,False,,copper,gold,silver,Mine,SK1124; SP3134
ICMM00317,Pinglio 1,Pinglio 1; Pinglio Pinglio Uno,Ecuador,ECU,South America,True,-3.00773,-79.63055,True,Mine,mine,True,False,False,False,False,gold,gold,1,gold,True,False,Moderate,2,True,False,,gold,,,Mine,WA338; SP8764
ICMM00330,Portovelo,Portovelo; Zaruma; Minanca; American Mine; Miranda Alto; Vizcaya,Ecuador,ECU,South America,True,-3.701568333,-79.61761833,True,Mine,mine,True,False,False,False,False,gold,copper; gold; lead; silver; zinc,5,gold,True,True,Moderate,2,True,False,,gold,silver,lead;copper;zinc,Mine,WA351; SP3884; SP4052; SP4322; SP5518; SP6705
ICMM00211,Chantiers Pepita Victoire Babinsky Joyeuse,,French Guiana,GUF,South America,False,4.83105,-53.29,True,Mine,mine,True,False,False,False,False,gold,gold,1,gold,True,False,Very Low,0,False,False,,gold,,,Mine,WA229
ICMM00214,Crique Animal,,French Guiana,GUF,South America,False,4.73161,-53.7795,True,Mine,mine,True,False,False,False,False,gold,gold,1,gold,True,False,Very Low,0,False,False,,gold,,,Mine,WA232
ICMM00241,Felix,Felix; Saint Leon,French Guiana,GUF,South America,False,3.88096,-53.37075,True,Mine,mine,True,False,False,False,False,gold,gold,1,gold,True,False,Very Low,0,False,False,,gold,,,Mine,WA259; WA260
ICMM08202,Escobal,Escobal,Guatemala,GTM,Mexico & Central America,True,14.45848159,-90.16420531,True,Mine,mine,True,False,False,False,False,gold,gold; lead; silver; zinc,4,gold,True,True,High,3,True,False,,gold,lead,silver;zinc,Mine,JA371; SP5672
ICMM14397,Fenix,"Fenix; Exmibal Smelter; Fenix Smelter,Fazenda Brasileiro",Guatemala,GTM,Mexico & Central America,True,15.5196,-89.38648,True,Mine; Smelter,mine,True,True,False,False,False,nickel,cobalt; gold; nickel; silver,4,critical mineral,True,True,Moderate,2,True,False,,ferronickel,nickel,cobalt;gold;silver,Mine;Smelter,SP1707; SP11199; SP15786; WA732; SP512
ICMM08498,Marlin,Marlin,Guatemala,GTM,Mexico & Central America,True,15.23329777,-91.69270655,True,Mine,mine,True,False,False,False,False,gold,gold; silver,2,gold,True,True,High,3,True,False,,gold,silver,,Mine,JA737; SP3187
ICMM13664,Minosa,,Guatemala,GTM,Mexico & Central America,True,15.26667,-89.56667,True,Mine,mine,True,False,False,False,False,gold,gold,1,gold,True,False,High,3,True,False,,gold,,,Mine,SK1120
ICMM13312,Aurora,Aurora,Guyana,GUY,South America,True,6.7882458,-59.7499552,True,Mine,mine,True,False,False,False,False,gold,gold,1,gold,True,False,High,3,True,False,,gold,,,Mine,SK86; SP1557
ICMM07985,Bauxite Company of Guyana,,Guyana,GUY,South America,True,5.985258442,-58.27363353,True,Mine,mine,True,False,False,False,False,bauxite / aluminium,bauxite / aluminium,1,other,False,False,Moderate,2,True,False,,bauxite,,,Mine,JA98
ICMM00175,Hicks Vein,,Guyana,GUY,South America,True,5.60185,-59.0418,True,Mine,mine,True,False,False,False,False,gold,gold,1,gold,True,False,Very Low,0,False,False,,gold,,,Mine,WA189
ICMM00183,Omai Property,Omai Property; Omai Gold Mines Ltd.; Karouni; Omai,Guyana,GUY,South America,True,5.446248369,-58.75444986,True,Mine,mine,True,False,False,False,False,gold,gold,1,gold,True,False,High,3,True,False,,gold,,,Mine,WA200; WA202; JA584; SP675
ICMM01821,El Corpus Deposits,El Corpus Deposits; Clavo Rico,Honduras,HND,Mexico & Central America,True,13.284925,-87.02441,True,Mine,mine,True,False,False,False,False,gold,gold; silver,2,gold,True,True,Moderate,2,True,False,,gold,silver,,Mine,WA2181; SP1663
ICMM01843,El Mochito,El Mochito; El Mochito Mine,Honduras,HND,Mexico & Central America,True,14.86019825,-88.078281,True,Mine,mine,True,False,False,False,False,zinc,copper; gold; iron ore; lead; silver; zinc,6,critical mineral,True,True,High,3,True,False,,zinc,lead,silver;copper;gold;iron ore,Mine,WA2203; WA2205; SK461; SP819
ICMM01841,San Andres Mine,San Andres Mine; San Andres,Honduras,HND,Mexico & Central America,True,14.76324597,-88.94174459,True,Mine,mine,True,False,False,False,False,gold,gold; silver,2,gold,True,True,High,3,True,False,,gold,silver,,Mine,WA2201; JA1062; SP1619
ICMM08757,San Martin,San Martin,Honduras,HND,Mexico & Central America,True,14.69636177,-87.09268936,True,Mine,mine,True,False,False,False,False,gold,gold,1,gold,True,False,High,3,True,False,,gold,,,Mine,JA1072; SP2498
ICMM07918,Alpart,Alpart; Alpart Refinery; Nain Refinery,Jamaica,JAM,Caribbean,False,17.96772183,-77.60862266,True,Mine; Refinery,mine,True,False,True,False,False,bauxite / aluminium,bauxite / aluminium,1,other,False,False,High,3,True,False,,alumina,bauxite,,Mine; Refinery,JA24; SP10916; SP11893; SP11239
ICMM08352,Jamalco,,Jamaica,JAM,Caribbean,False,17.93606323,-77.41374092,True,Mine; Refinery,mine,True,False,True,False,False,bauxite / aluminium,bauxite / aluminium,1,other,False,False,Moderate,2,True,False,,alumina,bauxite,,Mine;Refinery,JA553
ICMM08943,Windalco,Windalco; Ewarton; Windalco Ewarton Refinery,Jamaica,JAM,Caribbean,False,18.17231741,-77.06198874,True,Mine; Refinery,mine,True,False,True,False,False,bauxite / aluminium,bauxite / aluminium,1,other,False,False,High,3,True,False,,alumina,bauxite,,Mine;Refinery,JA1301; SK491; SP11116
ICMM07904,AHMSA Monclova Steel Plant,,Mexico,MEX,Mexico & Central America,True,26.87683329,-101.4142327,True,Steel Plant,steel plant,False,False,False,False,True,steel,chromium; steel; tin,3,"iron, steel & coal",False,True,Moderate,2,True,False,,steel,chromium,tin,Steel Plant,JA9
ICMM07912,Alamo Dorado,Alamo Dorado,Mexico,MEX,Mexico & Central America,True,26.75124777,-108.664364,True,Mine,mine,True,False,False,False,False,copper,copper; gold; silver,3,critical mineral,True,True,High,3,True,False,,copper,gold,silver,Mine,JA17; SP2679
ICMM02098,Amelia,Amelia; Santa Gertrudis,Mexico,MEX,Mexico & Central America,True,30.62333333,-110.5643333,True,Mine,mine,True,False,False,False,False,gold,gold,1,gold,True,False,Very Low,0,False,False,,gold,,,Mine,WA2508; WA2509; WA2511
ICMM01959,Aranzazu,Concepcion Del Oro District; Aranzazu,Mexico,MEX,Mexico & Central America,True,24.6136618,-101.4246727,True,Mine,mine,True,False,False,False,False,copper,copper; gold; silver,3,critical mineral,True,True,High,3,True,False,,copper,gold,silver,Mine,WA2332; SK71; SP2817
ICMM13313,Avino,Avino,Mexico,MEX,Mexico & Central America,True,24.52888345,-104.3090577,True,Mine,mine,True,False,False,False,False,silver,copper; gold; lead; silver; zinc,5,critical mineral,True,True,High,3,True,False,,silver,copper,lead;gold;zinc,Mine,SK90; SP713
ICMM02108,Bismark,Bismark,Mexico,MEX,Mexico & Central America,True,31.234045,-107.5876325,True,Mine,mine,True,False,False,False,False,copper,antimony; copper; gold; lead; silver; zinc,6,critical mineral,True,True,High,3,True,False,,copper,lead,zinc;antimony;silver;gold,Mine,WA2524; WA2525; SK161; SP466
ICMM01907,Bolanitos,Bolanitos; Guanajuato District; Bolañitos; San Ignacio,Mexico,MEX,Mexico & Central America,True,21.05287924,-101.3292587,True,Mine,mine,True,False,False,False,False,gold,gold; lead; silver; zinc,4,gold,True,True,High,3,True,False,,gold,silver,lead;zinc,Mine,WA2276; SK185; SP4067; SP4657; SP17528
ICMM01914,Bolanos Mine,,Mexico,MEX,Mexico & Central America,True,21.6838,-103.784,True,Mine,mine,True,False,False,False,False,silver,silver,1,critical mineral,False,True,Very Low,0,False,False,,silver,,,Mine,WA2283
ICMM13341,Boleo,Boleo,Mexico,MEX,Mexico & Central America,True,27.36861,-112.297423,True,Mine,mine,True,False,False,False,False,copper,cobalt; copper; manganese; zinc,4,critical mineral,False,True,High,3,True,False,,copper,cobalt,manganese;zinc,Mine,SK186; SP2697
ICMM08027,Bolivar,Bolivar,Mexico,MEX,Mexico & Central America,True,27.09380293,-107.9893172,True,Mine,mine,True,False,False,False,False,copper,copper; gold; iron ore; lead; silver; zinc,6,critical mineral,True,True,High,3,True,False,,copper,gold,iron ore;lead;silver;zinc,Mine,JA144; SK189; SP3892
ICMM02104,Buenavista,Cananea; Esperanza; Buenavista; Buenavista del Cobre Smelter; Buenavista SX EW,Mexico,MEX,Mexico & Central America,True,30.96540194,-110.319047,True,Mine,mine,True,False,False,False,False,copper,copper; gold; molybdenum; silver; zinc,5,critical mineral,True,True,High,3,True,False,,copper,molybdenum,gold;silver;zinc,Mine,WA2517; WA2518; WA2521; JA165; SK214; SP912; SP3075; SP12215; SP14445
ICMM08076,CEMESA,CEMESA; AHMSA Cerro de Mercado Mine; Cerro de Mercado; IDS Smelter,Mexico,MEX,Mexico & Central America,True,24.05108334,-104.6718492,True,Mine; Smelter,mine,True,True,False,False,False,iron ore,gold; iron ore,2,"iron, steel & coal",True,False,High,3,True,False,,iron ore,gold,,Mine;Smelter,JA206; GMI397; SP3351; SP14759
ICMM13359,Camino Rojo,Camino Rojo,Mexico,MEX,Mexico & Central America,True,24.17082955,-101.51272,True,Mine,mine,True,False,False,False,False,gold,copper; gold; lead; silver; zinc,5,gold,True,True,High,3,True,False,,gold,silver,lead;copper;zinc,Mine,SK233; SP4875
ICMM13360,Campo Morado,Campo Morado,Mexico,MEX,Mexico & Central America,True,18.2009357,-100.156935,True,Mine,mine,True,False,False,False,False,zinc,copper; gold; iron ore; lead; silver; zinc,6,critical mineral,True,True,High,3,True,False,,zinc,copper,gold;silver;lead;iron ore,Mine,SK234; SP2312
ICMM13361,Capela,Capela,Mexico,MEX,Mexico & Central America,True,18.30719115,-99.93130715,True,Mine,mine,True,False,False,False,False,zinc,copper; gold; lead; silver; zinc,5,critical mineral,True,True,High,3,True,False,,zinc,lead,silver;copper;gold,Mine,SK238; SP1497
ICMM02088,Cerro Colorado,Cerro Colorado,Mexico,MEX,Mexico & Central America,True,30.229945,-111.828,True,Mine,mine,True,False,False,False,False,gold,gold; silver,2,gold,True,True,Moderate,2,True,False,,gold,silver,,Mine,WA2497; SP2266
ICMM13373,Cerro Los Gatos,,Mexico,MEX,Mexico & Central America,True,27.5219394,-106.2811989,True,Mine,mine,True,False,False,False,False,zinc,zinc,1,critical mineral,False,True,High,3,True,False,,zinc,,,Mine,SK275
ICMM13374,Cerro San Pedro,Cerro San Pedro,Mexico,MEX,Mexico & Central America,True,22.2202625,-100.803575,True,Mine,mine,True,False,False,False,False,gold,gold; lead; silver; zinc,4,gold,True,True,High,3,True,False,,gold,silver,lead;zinc,Mine,SK278; SP1064
ICMM08097,Cienega,Cienega,Mexico,MEX,Mexico & Central America,True,25.04701991,-106.342237,True,Mine,mine,True,False,False,False,False,gold,gold; lead; silver; zinc,4,gold,True,True,High,3,True,False,,gold,silver,lead;zinc,Mine,JA236; SK343; SP463
ICMM13402,Cosala,Cosala,Mexico,MEX,Mexico & Central America,True,24.49040565,-106.6408646,True,Mine,mine,True,False,False,False,False,silver,copper; gold; lead; silver; zinc,5,critical mineral,True,True,High,3,True,False,,silver,zinc,lead;copper;gold,Mine,SK366; SP2689
ICMM08125,Cozamin,Cozamin; Veta Grande; El Arca; Barones; La Plata Plant,Mexico,MEX,Mexico & Central America,True,22.81353865,-102.5705489,True,Mine,mine,True,False,False,False,False,copper,copper; gold; lead; silver; zinc,5,critical mineral,True,True,High,3,True,False,,copper,silver,lead;gold;zinc,Mine,JA277; SK370; SK1753; SP3155; SP3715; SP3916; SP5396; SP14554
ICMM01884,Cuale,Cuale; Cuale District,Mexico,MEX,Mexico & Central America,True,20.37425,-105.113,True,Mine,mine,True,False,False,False,False,copper,copper; gold; lead,3,critical mineral,True,True,Very Low,0,False,False,,copper,gold,lead,Mine,WA2247; WA2248
ICMM08130,Cusi,Cusi,Mexico,MEX,Mexico & Central America,True,28.24517519,-106.8411238,True,Mine,mine,True,False,False,False,False,copper,copper; gold; lead; silver; zinc,5,critical mineral,True,True,High,3,True,False,,copper,gold,lead;silver;zinc,Mine,JA287; SP2058
ICMM08153,Dolores,Dolores,Mexico,MEX,Mexico & Central America,True,28.99621118,-108.5343256,True,Mine,mine,True,False,False,False,False,gold,gold; silver,2,gold,True,True,High,3,True,False,,gold,silver,,Mine,JA313; SK418; SP2012
ICMM08184,El Arco,,Mexico,MEX,Mexico & Central America,True,28.02917863,-113.3994241,True,Mine,mine,True,False,False,False,False,copper,copper,1,critical mineral,False,True,Moderate,2,True,False,,copper,,,Mine,JA348
ICMM13430,El Castillo,El Castillo,Mexico,MEX,Mexico & Central America,True,24.875074,-104.529646,True,Mine,mine,True,False,False,False,False,gold,gold; silver,2,gold,True,True,High,3,True,False,,gold,silver,,Mine,SK456; SP2813
ICMM13431,El Chanate,El Chanate,Mexico,MEX,Mexico & Central America,True,30.7919273,-111.9264481,True,Mine,mine,True,False,False,False,False,gold,gold; silver,2,gold,True,True,High,3,True,False,,gold,silver,,Mine,SK457; SP2649
ICMM13432,El Compas,El Compas,Mexico,MEX,Mexico & Central America,True,22.72717265,-102.5954358,True,Mine,mine,True,False,False,False,False,gold,gold; silver,2,gold,True,True,High,3,True,False,,gold,silver,,Mine,SK458; SP4745
ICMM01903,El Cubo,Las Torres; El Cubo; Cedros; Guanajuato District; Las Torres Grupo Guanajuato; La Luz; Cebada; Guanajuato,Mexico,MEX,Mexico & Central America,True,20.99122617,-101.2198733,True,Mine,mine,True,False,False,False,False,silver,copper; gold; lead; silver,4,critical mineral,True,True,High,3,True,False,,silver,gold,lead;copper,Mine,WA2268; SK459; SP9616; WA2269; WA2270; WA2272; WA2273; WA2275; SK593
ICMM13433,El Gallo 1,El Gallo 1; El Gallo Complex,Mexico,MEX,Mexico & Central America,True,25.630855,-107.83914,True,Mine,mine,True,False,False,False,False,gold,gold; silver,2,gold,True,True,High,3,True,False,,gold,silver,,Mine,SK460; SP5187
ICMM01921,El Perro Mine,,Mexico,MEX,Mexico & Central America,True,22.5005,-100.5,True,Mine,mine,True,False,False,False,False,tin,tin,1,other,False,False,Very Low,0,False,False,,tin,,,Mine,WA2290
ICMM08188,El Sauzal,El Sauzal,Mexico,MEX,Mexico & Central America,True,26.99877795,-107.8866668,True,Mine,mine,True,False,False,False,False,copper,copper; gold; silver,3,critical mineral,True,True,High,3,True,False,,copper,gold,silver,Mine,JA352; SP2357
ICMM08192,El Volcan,El Volcan,Mexico,MEX,Mexico & Central America,True,27.73966712,-109.3060632,True,Mine,mine,True,False,False,False,False,iron ore,iron ore,1,"iron, steel & coal",False,False,High,3,True,False,,iron ore,,,Mine,JA356; SP5783
ICMM13457,Francisco I. Madero,Francisco I. Madero; Francisco I Madero,Mexico,MEX,Mexico & Central America,True,22.81902985,-102.7335212,True,Mine,mine,True,False,False,False,False,zinc,copper; gold; lead; silver; zinc,5,critical mineral,True,True,High,3,True,False,,zinc,silver,lead;copper;gold,Mine,SK514; SP2496
ICMM01932,Fresnillo,Fresnillo; Pyrites Plant Concentrator; Fresnillo Mine,Mexico,MEX,Mexico & Central America,True,23.16532419,-102.8767678,True,Mine,mine,True,False,False,False,False,silver,arsenic; copper; gold; lead; silver; zinc,6,critical mineral,True,True,High,3,True,False,,silver,gold,lead;zinc;copper;arsenic,Mine,WA2303; JA404; SK516; SP851; SP14415; WA2302
ICMM13489,Guanacevi,Guanacevi,Mexico,MEX,Mexico & Central America,True,25.91147345,-105.9864643,True,Mine,mine,True,False,False,False,False,silver,gold; lead; silver; zinc,4,critical mineral,True,True,High,3,True,False,,silver,gold,lead;zinc,Mine,SK591; SP3726
ICMM08305,Hercules,Hercules; AHMSA Aceros (Hercules Complex) Mine; AHMSA Tiber Elektra (Hercules Complex) Mine; AHMSA Prometeo (Hercules Complex) Mine; AHMSA Sama (Hercules Complex) Mine; AHMSA Teseo (Hercules Complex) Mine,Mexico,MEX,Mexico & Central America,True,28.03761493,-103.7662332,True,Mine,mine,True,False,False,False,False,iron ore,iron ore,1,"iron, steel & coal",False,False,High,3,True,False,,iron ore,,,Mine,JA499; GMI464; GMI465; GMI468; GMI469; GMI480; SP3350
ICMM08306,Herradura,Herradura; Mega Centauro; La Herradura,Mexico,MEX,Mexico & Central America,True,31.14410511,-112.8653062,True,Mine,mine,True,False,False,False,False,gold,gold; silver,2,gold,True,True,High,3,True,False,,gold,silver,,Mine,JA500; JA747; SK935; SP1819
ICMM08325,IMMSA Charcas,IMMSA Charcas; Charcas; Charcas Mine,Mexico,MEX,Mexico & Central America,True,23.13467763,-101.1512942,True,Mine,mine,True,False,False,False,False,copper,copper; lead; zinc,3,critical mineral,False,True,Moderate,2,True,False,,copper,lead,zinc,Mine,JA524; WA2300; WA2301
ICMM08326,IMMSA San Martin,IMMSA San Martin; IMMSA; Sabinas,Mexico,MEX,Mexico & Central America,True,23.65799768,-103.7491545,True,Mine,mine,True,False,False,False,False,zinc,copper; lead; silver; zinc,4,critical mineral,False,True,High,3,True,False,,zinc,lead,copper;silver,Mine,JA525; SK730; SK1472; SP2927
ICMM08327,IMMSA Santa Barbara,IMMSA Santa Barbara; IMMSA; Santa Barbara,Mexico,MEX,Mexico & Central America,True,26.82140107,-105.8066159,True,Mine; Plant,mine,True,False,False,True,False,copper,copper; gold; lead; silver; tin; vanadium; zinc,7,critical mineral,True,True,High,3,True,False,,copper,gold,lead;silver;tin;vanadium;zinc,Mine;Plant,JA526; SP2324; WA2358
ICMM08328,IMMSA Taxco,,Mexico,MEX,Mexico & Central America,True,19.16798068,-99.58917256,True,Mine,mine,True,False,False,False,False,lead,lead; zinc,2,critical mineral,False,True,Moderate,2,True,False,,lead,zinc,,Mine,JA528
ICMM01868,Inguaran,,Mexico,MEX,Mexico & Central America,True,18.8815,-101.641,True,Mine,mine,True,False,False,False,False,barium,barium,1,other,False,False,Very Low,0,False,False,,barium,,,Mine,WA2230
ICMM13568,Juanicipio,Juanicipio,Mexico,MEX,Mexico & Central America,True,23.13057265,-102.9523436,True,Mine,mine,True,False,False,False,False,silver,copper; gold; lead; silver; zinc,5,critical mineral,True,True,High,3,True,False,,silver,gold,lead;zinc;copper,Mine,SK803; SP3090
ICMM08439,La Caridad,La Caridad; La Caridad refinery; La Caridad smelter; La Caridad Refinery; La Caridad Smelter,Mexico,MEX,Mexico & Central America,True,30.49148563,-109.6344847,True,Mine; Refinery; Smelter,mine,True,True,True,False,False,copper,copper; gold; molybdenum; silver,4,critical mineral,True,True,High,3,True,True,ICMM14273,copper,molybdenum,gold;silver,Mine;Smelter;Refinery,JA661; SK927; SK928; SP10881; SP11100; WA2506
ICMM14273,La Caridad,La Caridad; La Caridad SX EW,Mexico,MEX,Mexico & Central America,True,30.31865,-109.55788,True,Mine; Refinery; Smelter,mine,True,True,True,False,False,copper,copper; gold; lead; molybdenum; rhenium; selenium; silver; zinc,8,critical mineral,True,True,High,3,True,True,ICMM08439,copper,molybdenum,lead;gold;rhenium;selenium;silver;zinc,Mine;Smelter;Refinery,SP1260; WA2499; SK926; WA2502; WA2503; SP14455
ICMM01934,La Colorada,La Colorada; La Colorada (Zac Mx),Mexico,MEX,Mexico & Central America,True,23.383335,-103.7625537,True,Mine,mine,True,False,False,False,False,silver,copper; gold; lead; silver; zinc,5,critical mineral,True,True,High,3,True,False,,silver,gold,lead;zinc;copper,Mine,WA2306; SK931; SP2190
ICMM02043,La Colorada,La Colorada; La Colorada (Son Mx),Mexico,MEX,Mexico & Central America,True,28.80003578,-110.5723068,True,Mine,mine,True,False,False,False,False,gold,copper; gold; lead; silver; zinc,5,gold,True,True,High,3,True,False,,gold,silver,copper;lead;zinc,Mine,WA2429; JA663; SK930; SP1554
ICMM13611,La Encantada,La Encantada; La Encantada District,Mexico,MEX,Mexico & Central America,True,28.3626004,-102.5660949,True,Mine,mine,True,False,False,False,False,silver,gold; iron ore; lead; silver; zinc,5,critical mineral,True,True,High,3,True,False,,silver,gold,lead;zinc;iron ore,Mine,SK933; SP1512; WA2401; WA2406
ICMM01993,La Esmeralda,,Mexico,MEX,Mexico & Central America,True,27.267,-103.659,True,Mine,mine,True,False,False,False,False,silver,silver; zinc,2,critical mineral,False,True,Very Low,0,False,False,,silver,zinc,,Mine,WA2366
ICMM08440,La India,La India; La India (Son Mx),Mexico,MEX,Mexico & Central America,True,28.70430828,-108.8866946,True,Mine,mine,True,False,False,False,False,gold,gold; silver,2,gold,True,True,High,3,True,False,,gold,silver,,Mine,JA664; SK936; SP3921
ICMM13613,La Parilla,La Parilla; La Parrilla,Mexico,MEX,Mexico & Central America,True,23.73758195,-104.1099258,True,Mine,mine,True,False,False,False,False,silver,copper; gold; lead; silver; zinc,5,critical mineral,True,True,High,3,True,False,,silver,lead,zinc;gold;copper,Mine,SK938; SP3696
ICMM08441,La Perla,La Perla; AHMSA La Perla Mine,Mexico,MEX,Mexico & Central America,True,28.31429663,-104.5591252,True,Mine,mine,True,False,False,False,False,iron ore,iron ore,1,"iron, steel & coal",False,False,High,3,True,False,,iron ore,,,Mine,JA665; GMI7
ICMM01992,La Victoria,,Mexico,MEX,Mexico & Central America,True,27.0503,-108.967,True,Mine,mine,True,False,False,False,False,barium,barium,1,other,False,False,Very Low,0,False,False,,barium,,,Mine,WA2365
ICMM13092,Las Encinas Complex Mine,Las Encinas Complex Mine; Las Encinas Pellet Plant,Mexico,MEX,Mexico & Central America,True,19.254386,-103.532353,True,Mine; Plant,mine,True,False,False,True,False,iron ore,iron ore,1,"iron, steel & coal",False,False,High,3,True,False,,iron ore,,,Mine;Plant,GMI466; SP11370
ICMM08449,Las Truchas,Las Truchas; ArcelorMittal Las Truchas Complex Mine,Mexico,MEX,Mexico & Central America,True,18.05970309,-102.3606145,True,Mine,mine,True,False,False,False,False,iron ore,iron ore,1,"iron, steel & coal",False,False,High,3,True,False,,iron ore,,,Mine,JA675; GMI483; SK956; SP5784
ICMM08452,Lazaro Cardenas steel plant,,Mexico,MEX,Mexico & Central America,True,17.94020842,-102.2086537,True,Steel Plant,steel plant,False,False,False,False,True,steel,steel,1,"iron, steel & coal",False,False,Moderate,2,True,False,,steel,,,Steel Plant,JA679
ICMM01962,Linares,,Mexico,MEX,Mexico & Central America,True,24.8671,-99.567,True,Mine,mine,True,False,False,False,False,barium,barium,1,other,False,False,Very Low,0,False,False,,barium,,,Mine,WA2335
ICMM08478,Los Filos,Los Filos; Nukay,Mexico,MEX,Mexico & Central America,True,17.88976608,-99.68293518,True,Mine,mine,True,False,False,False,False,gold,gold; silver,2,gold,True,True,High,3,True,False,,gold,silver,,Mine,JA710; SK999; SP2141; SP2812
ICMM08519,MICARE Unit Mines Coahuila,MICARE Unit Mines Coahuila; Micare coal Mine,Mexico,MEX,Mexico & Central America,True,28.495918,-100.6795884,True,Mine,mine,True,False,False,False,False,coal,coal,1,"iron, steel & coal",False,False,High,3,True,False,,coal,,,Mine,JA762; GMC2088
ICMM08532,MIMOSA Unit Mines,,Mexico,MEX,Mexico & Central America,True,27.92346746,-101.3596899,True,Mine,mine,True,False,False,False,False,coal,coal,1,"iron, steel & coal",False,False,Moderate,2,True,False,,coal,coal,,Mine,JA776
ICMM14111,Maria,Maria; Mariquita,Mexico,MEX,Mexico & Central America,True,31.048165,-110.422055,True,Mine,mine,True,False,False,False,False,copper,copper; molybdenum,2,critical mineral,False,True,Moderate,2,True,False,,copper,molybdenum,,Mine,SP803; SP1066; WA2522
ICMM08509,Mercedes,Mercedes,Mexico,MEX,Mexico & Central America,True,30.33197474,-110.4909751,True,Mine,mine,True,False,False,False,False,gold,gold; silver,2,gold,True,True,High,3,True,False,,gold,silver,,Mine,JA750; SK1082; SP3522
ICMM14647,Milpillas,Milpillas,Mexico,MEX,Mexico & Central America,True,31.10886,-110.42448,True,Mine,mine,True,False,False,False,False,copper,copper,1,critical mineral,False,True,High,3,True,False,,copper,,,Mine,SP2477; SK1105
ICMM09731,Mimosa coal Mine,Mimosa coal Mine; Minera del Norte,Mexico,MEX,Mexico & Central America,True,27.61847087,-101.2426857,True,Mine,mine,True,False,False,False,False,coal,coal,1,"iron, steel & coal",False,False,High,3,True,False,,coal,coal,,Mine,GMC1017; SP7064
ICMM13671,Morelos,,Mexico,MEX,Mexico & Central America,True,18.007454,-99.738616,True,Mine,mine,True,False,False,False,False,gold,gold,1,gold,True,False,High,3,True,False,,gold,,,Mine,SK1139
ICMM14439,Moris,Moris,Mexico,MEX,Mexico & Central America,True,28.19444,-108.52444,True,Mine,mine,True,False,False,False,False,gold,gold; silver,2,gold,True,True,Moderate,2,True,False,,gold,silver,,Mine,SP1840; WA2424
ICMM13682,Mulatos,Mulatos,Mexico,MEX,Mexico & Central America,True,28.64757,-108.74173,True,Mine,mine,True,False,False,False,False,gold,gold; silver,2,gold,True,True,High,3,True,False,,gold,silver,,Mine,SK1177; SP1904
ICMM02011,Naica Mines,Naica Mines; Naica,Mexico,MEX,Mexico & Central America,True,27.86120333,-105.5010733,True,Mine,mine,True,False,False,False,False,lead,cadmium; copper; gold; lead; silver; tungsten; zinc,7,critical mineral,True,True,Moderate,2,True,False,,lead,zinc,silver;copper;gold;tungsten;cadmiuum,Mine,WA2386; WA2387; SP1761
ICMM08594,Noche Buena,Noche Buena; Noche Buena (Fresnillo),Mexico,MEX,Mexico & Central America,True,31.02693011,-112.6470787,True,Mine,mine,True,False,False,False,False,gold,gold; silver,2,gold,True,True,High,3,True,False,,gold,silver,,Mine,JA856; SK1234; SP2235
ICMM08610,Nueva Rosita Complex,,Mexico,MEX,Mexico & Central America,True,27.92150066,-101.2249755,True,Mine,mine,True,False,False,False,False,coal,coal,1,"iron, steel & coal",False,False,Moderate,2,True,False,,coal,,,Mine,JA876
ICMM10615,Nueva Rosita coal Mine,Nueva Rosita coal Mine; Nueva Rosita,Mexico,MEX,Mexico & Central America,True,27.958252,-101.20577,True,Mine,mine,True,False,False,False,False,coal,coal,1,"iron, steel & coal",False,False,High,3,True,False,,coal,coal,,Mine,GMC2197; SP7501
ICMM08632,Palmarejo,Palmarejo; Palmarejo Complex,Mexico,MEX,Mexico & Central America,True,27.38684508,-108.4099486,True,Mine,mine,True,False,False,False,False,gold,gold; molybdenum; silver,3,gold,True,True,High,3,True,False,,gold,silver,molybdenum,Mine,JA904; SK1295; SP3830
ICMM13728,Parral Tailings,Parral Tailings,Mexico,MEX,Mexico & Central America,True,26.93142308,-105.5935552,True,Mine,mine,True,False,False,False,False,silver,copper; gold; lead; silver; zinc,5,critical mineral,True,True,High,3,True,False,,silver,gold,lead;copper;zinc,Mine,SK1309; SP7149
ICMM08646,Pena Colorada,Pena Colorada; Pena Colorada Mine,Mexico,MEX,Mexico & Central America,True,19.37718521,-104.0972202,True,Mine,mine,True,False,False,False,False,iron ore,iron ore,1,"iron, steel & coal",False,False,High,3,True,False,,iron ore,,,Mine,JA920; GMI484; SK1317; SP5782
ICMM13734,Penasquito,Penasquito,Mexico,MEX,Mexico & Central America,True,24.6509595,-101.6789715,True,Mine,mine,True,False,False,False,False,gold,copper; gold; lead; silver; zinc,5,gold,True,True,High,3,True,False,,gold,silver,lead;zinc;copper,Mine,SK1318; SP2834; JA921
ICMM01905,Peregrina El Cubo,Peregrina El Cubo; Apolo VII; El Cubo; Peregrina,Mexico,MEX,Mexico & Central America,True,21.02168333,-101.18919,True,Mine,mine,True,False,False,False,False,gold,gold; lead; silver; zinc,4,gold,True,True,Moderate,2,True,False,,gold,silver,lead;zinc,Mine,WA2271; SP3555; SP3736; WA2274
ICMM13739,Piedras Verdes,Piedras Verdes,Mexico,MEX,Mexico & Central America,True,27.16371355,-109.0192816,True,Mine,mine,True,False,False,False,False,copper,copper,1,critical mineral,False,True,High,3,True,False,,copper,,,Mine,SK1327; SP1700
ICMM02091,Pilares,Pilares,Mexico,MEX,Mexico & Central America,True,30.33328204,-109.6326762,True,Mine,mine,True,False,False,False,False,copper,barium; copper; gold; molybdenum; silver,5,critical mineral,True,True,High,3,True,False,,copper,molybdenum,silver;gold;barium,Mine,WA2500; JA933; SP5375
ICMM08659,Pinos Altos,Pinos Altos,Mexico,MEX,Mexico & Central America,True,28.27231301,-108.3059017,True,Mine,mine,True,False,False,False,False,gold,gold; silver,2,gold,True,True,High,3,True,False,,gold,silver,,Mine,JA939; SK1340; SP2988
ICMM19800,Plomosas,Plomosas,Mexico,MEX,Mexico & Central America,True,29.07868,-105.24404,True,Mine,mine,True,False,False,False,False,copper,copper; gold; lead; silver; zinc,5,critical mineral,True,True,Moderate,2,True,False,,copper,gold,lead;silver;zinc,Mine,SP14379; WA2456; WA2467
ICMM10475,Progreso coal Mine,,Mexico,MEX,Mexico & Central America,True,27.571572,-101.339567,True,Mine,mine,True,False,False,False,False,coal,coal,1,"iron, steel & coal",False,False,Moderate,2,True,False,,coal,,,Mine,GMC1986
ICMM01919,Real De Angeles,Real De Angeles; Real de Angeles,Mexico,MEX,Mexico & Central America,True,22.417195,-101.9002,True,Mine,mine,True,False,False,False,False,silver,lead; silver; zinc,3,critical mineral,False,True,Moderate,2,True,False,,silver,lead,zinc,Mine,WA2288; SP895
ICMM01939,Real De Angeles,,Mexico,MEX,Mexico & Central America,True,23.5004,-103.0,True,Mine,mine,True,False,False,False,False,silver,silver,1,critical mineral,False,True,Very Low,0,False,False,,silver,,,Mine,WA2311
ICMM16120,Rosario,Rosario,Mexico,MEX,Mexico & Central America,True,23.04889,-101.21306,True,Mine,mine,True,False,False,False,False,silver,gold; lead; silver; zinc,4,critical mineral,True,True,High,3,True,False,,silver,gold,lead;zinc,Mine,SP7020; SK1456
ICMM13795,San Agustin,San Agustin,Mexico,MEX,Mexico & Central America,True,24.787594,-104.601291,True,Mine,mine,True,False,False,False,False,gold,gold; lead; silver; zinc,4,gold,True,True,High,3,True,False,,gold,silver,zinc;lead,Mine,SK1491; SP3799
ICMM02033,San Antonio,San Antonio; IMMSA Santa Eulalia,Mexico,MEX,Mexico & Central America,True,28.60599896,-105.8147393,True,Mine,mine,True,False,False,False,False,lead,copper; lead; silver; tin; zinc,5,critical mineral,False,True,Moderate,2,True,False,,lead,silver,copper;zinc;tin,Mine,WA2417; JA527; WA2411; WA2425; WA2426
ICMM01949,San Dimas,Tayoltita; San Dimas,Mexico,MEX,Mexico & Central America,True,24.10564304,-105.9269156,True,Mine,mine,True,False,False,False,False,silver,copper; gold; silver,3,critical mineral,True,True,Moderate,2,True,False,,silver,copper,gold,Mine,WA2321; WA2322; JA1065
ICMM14456,San Francisco del Oro,San Francisco del Oro,Mexico,MEX,Mexico & Central America,True,26.84594,-105.86283,True,Mine,mine,True,False,False,False,False,zinc,copper; gold; lead; silver; zinc,5,critical mineral,True,True,High,3,True,False,,zinc,silver,lead;copper;gold,Mine,SP1873; SK1496
ICMM08752,San Jose,San Jose; ArcelorMittal San Jose Mine; El Volcan (San Jose),Mexico,MEX,Mexico & Central America,True,24.64843381,-107.0983496,True,Mine,mine,True,False,False,False,False,iron ore,iron ore,1,"iron, steel & coal",False,False,High,3,True,False,,iron ore,,,Mine,JA1066; GMI479; SK469; SP16735
ICMM13801,San Jose (Oaxaca MX),San Jose (Oaxaca MX); San Jose,Mexico,MEX,Mexico & Central America,True,16.6908405,-96.704013,True,Mine,mine,True,False,False,False,False,silver,copper; gold; lead; silver; zinc,5,critical mineral,True,True,High,3,True,False,,silver,gold,lead;copper;zinc,Mine,SK1498; SP3951
ICMM08755,San Julian,San Julian,Mexico,MEX,Mexico & Central America,True,26.03345625,-106.5046832,True,Mine,mine,True,False,False,False,False,silver,gold; lead; silver; zinc,4,critical mineral,True,True,High,3,True,False,,silver,gold,lead;zinc,Mine,JA1069; SK1502; SP5330
ICMM08756,San Luis Potosi Complex,San Luis Potosi Complex; San Luis Potosi; San Luis Potosi Refinery; San Luis Potosi Smelter,Mexico,MEX,Mexico & Central America,True,22.16787939,-101.033294,True,Smelter,smelter / refinery,False,True,False,False,False,zinc,cadmium; copper; gold; silver; zinc,5,critical mineral,True,True,High,3,True,False,,zinc,silver,copper;gold;sulfuric acid;cadmium,Smelter,JA1070; SK1503; SP10777; SP10778
ICMM13802,San Sebastian,,Mexico,MEX,Mexico & Central America,True,24.4227591,-103.8074036,True,Mine,mine,True,False,False,False,False,silver,silver,1,critical mineral,False,True,High,3,True,False,,silver,,,Mine,SK1504
ICMM10613,Santa Barbara coal Mine,,Mexico,MEX,Mexico & Central America,True,27.628135,-101.45497,True,Mine,mine,True,False,False,False,False,coal,coal,1,"iron, steel & coal",False,False,Moderate,2,True,False,,coal,,,Mine,GMC2195
ICMM13805,Santa Elena,Santa Elena,Mexico,MEX,Mexico & Central America,True,30.0219455,-110.1594515,True,Mine,mine,True,False,False,False,False,gold,gold; silver,2,gold,True,True,High,3,True,False,,gold,silver,,Mine,SK1511; SP4359
ICMM13806,Santa Francisca,Santa Francisca; El Porvenir; Asientos,Mexico,MEX,Mexico & Central America,True,22.229786,-102.11127,True,Mine,mine,True,False,False,False,False,zinc,copper; gold; lead; silver; zinc,5,critical mineral,True,True,High,3,True,False,,zinc,gold,lead;copper;silver,Mine,SK1512; SP2627; SP3127
ICMM13808,Santa Maria de la Paz,Santa Maria de la Paz; Santa Maria De La Paz Mine,Mexico,MEX,Mexico & Central America,True,23.675745,-100.706899,True,Mine,mine,True,False,False,False,False,copper,arsenic; copper; gold; silver; zinc,5,critical mineral,True,True,High,3,True,False,,copper,zinc,gold;silver;arsenic,Mine,SK1514; WA2316; WA2317
ICMM13810,Santana,Santana,Mexico,MEX,Mexico & Central America,True,28.366735,-109.211055,True,Mine,mine,True,False,False,False,False,gold,copper; gold; silver; tungsten,4,gold,True,True,High,3,True,False,,gold,silver,copper;tungsten,Mine,SK1516; SP5200
ICMM08767,Saucito,Saucito,Mexico,MEX,Mexico & Central America,True,23.12801387,-102.9259646,True,Mine,mine,True,False,False,False,False,silver,gold; lead; silver; zinc,4,critical mineral,True,True,High,3,True,False,,silver,gold,lead;zinc,Mine,JA1082; SK1527; SP4037
ICMM08821,Soledad Dipolos,Soledad Dipolos; Soledad and Dipolos,Mexico,MEX,Mexico & Central America,True,31.22301802,-112.9079663,True,Mine,mine,True,False,False,False,False,gold,gold; silver,2,gold,True,True,High,3,True,False,,gold,silver,,Mine,JA1141; SP5098
ICMM01866,Sultepec,Sultepec,Mexico,MEX,Mexico & Central America,True,18.850615,-99.983025,True,Mine,mine,True,False,False,False,False,gold,copper; gold; silver; zinc,4,gold,True,True,Moderate,2,True,False,,gold,silver,copper;zinc,Mine,WA2227; SP852
ICMM12162,Tajo La Conquista Mine,,Mexico,MEX,Mexico & Central America,True,27.73917,-101.3826,True,Mine,mine,True,False,False,False,False,coal,coal,1,"iron, steel & coal",False,False,Moderate,2,True,False,,coal,,,Mine,GMCC225
ICMM13851,Tayahua,Tayahua,Mexico,MEX,Mexico & Central America,True,24.6955415,-101.4661815,True,Mine,mine,True,False,False,False,False,zinc,copper; gold; lead; silver; zinc,5,critical mineral,True,True,High,3,True,False,,zinc,lead,copper;silver;gold,Mine,SK1652; SP2531
ICMM13859,Tizapa,Tizapa,Mexico,MEX,Mexico & Central America,True,19.037557,-100.2316625,True,Mine,mine,True,False,False,False,False,silver,copper; gold; lead; silver; zinc,5,critical mineral,True,True,High,3,True,False,,silver,gold,lead;zinc;copper,Mine,SK1674; SP1407
ICMM01970,Topia Mine,Topia Mine; Topia,Mexico,MEX,Mexico & Central America,True,25.2137,-106.5691767,True,Mine,mine,True,False,False,False,False,silver,copper; gold; lead; silver; zinc,5,critical mineral,True,True,High,3,True,False,,silver,gold,lead;zinc;copper,Mine,WA2343; SK1684; SP1246
ICMM13863,Torreon,Torreon; Torreon Pb Refinery; Torreon Pb Smelter; Met Mex Refinery; Torreon Refinery; Torreon Smelter; Torreon Lead Penoles; Torreon Zinc Penoles,Mexico,MEX,Mexico & Central America,True,25.52584594,-103.4429097,True,Mine; Refinery; Smelter,mine,True,True,True,False,False,lead,bismuth; cadmium; copper; gold; lead; silver; zinc,7,critical mineral,True,True,High,3,True,False,,lead,gold,copper;bismuth;silver;cadmium;zinc,Mine;Smelter;Refinery,SK1687; SK1688; SK1689; SP10882; SP15899; SP16508; SP17164; WA2346; WA2345
ICMM01968,Velardena,Velardena,Mexico,MEX,Mexico & Central America,True,25.0622734,-103.734558,True,Mine,mine,True,False,False,False,False,zinc,copper; gold; lead; silver; zinc,5,critical mineral,True,True,High,3,True,False,,zinc,gold,lead;silver;copper,Mine,WA2341; SK1748; SP4734; WA2342; SP465
ICMM14416,Zimapan/El Monte,Zimapan (El Monte); El Monte Mine; Zimapan/El Monte,Mexico,MEX,Mexico & Central America,True,20.79495,-99.44867,True,Mine,mine,True,False,False,False,False,copper,copper; gold; lead; silver; zinc,5,critical mineral,True,True,High,3,True,False,,copper,gold,lead;silver;zinc,Mine,WA2261; SK1910; SP1764
ICMM01818,El Limon,El Limon; Limon,Nicaragua,NIC,Mexico & Central America,True,12.7532,-86.737,True,Mine,mine,True,False,False,False,False,gold,gold; lead; silver,3,gold,True,True,High,3,True,False,,gold,silver,lead,Mine,WA2178; SK974; SP962
ICMM01836,Hemco,Neptune Group; Hemco,Nicaragua,NIC,Mexico & Central America,True,14.0270075,-84.5860795,True,Mine,mine,True,False,False,False,False,gold,gold; zinc,2,gold,True,True,High,3,True,False,,gold,zinc,,Mine,WA2196; SK639
ICMM13612,La Libertad,La Libertad; La Libertad Area; La Libertad Au Ag Mine,Nicaragua,NIC,Mexico & Central America,True,12.237789,-85.190252,True,Mine,mine,True,False,False,False,False,gold,gold; silver; zinc,3,gold,True,True,High,3,True,False,,gold,silver,zinc,Mine,SK937; SP1660; WA2176; WA2177
ICMM08107,Cobre Panama,Cobre Panama; Cerro Petaquilla; Molejon,Panama,PAN,Mexico & Central America,True,8.843434344,-80.65541101,True,Mine,mine,True,False,False,False,False,copper,copper; gold; molybdenum; silver,4,critical mineral,True,True,High,3,True,False,,copper,gold,molybdenum;silver,Mine,WA2167; SK351; JA248; SP4281; SP1264
ICMM01810,San Juan De Peq.,,Panama,PAN,Mexico & Central America,True,9.11085,-79.4559,True,Mine,mine,True,False,False,False,False,gold,gold,1,gold,True,False,Very Low,0,False,False,,gold,,,Mine,WA2170
ICMM01754,Acari,Acari; San Santiago Plant; Acari Copper Deposit 9,Peru,PER,South America,True,-15.307193,-74.58133838,True,Mine,mine,True,False,False,False,False,copper,copper; gold,2,critical mineral,True,True,Moderate,2,True,False,,copper,gold,,Mine,WA2073; SP14411; WA997
ICMM00443,Algamarca,,Peru,PER,South America,True,-7.61475,-78.0498,True,Mine,mine,True,False,False,False,False,silver,silver,1,critical mineral,False,True,Very Low,0,False,False,,silver,,,Mine,WA472
ICMM07917,Alpamarca,Alpamarca; Alpamarca Lead Zinc Mine 20,Peru,PER,South America,True,-11.22346249,-76.4555203,True,Mine,mine,True,False,False,False,False,silver,antimony; copper; gold; lead; silver; zinc,6,critical mineral,True,True,High,3,True,False,,silver,lead,gold;antimony;zinc;copper,Mine,JA23; SP5327; WA716; SK40; WA725
ICMM00690,"Americana, Mina",,Peru,PER,South America,True,-11.6429,-76.2619,True,Mine,mine,True,False,False,False,False,silver,silver,1,critical mineral,False,True,Very Low,0,False,False,,silver,,,Mine,WA752
ICMM00479,"Amistad, Mina",,Peru,PER,South America,True,-9.07299,-77.4581,True,Mine,mine,True,False,False,False,False,silver,silver,1,critical mineral,False,True,Very Low,0,False,False,,silver,,,Mine,WA510
ICMM13294,Andaychagua,Andaychagua; San Cristobal Concentrator,Peru,PER,South America,True,-11.7430363,-76.01399815,True,Mine,mine,True,False,False,False,False,zinc,copper; lead; silver; zinc,4,critical mineral,False,True,High,3,True,False,,zinc,lead,silver;copper,Mine,SK55; SP10898
ICMM00538,Antamina,"Rosita De Oro, Mina; Antamina Mine; Antamina",Peru,PER,South America,True,-9.548430146,-77.0551033,True,Mine,mine,True,False,False,False,False,copper,copper; lead; molybdenum; silver; zinc,5,critical mineral,False,True,High,3,True,False,,copper,zinc,silver;molybdenum;lead,Mine,WA572; WA2076; JA46; SK64; SP1142
ICMM13299,Antapaccay,Antapaccay,Peru,PER,South America,True,-14.961631,-71.383065,True,Mine,mine,True,False,False,False,False,copper,copper; gold; molybdenum; silver,4,critical mineral,True,True,High,3,True,False,,copper,gold,molybdenum;silver,Mine,SK65; SP5350
ICMM01757,Antapite,Antapite,Peru,PER,South America,True,-13.9767112,-75.06767943,True,Mine; Plant,mine,True,False,False,True,False,gold,gold; silver,2,gold,True,True,High,3,True,False,,gold,silver,,Mine;Plant,WA2077; JA48; SP2935
ICMM13112,Apurimac Mine,Apurimac Mine; Apurimac,Peru,PER,South America,True,-13.707625,-73.3397975,True,Mine,mine,True,False,False,False,False,iron ore,iron ore,1,"iron, steel & coal",False,False,High,3,True,False,,iron ore,,,Mine,GMI494; SP4567
ICMM01758,Arasi,Arasi,Peru,PER,South America,True,-15.24274192,-70.85094156,True,Mine,mine,True,False,False,False,False,gold,gold,1,gold,True,False,Moderate,2,True,False,,gold,,,Mine,WA2078; SP3698
ICMM01759,Arcata,"Arcata; Farallon; Arcata Mine 1; Calera Vein, Orcopampa",Peru,PER,South America,True,-14.97941653,-72.31053856,True,Mine,mine,True,False,False,False,False,silver,antimony; copper; gold; lead; silver; zinc,6,critical mineral,True,True,High,3,True,False,,silver,zinc,lead;gold;antimony;copper,Mine,WA2079; SP1369; WA976; SK73; WA975; WA978; WA979
ICMM01761,Arirahua,Arirahua,Peru,PER,South America,True,-15.66502,-72.93815,True,Mine,mine,True,False,False,False,False,gold,gold,1,gold,True,False,Moderate,2,True,False,,gold,,,Mine,WA2081; SP4324
ICMM07986,Bayovar,,Peru,PER,South America,True,-6.01218405,-80.83219531,True,Mine,mine,True,False,False,False,False,phosphate,phosphate,1,other,False,False,Moderate,2,True,False,,phosphate,,,Mine,JA99
ICMM08037,Breapampa,Breapampa,Peru,PER,South America,True,-15.07325374,-73.669948,True,Mine,mine,True,False,False,False,False,gold,gold; silver,2,gold,True,True,High,3,True,False,,gold,silver,,Mine,JA155; SP4602
ICMM00500,Buena Cashma,Buena Cashma; Mangan,Peru,PER,South America,True,-9.29923,-77.78195,True,Mine,mine,True,False,False,False,False,silver,silver,1,critical mineral,False,True,Very Low,0,False,False,,silver,,,Mine,WA532; WA536
ICMM13358,Cajamarquilla,,Peru,PER,South America,True,-11.970159,-76.8877373,True,Smelter,smelter / refinery,False,True,False,False,False,zinc,zinc,1,critical mineral,False,True,High,3,True,False,,zinc,,,Smelter,SK231
ICMM00698,Carahuacra,Carahuacra; San Cristobal Mine 5; San cristobal; Yauli,Peru,PER,South America,True,-11.72738019,-76.06763315,True,Mine,mine,True,False,False,False,False,copper,cobalt; copper; gold; lead; nickel; silver; zinc,7,critical mineral,True,True,Moderate,2,True,True,ICMM00695,copper,cobalt,gold;lead;nickel;silver;zinc,Mine,WA764; WA765; WA2085; WA2137; SP856
ICMM00695,Carahuacra Mine,Carahuacra Mine; Yauli; Carahuacra; Victoria Concentrator,Peru,PER,South America,True,-11.68096297,-76.08856795,True,Mine,mine,True,False,False,False,False,zinc,copper; lead; silver; zinc,4,critical mineral,False,True,High,3,True,True,ICMM00698,zinc,lead,silver;copper,Mine,WA760; JA1315; SK240; SP10899
ICMM00823,Catalina Huanca Mina,Catalina Huanca Mina; Catalina Huanca,Peru,PER,South America,True,-13.981447,-73.93594233,True,Mine,mine,True,False,False,False,False,zinc,copper; lead; silver; zinc,4,critical mineral,False,True,High,3,True,False,,zinc,lead,silver;copper,Mine,WA911; SK260; SP3820
ICMM13370,Caylloma,Caylloma; Caylloma (Cailloma); Caylloma Mine,Peru,PER,South America,True,-15.204368,-71.861789,True,Mine,mine,True,False,False,False,False,silver,copper; gold; lead; silver; zinc,5,critical mineral,True,True,High,3,True,False,,silver,gold,lead;zinc;copper,Mine,SK264; SP3955; WA2088; WA989
ICMM00410,Cerro Corona,Alfa Y Arpon; Los Negros Mine; Hualgayoc; Cerro Corona; Hualgayoc Unit,Peru,PER,South America,True,-6.757830917,-78.61678817,True,Mine,mine,True,False,False,False,False,gold,copper; gold; lead; silver; zinc,5,gold,True,True,High,3,True,False,,gold,copper,lead;silver;zinc,Mine,WA436; WA437; WA2103; SK272; SP1420; SP2011
ICMM01764,Cerro Lindo,Cerro Lindo,Peru,PER,South America,True,-13.07813229,-75.98943903,True,Mine,mine,True,False,False,False,False,lead,copper; gold; lead; silver; zinc,5,critical mineral,True,True,High,3,True,False,,lead,zinc,copper;silver;gold,Mine,WA2090; SK274; SP2348
ICMM00998,Cerro Verde,Cerro Verde; Cerro Verde SX EW,Peru,PER,South America,True,-16.53144398,-71.59119733,True,Mine,mine,True,False,False,False,False,copper,copper; gold; molybdenum; silver,4,critical mineral,True,True,High,3,True,False,,copper,gold,molybdenum;silver,Mine,WA1109; WA1110; WA2091; JA220; SK280; SP1112; SP14446
ICMM00632,Cerro de Pasco,"El Pilar, Mina; Cerro De Pasco; Cerro de Pasco; Paragsha; Silver Stockpiles; Paragsha Plant; San Expedito Concentrator; Oxide Plant Plant",Peru,PER,South America,True,-10.67252514,-76.25736157,True,Mine,mine,True,False,False,False,False,silver,copper; gold; lead; silver; tin; zinc,6,critical mineral,True,True,High,3,True,False,,silver,zinc,lead;copper;gold;tin,Mine,WA689; WA692; WA2089; WA2124; JA214; SK273; SP1263; SP3756; SP10901; SP10902; SP14543; WA687
ICMM00673,Chanchamina Gold Silver Lead Deposit #46,,Peru,PER,South America,True,-11.3812,-75.783,True,Mine,mine,True,False,False,False,False,gold,gold; zinc,2,gold,True,True,Very Low,0,False,False,,gold,zinc,,Mine,WA733
ICMM14613,Chapi,Chapi,Peru,PER,South America,True,-16.7773,-71.35529,True,Mine,mine,True,False,False,False,False,copper,copper; gold; silver,3,critical mineral,True,True,Moderate,2,True,False,,copper,gold,silver,Mine,SP2338; WA1126
ICMM00833,"Chavez, Mina",,Peru,PER,South America,True,-14.2289,-75.4197,True,Mine,mine,True,False,False,False,False,silver,silver,1,critical mineral,False,True,Very Low,0,False,False,,silver,,,Mine,WA923
ICMM00652,Chungar,Chungar,Peru,PER,South America,True,-11.03657579,-76.41728425,True,Mine,mine,True,False,False,False,False,zinc,copper; gold; lead; silver; zinc,5,critical mineral,True,True,High,3,True,False,,zinc,lead,copper;silver;gold,Mine,WA711; JA235; SK338; SP3234
ICMM01766,Cobriza,Cobriza,Peru,PER,South America,True,-12.58954992,-74.3724092,True,Mine; Plant,mine,True,False,False,True,False,copper,antimony; copper; silver; zinc,4,critical mineral,False,True,Moderate,2,True,False,,copper,antimony,zinc;silver,Mine;Plant,WA2094; SP1262; WA799; WA796
ICMM01767,Colorada,,Peru,PER,South America,True,-6.73644714,-78.64551936,True,Mine,mine,True,False,False,False,False,gold,gold,1,gold,True,False,Very Low,0,False,False,,gold,,,Mine,WA2095
ICMM00655,"Colquisa No. 1, Mina",,Peru,PER,South America,True,-11.114,-76.352,True,Mine,mine,True,False,False,False,False,silver,silver,1,critical mineral,False,True,Very Low,0,False,False,,silver,,,Mine,WA714
ICMM08115,Conga,Conga,Peru,PER,South America,True,-6.921429687,-78.3788857,True,Mine,mine,True,False,False,False,False,copper,copper; gold; silver,3,critical mineral,True,True,High,3,True,False,,copper,gold,silver,Mine,JA259; SP2661
ICMM00848,Constancia,Katanga Copper Gold Deposit 36; Constancia,Peru,PER,South America,True,-14.454841,-71.758418,True,Mine,mine,True,False,False,False,False,copper,copper; gold; molybdenum; silver,4,critical mineral,True,True,High,3,True,False,,copper,molybdenum,silver;gold,Mine,WA941; SK355; JA261; SP3907
ICMM01768,Contonga,Contonga; Huallanca,Peru,PER,South America,True,-9.49940886,-77.0756206,True,Mine,mine,True,False,False,False,False,lead,copper; lead; silver; zinc,4,critical mineral,False,True,Moderate,2,True,False,,lead,silver,copper;zinc,Mine,WA2098; SP479; SP3248
ICMM00522,"Contonga, Mina",,Peru,PER,South America,True,-9.46464,-77.4664,True,Mine,mine,True,False,False,False,False,silver,silver,1,critical mineral,False,True,Very Low,0,False,False,,silver,,,Mine,WA555
ICMM00951,Convento Gold 66,Convento Gold 66; Eureka,Peru,PER,South America,True,-15.741835,-73.800315,True,Mine,mine,True,False,False,False,False,gold,gold,1,gold,True,False,Moderate,2,True,False,,gold,,,Mine,WA1050; SP9444
ICMM00591,Cordelia Mine,Ccordelia Mine; Pallca,Peru,PER,South America,True,-10.19799333,-76.96199667,True,Mine,mine,True,False,False,False,False,lead,antimony; lead; zinc,3,critical mineral,False,True,Moderate,2,True,False,,lead,zinc,antimony,Mine,WA643; SP2289; SP15534
ICMM01048,Cuajone Mine,Cuajone Mine; Cuajone; Cuajone SX EW,Peru,PER,South America,True,-17.04096984,-70.70661801,True,Mine,mine,True,False,False,False,False,copper,copper; gold; molybdenum; silver; zinc,5,critical mineral,True,True,High,3,True,False,,copper,molybdenum,gold;silver;zinc,Mine,WA1167; WA2099; JA282; SK376; SP900; SP14483
ICMM01769,Culebrillas,Culebrillas; Zambo,Peru,PER,South America,True,-7.981852795,-77.49877883,True,Mine,mine,True,False,False,False,False,gold,gold,1,gold,True,False,Very Low,0,False,False,,gold,,,Mine,WA2100; WA2160
ICMM00512,"Curayacu, Mina",,Peru,PER,South America,True,-9.36464,-77.5498,True,Mine,mine,True,False,False,False,False,silver,silver,1,critical mineral,False,True,Very Low,0,False,False,,silver,,,Mine,WA545
ICMM00517,"Decorfa Uno, Mina",,Peru,PER,South America,True,-9.39797,-77.5664,True,Mine,mine,True,False,False,False,False,silver,silver,1,critical mineral,False,True,Very Low,0,False,False,,silver,,,Mine,WA550
ICMM00867,Don Jorge Derecho Minero,,Peru,PER,South America,True,-14.7847,-73.8469,True,Mine,mine,True,False,False,False,False,silver,silver,1,critical mineral,False,True,Very Low,0,False,False,,silver,,,Mine,WA961
ICMM00638,El Brocal (Colquijirca),"Colquijirca, Mina; Colquijirca and Marcapunta Mines; Colquijica; Marcapunta; Tajo Norte; El Brocal (Colquijirca); El Brocal; Colquijirca",Peru,PER,South America,True,-10.75328153,-76.26704665,True,Mine,mine,True,False,False,False,False,zinc,copper; gold; lead; silver; zinc,5,critical mineral,True,True,High,3,True,False,,zinc,lead,silver;copper;gold,Mine,WA696; WA697; WA2096; WA2114; JA1185; SK454; SP930; WA699
ICMM00497,"El Extrano, Mina",,Peru,PER,South America,True,-9.26465,-77.9164,True,Mine,mine,True,False,False,False,False,silver,silver,1,critical mineral,False,True,Very Low,0,False,False,,silver,,,Mine,WA529
ICMM00523,"El Milagro, Mina",,Peru,PER,South America,True,-9.46464,-77.2331,True,Mine,mine,True,False,False,False,False,silver,silver,1,critical mineral,False,True,Very Low,0,False,False,,silver,,,Mine,WA556
ICMM00628,El Porvenir,"Evita No. 1, Mina; El Porvenir Mine; Milpo 1; Atacocha; El Porvenir (Peru); El Porvenir",Peru,PER,South America,True,-10.59990109,-76.20962215,True,Mine,mine,True,False,False,False,False,zinc,copper; gold; lead; silver; zinc,5,critical mineral,True,True,High,3,True,False,,zinc,lead,copper;silver;gold,Mine,WA685; WA2101; WA2116; SK82; SK464; SP1877; SP2143
ICMM00866,El Rubi De Puquio Cia. Minera,,Peru,PER,South America,True,-14.7522,-74.0322,True,Mine,mine,True,False,False,False,False,silver,silver,1,critical mineral,False,True,Very Low,0,False,False,,silver,,,Mine,WA960
ICMM00543,"El Shira, Mina",,Peru,PER,South America,True,-9.58129,-74.843,True,Mine,mine,True,False,False,False,False,gold,gold,1,gold,True,False,Very Low,0,False,False,,gold,,,Mine,WA577
ICMM00911,Eliana Mina,,Peru,PER,South America,True,-15.3177,-73.9858,True,Mine,mine,True,False,False,False,False,zinc,zinc,1,critical mineral,False,True,Very Low,0,False,False,,zinc,,,Mine,WA1007
ICMM00525,"Esperada, Mina",,Peru,PER,South America,True,-9.4813,-77.6998,True,Mine,mine,True,False,False,False,False,silver,silver,1,critical mineral,False,True,Very Low,0,False,False,,silver,,,Mine,WA558
ICMM00713,Gran Bretana Mine,Gran Bretana Mine; Azulcocha,Peru,PER,South America,True,-12.06240512,-75.6661436,True,Mine,mine,True,False,False,False,False,copper,copper; gold; lead; manganese; silver; zinc,6,critical mineral,True,True,Moderate,2,True,False,,copper,gold,lead;manganese;silver;zinc,Mine,WA782; WA2083; SP3196
ICMM08300,Haquira,,Peru,PER,South America,True,-14.16535867,-72.3579542,True,Mine,mine,True,False,False,False,False,copper,copper; gold; molybdenum; silver,4,critical mineral,True,True,Moderate,2,True,False,,copper,gold,molybdenum;silver,Mine,JA491
ICMM00557,Huancapeti,"Santa Elenita, Mina; Huancapeti; Tarugo; Hercules; Tarugo Mine; Aija; Juan Julio No 2, Mina",Peru,PER,South America,True,-9.764975278,-77.53752564,True,Mine,mine,True,False,False,False,False,lead,antimony; copper; gold; lead; silver; zinc,6,critical mineral,True,True,High,3,True,False,,lead,silver,gold;copper;antimony;zinc,Mine,WA592; WA593; WA594; WA595; WA597; WA599; WA602; SK685; SP17270
ICMM00568,Huanzala,"Huanzala; San Jose De Huan.; Monte De Chiripac, Mina; Carmen Del Macizo, Mina; Huanzala Mine; Huanzala (Santa Luisa)",Peru,PER,South America,True,-9.873557139,-76.99470062,True,Mine,mine,True,False,False,False,False,zinc,copper; gold; lead; silver; zinc,5,critical mineral,True,True,High,3,True,False,,zinc,lead,copper;silver;gold,Mine,WA613; WA614; WA615; WA616; WA618; WA2104; SK687; SP1148
ICMM01771,Huaron,Huaron; Animon Plant,Peru,PER,South America,True,-11.00502014,-76.40838368,True,Mine,mine,True,False,False,False,False,silver,copper; gold; lead; silver; zinc,5,critical mineral,True,True,High,3,True,False,,silver,zinc,lead;copper;gold,Mine,WA2105; JA513; SK688; SP1524; SP10903
ICMM00649,Huaron Mines,,Peru,PER,South America,True,-11.0146,-76.4497,True,Mine,mine,True,False,False,False,False,silver,antimony; copper; lead; silver; zinc,5,critical mineral,False,True,Very Low,0,False,False,,silver,zinc,lead;copper;antimony,Mine,WA708
ICMM08321,ILO,ILO; IIo refinery; IIo smelter; Ilo Refinery; Ilo Smelter,Peru,PER,South America,True,-17.49842772,-71.36055324,True,Refinery; Smelter,smelter / refinery,False,True,True,False,False,copper,copper; gold; selenium; silver,4,critical mineral,True,True,High,3,True,False,,copper,gold,selenium;silver,Smelter;Refinery,JA520; SK726; SK727; SP10880; SP11099
ICMM13542,Inmaculada,Inmaculada,Peru,PER,South America,True,-14.94987,-73.240459,True,Mine,mine,True,False,False,False,False,gold,gold; silver,2,gold,True,True,High,3,True,False,,gold,silver,,Mine,SK735; SP5048
ICMM01772,Iscaycruz,Iscaycruz,Peru,PER,South America,True,-10.77994849,-76.72858743,True,Mine,mine,True,False,False,False,False,zinc,copper; lead; silver; zinc,4,critical mineral,False,True,Moderate,2,True,False,,zinc,lead,silver;copper,Mine,WA2106; SP1141
ICMM01773,Ishihuinca,"Ishihuinca; Ishihuinca Y Otros, Distrito Minero",Peru,PER,South America,True,-15.79048982,-73.33136146,True,Mine,mine,True,False,False,False,False,gold,copper; gold; lead; silver; zinc,5,gold,True,True,Moderate,2,True,False,,gold,copper,silver;lead;zinc,Mine,WA2107; JA545; WA1052
ICMM00637,Isquez Lead Zinc Mine 9,Isquez Lead Zinc Mine 9; Mallay,Peru,PER,South America,True,-10.68523526,-76.8632394,True,Mine,mine,True,False,False,False,False,lead,copper; lead; silver; zinc,4,critical mineral,False,True,High,3,True,False,,lead,zinc,silver;copper,Mine,WA695; JA724; SP5903
ICMM00756,Julcani,Julcani Mining District; Julcani,Peru,PER,South America,True,-12.94967699,-74.80569434,True,Mine,mine,True,False,False,False,False,silver,antimony; copper; gold; lead; silver; zinc,6,critical mineral,True,True,High,3,True,False,,silver,lead,copper;gold;antimony;zinc,Mine,WA831; WA2108; JA564; SP1884
ICMM01774,Justa,Justa; Marcona (Mina Justa),Peru,PER,South America,True,-15.15392889,-75.06649124,True,Mine,mine,True,False,False,False,False,copper,copper; gold,2,critical mineral,True,True,High,3,True,False,,copper,gold,,Mine,WA2109; SK1049
ICMM08438,La Arena,La Arena,Peru,PER,South America,True,-7.892866636,-78.13317822,True,Mine,mine,True,False,False,False,False,gold,copper; gold; molybdenum; silver,4,gold,True,True,High,3,True,False,,gold,copper,molybdenum;silver,Mine,JA660; SK925; SP3184
ICMM01775,La Estrella de Pataz N 4,,Peru,PER,South America,True,-8.115781796,-77.41235874,True,Mine,mine,True,False,False,False,False,gold,gold,1,gold,True,False,Very Low,0,False,False,,gold,,,Mine,WA2110
ICMM00861,La Rinconada,La Rinconada Gold 158; Ananea; La Rinconada,Peru,PER,South America,True,-14.6644,-69.4995,True,Mine,mine,True,False,False,False,False,gold,gold; silver; zinc,3,gold,True,True,Moderate,2,True,False,,gold,silver,zinc,Mine,WA955; WA2075; SP8090
ICMM01776,La Virgen,La Virgen,Peru,PER,South America,True,-7.978172529,-78.07577427,True,Mine,mine,True,False,False,False,False,silver,copper; gold; silver,3,critical mineral,True,True,Moderate,2,True,False,,silver,copper,gold,Mine,WA2111; SP2750
ICMM08442,La Zanja,La Zanja,Peru,PER,South America,True,-6.832427037,-78.89137675,True,Mine; Plant,mine,True,False,False,True,False,copper,copper; gold; molybdenum; silver,4,critical mineral,True,True,High,3,True,False,,copper,gold,molybdenum;silver,Mine;Plant,JA666; SP2939
ICMM01755,Lagunas Norte,Alto Chicama; Lagunas Norte,Peru,PER,South America,True,-7.947921247,-78.24468529,True,Mine,mine,True,False,False,False,False,gold,gold; silver,2,gold,True,True,High,3,True,False,,gold,silver,,Mine,WA2074; JA667; SK942; SP3360
ICMM13619,Las Bambas,Las Bambas,Peru,PER,South America,True,-14.09415,-72.283245,True,Mine,mine,True,False,False,False,False,copper,copper; gold; molybdenum; silver,4,critical mineral,True,True,High,3,True,False,,copper,gold,molybdenum;silver,Mine,SK954; JA674; SP1484
ICMM00542,"Los Tres Reyes, Mina",,Peru,PER,South America,True,-9.58129,-77.497,True,Mine,mine,True,False,False,False,False,silver,silver,1,critical mineral,False,True,Very Low,0,False,False,,silver,,,Mine,WA576
ICMM00453,Luz Angelica Coco Mine,Luz Angelica Coco Mine; Quiruvilca,Peru,PER,South America,True,-8.006873563,-78.31863284,True,Mine,mine,True,False,False,False,False,gold,copper; gold; lead; silver; zinc,5,gold,True,True,High,3,True,False,,gold,copper,lead;silver;zinc,Mine,WA482; WA2131; JA1009; SP688
ICMM08495,Marcapunta,,Peru,PER,South America,True,-10.79421657,-76.29437668,True,Mine,mine,True,False,False,False,False,copper,copper; gold; silver,3,critical mineral,True,True,Moderate,2,True,False,,copper,gold,silver,Mine,JA733
ICMM13642,Marcona (Shouxin),,Peru,PER,South America,True,-15.272121,-75.209303,True,Mine,mine,True,False,False,False,False,zinc,zinc,1,critical mineral,False,True,High,3,True,False,,zinc,,,Mine,SK1050
ICMM00676,Maria Teresa,Maria Teresa,Peru,PER,South America,True,-11.4922134,-77.26940444,True,Mine,mine,True,False,False,False,False,silver,barium; copper; lead; silver; zinc,5,critical mineral,False,True,Moderate,2,True,False,,silver,lead,zinc;barium;copper,Mine,WA736; WA2115; SP14724
ICMM00546,"Mi Porvenir, Mina",,Peru,PER,South America,True,-9.64796,-77.1664,True,Mine,mine,True,False,False,False,False,silver,silver,1,critical mineral,False,True,Very Low,0,False,False,,silver,,,Mine,WA580
ICMM00623,Milpo Mine,Milpo Mine; Atacocha,Peru,PER,South America,True,-10.56885238,-76.18748222,True,Mine,mine,True,False,False,False,False,zinc,copper; lead; silver; zinc,4,critical mineral,False,True,Very Low,0,False,False,,zinc,lead,silver;copper,Mine,WA679; WA2082
ICMM01780,Orcopampa,Orcopampa,Peru,PER,South America,True,-15.27644889,-72.33413293,True,Mine,mine,True,False,False,False,False,gold,copper; gold; silver,3,gold,True,True,High,3,True,False,,gold,silver,copper,Mine,WA2120; JA892; SP430; WA1008
ICMM00705,Pacococha,"Pacococha; Peru, Mina; Viso Aruri District Lead Zinc Mine",Peru,PER,South America,True,-11.84233333,-76.24413333,True,Mine,mine,True,False,False,False,False,lead,cadmium; copper; gold; lead; silver,5,critical mineral,True,True,Very Low,0,False,False,,lead,silver,gold;copper;cadmium,Mine,WA772; WA774; WA775
ICMM00863,"Palca Once Veins: Palca Oeste, Palca Este, Evita and Puncapolla","Palca Once Veins: Palca Oeste, Palca Este, Evita and Puncapolla; Palca X",Peru,PER,South America,True,-14.70953848,-69.68036537,True,Mine,mine,True,False,False,False,False,tin,tin; tungsten,2,other,False,True,Very Low,0,False,False,,tin,tungsten,,Mine,WA957; WA2123
ICMM15140,Pallancata,Pallancata,Peru,PER,South America,True,-14.74322,-73.17936,True,Mine,mine,True,False,False,False,False,silver,gold; silver,2,critical mineral,True,True,High,3,True,False,,silver,gold,,Mine,SP3956; SK1294
ICMM09926,Pampahuay coal Mine,,Peru,PER,South America,True,-10.6981443,-76.72691979,True,Mine,mine,True,False,False,False,False,coal,coal,1,"iron, steel & coal",False,False,Moderate,2,True,False,,coal,,,Mine,GMC1277
ICMM17388,Pasto Bueno,Pasto Bueno; Pasto Bueno District,Peru,PER,South America,True,-8.141,-77.85451,True,Mine,mine,True,False,False,False,False,copper,copper; lead; silver; tungsten; zinc,5,critical mineral,False,True,Moderate,2,True,False,,copper,lead,silver;tungsten;zinc,Mine,SP9576; WA2126; WA489
ICMM00445,Pataz Gold 54,,Peru,PER,South America,True,-7.77582,-77.5998,True,Mine,mine,True,False,False,False,False,gold,copper; gold,2,gold,True,True,Very Low,0,False,False,,gold,copper,,Mine,WA474
ICMM00524,Pierina,Jecanca Lead Zinc Mine 24; Jecana; Pierina,Peru,PER,South America,True,-9.463057033,-77.58471134,True,Mine,mine,True,False,False,False,False,gold,copper; gold; lead; silver,4,gold,True,True,High,3,True,False,,gold,silver,lead;copper,Mine,WA557; WA559; WA2128; JA932; SK1328; SP2345
ICMM14012,Poderosa,Poderosa,Peru,PER,South America,True,-7.7169,-77.66265,True,Mine,mine,True,False,False,False,False,gold,gold; silver; zinc,3,gold,True,True,Moderate,2,True,False,,gold,silver,zinc,Mine,SP454; WA2129
ICMM00508,"Poderosa, Mina",,Peru,PER,South America,True,-9.3313,-77.1664,True,Mine,mine,True,False,False,False,False,silver,silver,1,critical mineral,False,True,Very Low,0,False,False,,silver,,,Mine,WA541
ICMM00782,"Prosperidad No. 1, Mina",,Peru,PER,South America,True,-13.2034,-75.2303,True,Mine,mine,True,False,False,False,False,silver,silver,1,critical mineral,False,True,Very Low,0,False,False,,silver,,,Mine,WA863
ICMM13755,Pucamarca,Pucamarca,Peru,PER,South America,True,-17.816919,-69.806476,True,Mine,mine,True,False,False,False,False,gold,gold; silver,2,gold,True,True,High,3,True,False,,gold,silver,,Mine,SK1382; SP4477
ICMM08711,Pucarrajo,,Peru,PER,South America,True,-9.817246953,-77.1014316,True,Mine,mine,True,False,False,False,False,zinc,lead; silver; zinc,3,critical mineral,False,True,Moderate,2,True,False,,zinc,lead,silver,Mine,JA1001
ICMM01055,"Quellaveco, Yacimiento","Quellaveco, Yacimiento; Quellaveco; Quellaveco project",Peru,PER,South America,True,-17.10102727,-70.61645749,True,Mine,mine,True,False,False,False,False,copper,copper; molybdenum; silver,3,critical mineral,False,True,High,3,True,False,,copper,molybdenum,silver,Mine,WA1187; JA1008; SK1413; SP1485
ICMM00832,Quenamari Copper 88,Quenamari Copper 88; San Rafael; Bofedal II,Peru,PER,South America,True,-14.22987844,-70.33092543,True,Mine,mine,True,False,False,False,False,copper,copper; lead; silver; tin; zinc,5,critical mineral,False,True,Moderate,2,True,False,,copper,lead,silver;tin;zinc,Mine,WA922; WA2142; SP2048; SP8156
ICMM01787,Quicay,Quicay,Peru,PER,South America,True,-10.69584123,-76.38701737,True,Mine,mine,True,False,False,False,False,gold,copper; gold; silver,3,gold,True,True,Moderate,2,True,False,,gold,silver,copper,Mine,WA2130; SP1985
ICMM00740,Raul Mine,Raul Mine; Condestable Mine; Raul Condestable; Condestable,Peru,PER,South America,True,-12.69618148,-76.58778999,True,Mine,mine,True,False,False,False,False,copper,copper; gold; lead; silver; zinc,5,critical mineral,True,True,Moderate,2,True,False,,copper,gold,lead;silver;zinc,Mine,WA809; WA2097; WA2132; SP1706
ICMM08720,Recuperada,Recuperada; Nueva Recuperada,Peru,PER,South America,True,-13.0945825,-74.94979881,True,Mine,mine,True,False,False,False,False,silver,copper; gold; lead; silver; zinc,5,critical mineral,True,True,High,3,True,False,,silver,gold,lead;copper;zinc,Mine,JA1020; SK1253; SP2768
ICMM01788,Retamas,Retamas; Santa Barbara (2); Minera Aurifera Retamas; Parcoy de Trujillo,Peru,PER,South America,True,-8.064590404,-77.42570737,True,Mine,mine,True,False,False,False,False,gold,gold; silver,2,gold,True,True,High,3,True,False,,gold,silver,,Mine,WA2134; WA2145; SK1111; WA2125; SP2014
ICMM00739,"Rivera Alta, Mina",,Peru,PER,South America,True,-12.6809,-69.7404,True,Mine,mine,True,False,False,False,False,gold,gold,1,gold,True,False,Very Low,0,False,False,,gold,,,Mine,WA808
ICMM00452,Salpo Milluachaqui Gold Silver 45,Salpo Milluachaqui Gold Silver 45; Carola,Peru,PER,South America,True,-7.989900034,-78.59269286,True,Mine,mine,True,False,False,False,False,gold,gold; zinc,2,gold,True,True,Very Low,0,False,False,,gold,zinc,,Mine,WA481; WA2086
ICMM00549,"San Elias, Mina.",,Peru,PER,South America,True,-9.68129,-77.8414,True,Mine,mine,True,False,False,False,False,silver,silver,1,critical mineral,False,True,Very Low,0,False,False,,silver,,,Mine,WA583
ICMM01790,San Genaro,San Genaro,Peru,PER,South America,True,-13.19386932,-75.1494733,True,Mine,mine,True,False,False,False,False,silver,copper; gold; lead; silver; zinc,5,critical mineral,True,True,Moderate,2,True,False,,silver,lead,copper;gold;zinc,Mine,WA2138; SP1595
ICMM00860,San Juan De Lucanas Mina,,Peru,PER,South America,True,-14.6636,-74.2036,True,Mine,mine,True,False,False,False,False,silver,silver,1,critical mineral,False,True,Very Low,0,False,False,,silver,,,Mine,WA954
ICMM01791,San Juan de Arequipa,San Juan de Arequipa; San Juan de Chorunga; San Juan,Peru,PER,South America,True,-15.90022206,-73.04995922,True,Mine,mine,True,False,False,False,False,gold,copper; gold; molybdenum; silver,4,gold,True,True,Moderate,2,True,False,,gold,copper,molybdenum;silver,Mine,WA2140; WA2141; SP3014
ICMM01792,San Vicente,"San Vicente; San Vicente (SIMSA); San Vicente, Mina; San Vincente North and San Vicente South",Peru,PER,South America,True,-11.22984615,-75.37594168,True,Mine,mine,True,False,False,False,False,zinc,lead; silver; zinc,3,critical mineral,False,True,High,3,True,False,,zinc,lead,silver,Mine,WA2143; SK1506; WA719; WA726
ICMM01793,Santa Rosa (1),,Peru,PER,South America,True,-16.6422625,-70.04088637,True,Mine,mine,True,False,False,False,False,gold,gold; silver,2,gold,True,True,Very Low,0,False,False,,gold,silver,,Mine,WA2146
ICMM00734,Santa Rosa Lead Zinc Mine 11,,Peru,PER,South America,True,-12.5978,-74.4414,True,Mine,mine,True,False,False,False,False,lead,gold; lead; zinc,3,critical mineral,True,True,Very Low,0,False,False,,lead,zinc,gold,Mine,WA803
ICMM00656,Santander,Santander; Chungar Contact Metasomatic Copper 45; Chungar,Peru,PER,South America,True,-11.1223861,-76.5323824,True,Mine,mine,True,False,False,False,False,zinc,copper; gold; lead; silver; zinc,5,critical mineral,True,True,Moderate,2,True,True,ICMM00662,zinc,lead,copper;silver;gold,Mine,WA715; WA717; WA2093; SP3206
ICMM00662,Santander,"San Expedito; Santander; Santander, Peru",Peru,PER,South America,True,-11.19465,-76.51065,True,Mine,mine,True,False,False,False,False,zinc,copper; lead; zinc,3,critical mineral,False,True,High,3,True,True,ICMM00656,zinc,lead,copper,Mine,WA722; SK1517; WA728
ICMM00442,Sayapullo,Sayapullo; Sayaatoc,Peru,PER,South America,True,-7.599296667,-78.47237333,True,Mine,mine,True,False,False,False,False,copper,antimony; copper; gold; lead; silver; zinc,6,critical mineral,True,True,Moderate,2,True,False,,copper,silver,gold;lead;antimony;zinc,Mine,WA470; WA471; SP8077; WA469
ICMM08786,Shahuindo,Shahuindo,Peru,PER,South America,True,-7.622057097,-78.20950673,True,Mine,mine,True,False,False,False,False,gold,gold; silver,2,gold,True,True,High,3,True,False,,gold,silver,,Mine,JA1104; SK1550; SP2404
ICMM14011,Shila Paula,Shila Paula; Paula; Shila,Peru,PER,South America,True,-15.45924,-72.096595,True,Mine,mine,True,False,False,False,False,gold,gold; lead; silver,3,gold,True,True,High,3,True,False,,gold,silver,lead,Mine,SP453; SP3002; WA2150; JA1114; WA966
ICMM13130,Shougang Marcona Mine,Shougang Marcona Mine; Marcona,Peru,PER,South America,True,-15.20593067,-75.11568133,True,Mine,mine,True,False,False,False,False,iron ore,copper; gold; iron ore,3,"iron, steel & coal",True,True,High,3,True,False,,iron ore,copper,gold,Mine,GMI524; SK1048; SP3510
ICMM00707,"Siberia, Mina",,Peru,PER,South America,True,-11.877,-76.2505,True,Mine,mine,True,False,False,False,False,silver,silver,1,critical mineral,False,True,Very Low,0,False,False,,silver,,,Mine,WA776
ICMM01797,Sipan,Sipan,Peru,PER,South America,True,-6.913669567,-78.78542841,True,Mine,mine,True,False,False,False,False,gold,gold; silver,2,gold,True,True,Moderate,2,True,False,,gold,silver,,Mine,WA2151; SP2653
ICMM00685,"Tacsacocha, Mina",,Peru,PER,South America,True,-11.5993,-76.3306,True,Mine,mine,True,False,False,False,False,lead,lead,1,critical mineral,False,True,Very Low,0,False,False,,lead,,,Mine,WA747
ICMM08860,Tambomayo,Tambomayo,Peru,PER,South America,True,-15.46924689,-71.91326053,True,Mine,mine,True,False,False,False,False,gold,gold; lead; silver; zinc,4,gold,True,True,High,3,True,False,,gold,silver,lead;zinc,Mine,JA1189; SK1641; SP8614
ICMM00459,"Tamboras Y Mundo Nuevo, Minas","Tamboras Y Mundo Nuevo, Minas; Campaccha",Peru,PER,South America,True,-8.05067,-77.969845,True,Mine,mine,True,False,False,False,False,copper,copper; gold; lead; molybdenum; silver; tungsten; zinc,7,critical mineral,True,True,Moderate,2,True,False,,copper,gold,lead;molybdenum;silver;tungsten;zinc,Mine,WA488; SP10907
ICMM08862,Tantahuatay,Carolina Gubbins; Tantahuatay,Peru,PER,South America,True,-6.740413174,-78.6972852,True,Mine,mine,True,False,False,False,False,gold,gold; silver,2,gold,True,True,High,3,True,False,,gold,silver,,Mine,WA432; SP2837; JA1192
ICMM08875,Tia Maria,,Peru,PER,South America,True,-17.01345917,-71.7685043,True,Mine,mine,True,False,False,False,False,copper,copper,1,critical mineral,False,True,Moderate,2,True,False,,copper,,,Mine,JA1213
ICMM01798,Tintaya,Tintaya; Antapaccay; Tintaya SX EW,Peru,PER,South America,True,-14.87772244,-71.31572798,True,Mine; Plant,mine,True,False,False,True,False,copper,copper; gold; molybdenum; silver,4,critical mineral,True,True,High,3,True,False,,copper,gold,molybdenum;silver,Mine;Plant,WA2152; JA47; SP14460; WA964; WA965
ICMM01075,Toquepala Mine,Toquepala Mine; Toquepala; Toquepala SX EW,Peru,PER,South America,True,-17.25408926,-70.61252327,True,Mine,mine,True,False,False,False,False,copper,copper; gold; molybdenum; rhenium; silver; zinc,6,critical mineral,True,True,High,3,True,False,,copper,molybdenum,silver;rhenium;gold;zinc,Mine,WA1217; WA2153; JA1223; SK1685; SP901; SP14456
ICMM00686,Toromocho,Anticona Y Condenado; Morococha; Toromocho; Casapalca Gubbins Group; Ticlio; Volcan Mines Zinc 25; Casapalca,Peru,PER,South America,True,-11.60393996,-76.14208568,True,Mine,mine,True,False,False,False,False,copper,copper; gold; lead; molybdenum; silver; zinc,6,critical mineral,True,True,High,3,True,False,,copper,molybdenum,lead;gold;silver;zinc,Mine,WA742; WA743; SK1143; WA738; SP1219; WA745; WA2087; SK1668; WA748; WA2117; JA799; SK1686; SP1922
ICMM01800,Uchucchacua,Uchucchacua,Peru,PER,South America,True,-10.62208722,-76.68913822,True,Mine,mine,True,False,False,False,False,silver,gold; lead; manganese; silver; zinc,5,critical mineral,True,True,High,3,True,False,,silver,zinc,lead;manganese;gold,Mine,WA2155; JA1246; SP2330; WA681; SK1722; WA691
ICMM00604,Unidad Minera Caudalosa,Unidad Minera Caudalosa; Vinchos,Peru,PER,South America,True,-10.44295257,-76.27845306,True,Mine,mine,True,False,False,False,False,silver,copper; lead; silver; zinc,4,critical mineral,False,True,Moderate,2,True,False,,silver,lead,copper;zinc,Mine,WA657; WA2156; SP4742
ICMM00531,Wolfram Fortuna,,Peru,PER,South America,True,-9.50797,-77.1198,True,Mine,mine,True,False,False,False,False,tungsten,tungsten,1,critical mineral,False,True,Very Low,0,False,False,,tungsten,,,Mine,WA565
ICMM01765,Yanacocha,Chaupiloma Sur; Yanacocha,Peru,PER,South America,True,-6.976986355,-78.51118088,True,Mine,mine,True,False,False,False,False,gold,copper; gold; silver,3,gold,True,True,High,3,True,False,,gold,silver,copper,Mine,WA2092; WA2157; JA1307; SK1836; SP1561
ICMM00692,Yauliyacu,"Casapalca; Coya, Mina; Eusta, Mina; Eloida Ii, Mina; Casapalca Centromin; Yauliyacu; Alpayana (Americana); Los Quenuales; Americana",Peru,PER,South America,True,-11.66692565,-76.23136844,True,Mine,mine,True,False,False,False,False,zinc,arsenic; copper; lead; silver; tungsten; zinc,6,critical mineral,False,True,High,3,True,False,,zinc,lead,silver;copper;tungsten;arsenic,Mine,WA754; WA757; WA758; WA759; WA761; WA2158; SK42; SK1003; SP1449; SP5361
ICMM00720,Yauricocha,Yauricocha,Peru,PER,South America,True,-12.31351398,-75.72066821,True,Mine,mine,True,False,False,False,False,silver,arsenic; copper; gold; iron ore; lead; silver; zinc,7,critical mineral,True,True,High,3,True,False,,silver,copper,lead;zinc;gold;arsenic;iron ore,Mine,WA789; WA2159; JA1316; SK1850; SP1460; WA793
ICMM08961,Zafranal,,Peru,PER,South America,True,-16.04594225,-72.24691825,True,Mine,mine,True,False,False,False,False,copper,copper; gold,2,critical mineral,True,True,Moderate,2,True,False,,copper,gold,,Mine,JA1323
ICMM08110,Coermotibo and Onverdacht,,Suriname,SUR,South America,True,5.571676978,-54.30554385,True,Mine,mine,True,False,False,False,False,bauxite / aluminium,bauxite / aluminium,1,other,False,False,Moderate,2,True,False,,bauxite,,,Mine,JA252
ICMM08510,Merian,Merian,Suriname,SUR,South America,True,5.125568809,-54.54871957,True,Mine,mine,True,False,False,False,False,gold,gold,1,gold,True,False,High,3,True,False,,gold,,,Mine,JA751; SK1083; SP4032
ICMM08638,Paranam,Paranam; Paranam Refinery; Paranam Smelter,Suriname,SUR,South America,True,5.592362055,-55.1021545,True,Refinery; Smelter,smelter / refinery,False,True,True,False,False,bauxite / aluminium,bauxite / aluminium,1,other,False,False,High,3,True,False,,alumina,aluminium,,Smelter;Refinery,JA911; SP10727; SP12205
ICMM14162,Rosebel,Rosebel; Suriname #1,Suriname,SUR,South America,True,5.07889,-55.15556,True,Mine,mine,True,False,False,False,False,gold,gold; silver,2,gold,True,True,High,3,True,False,,gold,silver,,Mine,SP958; SK1457; SP7679
ICMM00249,Rufin Valley,,Suriname,SUR,South America,True,3.65139,-54.0992,True,Mine,mine,True,False,False,False,False,gold,gold,1,gold,True,False,Very Low,0,False,False,,gold,,,Mine,WA268
ICMM00233,Sara Kreek,,Suriname,SUR,South America,True,4.40135,-54.6992,True,Mine,mine,True,False,False,False,False,gold,gold,1,gold,True,False,Very Low,0,False,False,,gold,,,Mine,WA251
ICMM08663,Point Lisas,,Trinidad and Tobago,TTO,Caribbean,False,10.403811,-61.48250096,True,Smelter,smelter / refinery,False,True,False,False,False,steel,iron ore; steel,2,"iron, steel & coal",False,False,Moderate,2,True,False,,steel,iron,,Smelter,JA946
ICMM13283,Alcasa CVG,Alcasa CVG; Aluminio,Venezuela,VEN,South America,True,8.17,-62.44,True,Smelter,smelter / refinery,False,True,False,False,False,bauxite / aluminium,bauxite / aluminium,1,other,False,False,High,3,True,False,,aluminium,,,Smelter,SK29; SK47
ICMM00252,Cano Yagua,,Venezuela,VEN,South America,True,3.56113,-66.5573,True,Mine,mine,True,False,False,False,False,gold,gold,1,gold,True,False,Very Low,0,False,False,,gold,,,Mine,WA271
ICMM08064,Carbones del Guasare,Carbones del Guasare; Paso Diablo coal Mine; Guasare,Venezuela,VEN,South America,True,11.03965839,-72.27058893,True,Mine,mine,True,False,False,False,False,coal,coal,1,"iron, steel & coal",False,False,High,3,True,False,,coal,,,Mine,JA189; GMC1348; SP6106
ICMM18493,Ciudad Guayana Smelter,Ciudad Guayana Smelter; San Felix Smelter; Bauxilum Refinery; Venalum Smelter; Venalum,Venezuela,VEN,South America,True,8.27966,-62.8213525,True,Refinery; Smelter,smelter / refinery,False,True,True,False,False,bauxite / aluminium,bauxite / aluminium,1,other,False,False,High,3,True,False,,alumina,aluminium,,Smelter; Refinery,SK1749; SP11550; SP12001; SP12272; SP12273
ICMM00047,El Callao,El Callao; Laguna Mine Santa Rita; Peru; El Callao Gold District; Mina Isidora,Venezuela,VEN,South America,True,7.315074,-61.840254,True,Mine,mine,True,False,False,False,False,gold,gold; tungsten,2,gold,True,True,Moderate,2,True,False,,gold,tungsten,,Mine,WA55; WA57; WA60; WA63; SP3737; WA89
ICMM00034,El Carmen,,Venezuela,VEN,South America,True,7.44314,-61.7558,True,Mine,mine,True,False,False,False,False,gold,gold,1,gold,True,False,Very Low,0,False,False,,gold,,,Mine,WA36
ICMM00151,El Chivao Placers,,Venezuela,VEN,South America,True,6.2882,-61.8485,True,Mine,mine,True,False,False,False,False,gold,gold,1,gold,True,False,Very Low,0,False,False,,gold,,,Mine,WA165
ICMM12965,FMO Altamira Mine,FMO Altamira Mine; Altamira 2,Venezuela,VEN,South America,True,7.4756045,-63.236589,True,Mine,mine,True,False,False,False,False,iron ore,iron ore,1,"iron, steel & coal",False,False,High,3,True,False,,iron ore,,,Mine,GMI287; SP10062
ICMM12964,FMO Cerro Bolivar Mine,FMO Cerro Bolivar Mine; Cerro Bolivar (La Parida),Venezuela,VEN,South America,True,7.456472,-63.386113,True,Mine,mine,True,False,False,False,False,iron ore,iron ore; manganese; titanium,3,"iron, steel & coal",False,True,High,3,True,False,,iron ore,manganese,titanium,Mine,GMI286; SP10090
ICMM12966,FMO San Isidro Mine,FMO San Isidro Mine; Las Pailas; San Isidro; FMO Las Pailas Mine; San Joaquin,Venezuela,VEN,South America,True,7.389203667,-63.22817133,True,Mine,mine,True,False,False,False,False,iron ore,iron ore,1,"iron, steel & coal",False,False,High,3,True,False,,iron ore,,,Mine,GMI288; SP10052; SP12361; GMI290; SP12300
ICMM00097,La Camorra,La Camorra,Venezuela,VEN,South America,True,6.761365,-61.545855,True,Mine; Plant,mine,True,False,False,True,False,gold,gold,1,gold,True,False,Moderate,2,True,False,,gold,,,Mine;Plant,WA110; SP1550
ICMM08470,Loma de Niquel,Loma de Niquel; Loma de Niquel Smelter,Venezuela,VEN,South America,True,10.15055558,-67.12418593,True,Mine; Plant,mine,True,False,False,True,False,nickel,iron ore; nickel,2,critical mineral,False,True,High,3,True,False,,ferronickel,nickel,iron ore,Mine;Plant,JA701; SP1597; SP11079
ICMM12967,Los Barrancos,FMO Los Barrancos Mine; Los Barrancos,Venezuela,VEN,South America,True,7.408491,-63.172576,True,Mine,mine,True,False,False,False,False,iron ore,iron ore,1,"iron, steel & coal",False,False,High,3,True,False,,iron ore,,,Mine,GMI289; SP10146
ICMM00048,Mina Colombia,Mina Colombia; Mocupia; Colombia; Sosa Mendez; Revemin Plant,Venezuela,VEN,South America,True,7.317466,-61.799958,True,Mine,mine,True,False,False,False,False,gold,arsenic; gold,2,gold,True,True,Moderate,2,True,False,,gold,arsenic,,Mine,WA56; WA61; SP959; SP3147; SP10768
ICMM00086,Payapal,,Venezuela,VEN,South America,True,6.81984,-61.7472,True,Mine,mine,True,False,False,False,False,gold,gold,1,gold,True,False,Very Low,0,False,False,,gold,,,Mine,WA99
ICMM13757,Puerto Ordaz,,Venezuela,VEN,South America,True,8.28333,-62.73333,True,Refinery,smelter / refinery,False,False,True,False,False,bauxite / aluminium,bauxite / aluminium,1,other,False,False,High,3,True,False,,alumina,,,Refinery,SK1385
ICMM00056,Purgatorio,,Venezuela,VEN,South America,True,7.18927,-60.6905,True,Mine,mine,True,False,False,False,False,copper,copper; gold,2,critical mineral,True,True,Very Low,0,False,False,,copper,gold,,Mine,WA69
ICMM00164,Rio Cuyuni Rio Uey,,Venezuela,VEN,South America,True,6.09097,-61.5716,True,Mine,mine,True,False,False,False,False,gold,gold,1,gold,True,False,Very Low,0,False,False,,gold,,,Mine,WA178
ICMM00038,Santa Ana,Santa Ana; Mina A; La Loca; El Roble; Talisman,Venezuela,VEN,South America,True,7.405424,-61.81622,True,Mine,mine,True,False,False,False,False,gold,gold,1,gold,True,False,Very Low,0,False,False,,gold,,,Mine,WA40; WA41; WA42; WA44; WA45
