icmm_id,role,commodity_raw,mineral,is_critical,country,iso3,lat,lon,reliable
ICMM01390,other,tin,tin,False,Argentina,ARG,-22.70130832,-66.49466293,True
ICMM01390,other,lead,lead,True,Argentina,ARG,-22.70130832,-66.49466293,True
ICMM01390,other,gold,gold,False,Argentina,ARG,-22.70130832,-66.49466293,True
ICMM01390,primary,silver,silver,True,Argentina,ARG,-22.70130832,-66.49466293,True
ICMM01390,secondary,zinc,zinc,True,Argentina,ARG,-22.70130832,-66.49466293,True
ICMM01408,other,zinc,zinc,True,Argentina,ARG,-23.19165,-65.701934,True
ICMM01408,other,copper,copper,True,Argentina,ARG,-23.19165,-65.701934,True
ICMM01408,other,gold,gold,False,Argentina,ARG,-23.19165,-65.701934,True
ICMM01408,other,arsenic,arsenic,True,Argentina,ARG,-23.19165,-65.701934,True
ICMM01408,primary,silver,silver,True,Argentina,ARG,-23.19165,-65.701934,True
ICMM01408,secondary,lead,lead,True,Argentina,ARG,-23.19165,-65.701934,True
ICMM01411,other,gold,gold,False,Argentina,ARG,-23.21971655,-65.68883865,True
ICMM01411,primary,zinc,zinc,True,Argentina,ARG,-23.21971655,-65.68883865,True
ICMM01411,secondary,lead,lead,True,Argentina,ARG,-23.21971655,-65.68883865,True
ICMM01522,other,silver,silver,True,Argentina,ARG,-27.3058,-66.68485,False
ICMM01522,primary,gold,gold,False,Argentina,ARG,-27.3058,-66.68485,False
ICMM01522,secondary,lead,lead,True,Argentina,ARG,-27.3058,-66.68485,False
ICMM01565,primary,tin,tin,False,Argentina,ARG,-27.6541,-67.337,False
ICMM01697,primary,tungsten,tungsten,True,Argentina,ARG,-32.7141,-65.266,False
ICMM01704,primary,tungsten,tungsten,True,Argentina,ARG,-33.1141,-65.9994,False
ICMM01732,primary,barium,barium,False,Argentina,ARG,-37.8642,-70.0245,False
ICMM07901,primary,steel,steel,False,Argentina,ARG,-33.33965124,-60.19587801,True
ICMM07924,other,molybdenum,molybdenum,True,Argentina,ARG,-27.33045839,-66.60897625,True
ICMM07924,other,silver,silver,True,Argentina,ARG,-27.33045839,-66.60897625,True
ICMM07924,primary,copper,copper,True,Argentina,ARG,-27.33045839,-66.60897625,True
ICMM07924,secondary,gold,gold,False,Argentina,ARG,-27.33045839,-66.60897625,True
ICMM08069,primary,gold,gold,False,Argentina,ARG,-31.20931179,-69.63117435,True
ICMM08069,secondary,silver,silver,True,Argentina,ARG,-31.20931179,-69.63117435,True
ICMM08082,other,copper,copper,True,Argentina,ARG,-48.11678842,-66.6552013,True
ICMM08082,primary,gold,gold,False,Argentina,ARG,-48.11678842,-66.6552013,True
ICMM08082,secondary,silver,silver,True,Argentina,ARG,-48.11678842,-66.6552013,True
ICMM08083,primary,gold,gold,False,Argentina,ARG,-46.87175379,-70.21974015,True
ICMM08083,secondary,silver,silver,True,Argentina,ARG,-46.87175379,-70.21974015,True
ICMM08085,primary,gold,gold,False,Argentina,ARG,-48.39389116,-68.2759519,True
ICMM08085,secondary,silver,silver,True,Argentina,ARG,-48.39389116,-68.2759519,True
ICMM08290,other,molybdenum,molybdenum,True,Argentina,ARG,-29.71154952,-68.6229589,True
ICMM08290,other,copper,copper,True,Argentina,ARG,-29.71154952,-68.6229589,True
ICMM08290,other,zinc,zinc,True,Argentina,ARG,-29.71154952,-68.6229589,True
ICMM08290,primary,gold,gold,False,Argentina,ARG,-29.71154952,-68.6229589,True
ICMM08290,secondary,silver,silver,True,Argentina,ARG,-29.71154952,-68.6229589,True
ICMM08491,primary,silver,silver,True,Argentina,ARG,-48.79299997,-69.494,True
ICMM08491,secondary,gold,gold,False,Argentina,ARG,-48.79299997,-69.494,True
ICMM08501,other,silver,silver,True,Argentina,ARG,-48.69340698,-69.69998429,True
ICMM08501,other,zinc,zinc,True,Argentina,ARG,-48.69340698,-69.69998429,True
ICMM08501,primary,gold,gold,False,Argentina,ARG,-48.69340698,-69.69998429,True
ICMM08501,secondary,lead,lead,True,Argentina,ARG,-48.69340698,-69.69998429,True
ICMM08640,primary,gold,gold,False,Argentina,ARG,-29.31827457,-70.0132891,True
ICMM08854,other,molybdenum,molybdenum,True,Argentina,ARG,-24.58890365,-67.74955733,True
ICMM08854,primary,copper,copper,True,Argentina,ARG,-24.58890365,-67.74955733,True
ICMM08854,secondary,gold,gold,False,Argentina,ARG,-24.58890365,-67.74955733,True
ICMM08913,other,copper,copper,True,Argentina,ARG,-29.37299899,-69.9516845,True
ICMM08913,primary,gold,gold,False,Argentina,ARG,-29.37299899,-69.9516845,True
ICMM08913,secondary,silver,silver,True,Argentina,ARG,-29.37299899,-69.9516845,True
ICMM09906,primary,coal,coal,False,Argentina,ARG,-51.5383615,-72.3243515,True
ICMM13418,primary,gold,gold,False,Argentina,ARG,-47.7047,-67.7631,True
ICMM13418,secondary,silver,silver,True,Argentina,ARG,-47.7047,-67.7631,True
ICMM13625,other,copper,copper,True,Argentina,ARG,-25.082705,-67.779475,True
ICMM13625,primary,gold,gold,False,Argentina,ARG,-25.082705,-67.779475,True
ICMM13625,secondary,silver,silver,True,Argentina,ARG,-25.082705,-67.779475,True
ICMM13680,primary,lithium,lithium,True,Argentina,ARG,-25.44202456,-67.10198945,True
ICMM13680,secondary,potash,potash,False,Argentina,ARG,-25.44202456,-67.10198945,True
ICMM13730,primary,lithium,lithium,True,Argentina,ARG,-24.572551,-66.700783,True
ICMM13791,primary,lithium,lithium,True,Argentina,ARG,-23.4690065,-66.6845117,True
ICMM13791,secondary,potash,potash,False,Argentina,ARG,-23.4690065,-66.6845117,True
ICMM13800,other,lead,lead,True,Argentina,ARG,-46.6672546,-70.29810605,True
ICMM13800,other,zinc,zinc,True,Argentina,ARG,-46.6672546,-70.29810605,True
ICMM13800,primary,gold,gold,False,Argentina,ARG,-46.6672546,-70.29810605,True
ICMM13800,secondary,silver,silver,True,Argentina,ARG,-46.6672546,-70.29810605,True
ICMM15709,primary,lithium,lithium,True,Argentina,ARG,-23.42685,-66.64726,True
ICMM15709,secondary,potash,potash,False,Argentina,ARG,-23.42685,-66.64726,True
ICMM18315,primary,aluminium,bauxite / aluminium,False,Argentina,ARG,-42.74,-65.05,True
ICMM00650,primary,gold,gold,False,Bolivia,BOL,-11.0146,-66.0828,False
ICMM00650,secondary,tin,tin,False,Bolivia,BOL,-11.0146,-66.0828,False
ICMM00952,other,cadmium,cadmium,True,Bolivia,BOL,-15.7644,-68.9329,False
ICMM00952,primary,zinc,zinc,True,Bolivia,BOL,-15.7644,-68.9329,False
ICMM00952,secondary,lead,lead,True,Bolivia,BOL,-15.7644,-68.9329,False
ICMM00978,primary,nickel,nickel,True,Bolivia,BOL,-16.3077,-68.1895,False
ICMM00980,primary,tin,tin,False,Bolivia,BOL,-16.331,-68.1523,False
ICMM00980,secondary,tungsten,tungsten,True,Bolivia,BOL,-16.331,-68.1523,False
ICMM00981,primary,tungsten,tungsten,True,Bolivia,BOL,-16.3377,-67.9784,False
ICMM00982,primary,tin,tin,False,Bolivia,BOL,-16.3477,-68.1162,False
ICMM00983,primary,tungsten,tungsten,True,Bolivia,BOL,-16.3577,-67.672,False
ICMM00984,primary,tungsten,tungsten,True,Bolivia,BOL,-16.3644,-67.8328,False
ICMM00985,primary,lead,lead,True,Bolivia,BOL,-16.3702,-68.1995,False
ICMM00985,secondary,tin,tin,False,Bolivia,BOL,-16.3702,-68.1995,False
ICMM01035,primary,tin,tin,False,Bolivia,BOL,-16.9477,-67.2995,False
ICMM01038,primary,tin,tin,False,Bolivia,BOL,-16.981,-67.2662,False
ICMM01066,other,silver,silver,True,Bolivia,BOL,-17.17676,-68.44693,True
ICMM01066,primary,copper,copper,True,Bolivia,BOL,-17.17676,-68.44693,True
ICMM01066,secondary,lead,lead,True,Bolivia,BOL,-17.17676,-68.44693,True
ICMM01069,primary,tungsten,tungsten,True,Bolivia,BOL,-17.1977,-67.0495,False
ICMM01091,other,lead,lead,True,Bolivia,BOL,-17.390565,-67.123205,True
ICMM01091,other,copper,copper,True,Bolivia,BOL,-17.390565,-67.123205,True
ICMM01091,other,silver,silver,True,Bolivia,BOL,-17.390565,-67.123205,True
ICMM01091,primary,tin,tin,False,Bolivia,BOL,-17.390565,-67.123205,True
ICMM01091,secondary,zinc,zinc,True,Bolivia,BOL,-17.390565,-67.123205,True
ICMM01094,primary,silver,silver,True,Bolivia,BOL,-17.3966,-67.1484,False
ICMM01119,primary,tungsten,tungsten,True,Bolivia,BOL,-17.7277,-66.9089,False
ICMM01125,other,copper,copper,True,Bolivia,BOL,-17.79333667,-67.45152,True
ICMM01125,primary,silver,silver,True,Bolivia,BOL,-17.79333667,-67.45152,True
ICMM01125,secondary,gold,gold,False,Bolivia,BOL,-17.79333667,-67.45152,True
ICMM01139,other,lead,lead,True,Bolivia,BOL,-17.95866333,-67.12645,True
ICMM01139,other,copper,copper,True,Bolivia,BOL,-17.95866333,-67.12645,True
ICMM01139,other,antimony,antimony,False,Bolivia,BOL,-17.95866333,-67.12645,True
ICMM01139,other,zinc,zinc,True,Bolivia,BOL,-17.95866333,-67.12645,True
ICMM01139,primary,tin,tin,False,Bolivia,BOL,-17.95866333,-67.12645,True
ICMM01139,secondary,silver,silver,True,Bolivia,BOL,-17.95866333,-67.12645,True
ICMM01140,primary,gold,gold,False,Bolivia,BOL,-17.9638,-67.1545,False
ICMM01140,secondary,copper,copper,True,Bolivia,BOL,-17.9638,-67.1545,False
ICMM01146,primary,tin,tin,False,Bolivia,BOL,-18.0449,-66.5181,False
ICMM01147,other,tin,tin,False,Bolivia,BOL,-18.061075,-66.844075,False
ICMM01147,other,copper,copper,True,Bolivia,BOL,-18.061075,-66.844075,False
ICMM01147,primary,silver,silver,True,Bolivia,BOL,-18.061075,-66.844075,False
ICMM01147,secondary,zinc,zinc,True,Bolivia,BOL,-18.061075,-66.844075,False
ICMM01152,primary,tin,tin,False,Bolivia,BOL,-18.1001,-66.85005,False
ICMM01154,primary,tin,tin,False,Bolivia,BOL,-18.1143,-66.7645,False
ICMM01154,secondary,zinc,zinc,True,Bolivia,BOL,-18.1143,-66.7645,False
ICMM01157,primary,tin,tin,False,Bolivia,BOL,-18.1393,-66.7856,False
ICMM01160,primary,tin,tin,False,Bolivia,BOL,-18.1776,-66.7995,True
ICMM01162,primary,tin,tin,False,Bolivia,BOL,-18.2276,-66.7995,False
ICMM01166,other,lead,lead,True,Bolivia,BOL,-18.27536333,-66.82445667,True
ICMM01166,other,antimony,antimony,False,Bolivia,BOL,-18.27536333,-66.82445667,True
ICMM01166,primary,tin,tin,False,Bolivia,BOL,-18.27536333,-66.82445667,True
ICMM01166,secondary,silver,silver,True,Bolivia,BOL,-18.27536333,-66.82445667,True
ICMM01171,primary,tin,tin,False,Bolivia,BOL,-18.3576,-66.4395,False
ICMM01172,primary,tin,tin,False,Bolivia,BOL,-18.3598,-66.2286,False
ICMM01173,primary,tin,tin,False,Bolivia,BOL,-18.3749,-66.9056,False
ICMM01175,primary,tin,tin,False,Bolivia,BOL,-18.4026,-66.6095,False
ICMM01177,primary,tin,tin,False,Bolivia,BOL,-18.4143,-66.5828,False
ICMM01182,other,silver,silver,True,Bolivia,BOL,-18.47164915,-66.84168145,True
ICMM01182,other,tin,tin,False,Bolivia,BOL,-18.47164915,-66.84168145,True
ICMM01182,primary,zinc,zinc,True,Bolivia,BOL,-18.47164915,-66.84168145,True
ICMM01182,secondary,lead,lead,True,Bolivia,BOL,-18.47164915,-66.84168145,True
ICMM01185,primary,tin,tin,False,Bolivia,BOL,-18.4754,-66.6523,False
ICMM01185,secondary,zinc,zinc,True,Bolivia,BOL,-18.4754,-66.6523,False
ICMM01188,primary,tin,tin,False,Bolivia,BOL,-18.4976,-67.0495,False
ICMM01189,other,lead,lead,True,Bolivia,BOL,-18.512676,-66.861784,True
ICMM01189,other,zinc,zinc,True,Bolivia,BOL,-18.512676,-66.861784,True
ICMM01189,primary,tin,tin,False,Bolivia,BOL,-18.512676,-66.861784,True
ICMM01189,secondary,silver,silver,True,Bolivia,BOL,-18.512676,-66.861784,True
ICMM01192,primary,tin,tin,False,Bolivia,BOL,-18.5476,-66.8995,False
ICMM01197,primary,silver,silver,True,Bolivia,BOL,-18.5976,-66.8661,False
ICMM01204,primary,lead,lead,True,Bolivia,BOL,-18.7337,-66.7209,False
ICMM01204,secondary,antimony,antimony,False,Bolivia,BOL,-18.7337,-66.7209,False
ICMM01232,primary,zinc,zinc,True,Bolivia,BOL,-19.4476,-65.5828,False
ICMM01237,other,lead,lead,True,Bolivia,BOL,-19.571845,-65.977885,True
ICMM01237,primary,silver,silver,True,Bolivia,BOL,-19.571845,-65.977885,True
ICMM01237,secondary,zinc,zinc,True,Bolivia,BOL,-19.571845,-65.977885,True
ICMM01239,other,gold,gold,False,Bolivia,BOL,-19.60734015,-65.74347306,True
ICMM01239,other,lead,lead,True,Bolivia,BOL,-19.60734015,-65.74347306,True
ICMM01239,other,tungsten,tungsten,True,Bolivia,BOL,-19.60734015,-65.74347306,True
ICMM01239,other,zinc,zinc,True,Bolivia,BOL,-19.60734015,-65.74347306,True
ICMM01239,primary,silver,silver,True,Bolivia,BOL,-19.60734015,-65.74347306,True
ICMM01239,secondary,tin,tin,False,Bolivia,BOL,-19.60734015,-65.74347306,True
ICMM01248,primary,antimony,antimony,False,Bolivia,BOL,-19.7623,-65.8425,False
ICMM01248,secondary,gold,gold,False,Bolivia,BOL,-19.7623,-65.8425,False
ICMM01252,primary,tin,tin,False,Bolivia,BOL,-19.8076,-65.6794,False
ICMM01254,other,lead,lead,True,Bolivia,BOL,-19.8141502,-65.9846786,True
ICMM01254,other,copper,copper,True,Bolivia,BOL,-19.8141502,-65.9846786,True
ICMM01254,other,tin,tin,False,Bolivia,BOL,-19.8141502,-65.9846786,True
ICMM01254,other,antimony,antimony,False,Bolivia,BOL,-19.8141502,-65.9846786,True
ICMM01254,primary,zinc,zinc,True,Bolivia,BOL,-19.8141502,-65.9846786,True
ICMM01254,secondary,silver,silver,True,Bolivia,BOL,-19.8141502,-65.9846786,True
ICMM01265,other,tin,tin,False,Bolivia,BOL,-20.0851,-65.9134,False
ICMM01265,primary,antimony,antimony,False,Bolivia,BOL,-20.0851,-65.9134,False
ICMM01265,secondary,gold,gold,False,Bolivia,BOL,-20.0851,-65.9134,False
ICMM01280,other,gallium,gallium,True,Bolivia,BOL,-20.37868,-66.696545,True
ICMM01280,other,gold,gold,False,Bolivia,BOL,-20.37868,-66.696545,True
ICMM01280,other,indium,indium,True,Bolivia,BOL,-20.37868,-66.696545,True
ICMM01280,other,antimony,antimony,False,Bolivia,BOL,-20.37868,-66.696545,True
ICMM01280,other,copper,copper,True,Bolivia,BOL,-20.37868,-66.696545,True
ICMM01280,other,zinc,zinc,True,Bolivia,BOL,-20.37868,-66.696545,True
ICMM01280,primary,lead,lead,True,Bolivia,BOL,-20.37868,-66.696545,True
ICMM01280,secondary,silver,silver,True,Bolivia,BOL,-20.37868,-66.696545,True
ICMM01309,other,antimony,antimony,False,Bolivia,BOL,-21.10081333,-67.20715667,True
ICMM01309,other,copper,copper,True,Bolivia,BOL,-21.10081333,-67.20715667,True
ICMM01309,primary,zinc,zinc,True,Bolivia,BOL,-21.10081333,-67.20715667,True
ICMM01309,secondary,silver,silver,True,Bolivia,BOL,-21.10081333,-67.20715667,True
ICMM01322,primary,antimony,antimony,False,Bolivia,BOL,-21.3976,-66.0994,False
ICMM01325,other,lead,lead,True,Bolivia,BOL,-21.54825,-66.11195,False
ICMM01325,primary,antimony,antimony,False,Bolivia,BOL,-21.54825,-66.11195,False
ICMM01325,secondary,gold,gold,False,Bolivia,BOL,-21.54825,-66.11195,False
ICMM08759,other,lead,lead,True,Bolivia,BOL,-21.26884012,-66.31690763,True
ICMM08759,other,copper,copper,True,Bolivia,BOL,-21.26884012,-66.31690763,True
ICMM08759,other,gold,gold,False,Bolivia,BOL,-21.26884012,-66.31690763,True
ICMM08759,other,cadmium,cadmium,True,Bolivia,BOL,-21.26884012,-66.31690763,True
ICMM08759,primary,silver,silver,True,Bolivia,BOL,-21.26884012,-66.31690763,True
ICMM08759,secondary,zinc,zinc,True,Bolivia,BOL,-21.26884012,-66.31690763,True
ICMM13355,primary,zinc,zinc,True,Bolivia,BOL,-19.7048007,-65.6807452,True
ICMM14327,other,zinc,zinc,True,Bolivia,BOL,-21.16674,-66.1333,True
ICMM14327,other,cadmium,cadmium,True,Bolivia,BOL,-21.16674,-66.1333,True
ICMM14327,other,gold,gold,False,Bolivia,BOL,-21.16674,-66.1333,True
ICMM14327,primary,lead,lead,True,Bolivia,BOL,-21.16674,-66.1333,True
ICMM14327,secondary,silver,silver,True,Bolivia,BOL,-21.16674,-66.1333,True
ICMM15487,primary,lithium,lithium,True,Bolivia,BOL,-20.54285,-67.37803,True
ICMM15487,secondary,magnesium,magnesium,True,Bolivia,BOL,-20.54285,-67.37803,True
ICMM00264,primary,gold,gold,False,Brazil,BRA,2.309065,-51.632915,True
ICMM00341,primary,tungsten,tungsten,True,Brazil,BRA,-5.58142,-36.6656,False
ICMM00343,primary,tungsten,tungsten,True,Brazil,BRA,-5.68142,-36.7989,False
ICMM00349,primary,tungsten,tungsten,True,Brazil,BRA,-5.83141,-36.1156,True
ICMM00361,primary,tungsten,tungsten,True,Brazil,BRA,-6.01474,-37.0989,False
ICMM00362,primary,gold,gold,False,Brazil,BRA,-6.06059,-49.7719,False
ICMM00363,primary,gold,gold,False,Brazil,BRA,-6.0587455,-56.296634,True
ICMM00365,primary,gold,gold,False,Brazil,BRA,-6.083059667,-50.17569467,True
ICMM00365,secondary,iron ore,iron ore,False,Brazil,BRA,-6.083059667,-50.17569467,True
ICMM00367,primary,gold,gold,False,Brazil,BRA,-6.0981,-57.366,False
ICMM00371,primary,gold,gold,False,Brazil,BRA,-6.18139,-36.2822,False
ICMM00374,primary,tin,tin,False,Brazil,BRA,-6.23142,-55.8493,False
ICMM00377,primary,tungsten,tungsten,True,Brazil,BRA,-6.28333,-36.5355,False
ICMM00379,primary,tungsten,tungsten,True,Brazil,BRA,-6.31472,-36.5822,False
ICMM00383,primary,tungsten,tungsten,True,Brazil,BRA,-6.36472,-36.6989,False
ICMM00387,primary,gold,gold,False,Brazil,BRA,-6.38141,-56.2826,False
ICMM00390,primary,copper,copper,True,Brazil,BRA,-6.41272796,-50.06341509,True
ICMM00390,secondary,gold,gold,False,Brazil,BRA,-6.41272796,-50.06341509,True
ICMM00394,primary,tungsten,tungsten,True,Brazil,BRA,-6.44804,-37.3322,False
ICMM00397,primary,tungsten,tungsten,True,Brazil,BRA,-6.46471,-37.7489,False
ICMM00398,primary,tin,tin,False,Brazil,BRA,-6.51474,-50.2825,False
ICMM00399,primary,tungsten,tungsten,True,Brazil,BRA,-6.55387,-37.1581,False
ICMM00403,primary,tungsten,tungsten,True,Brazil,BRA,-6.69803,-36.7489,False
ICMM00405,primary,tin,tin,False,Brazil,BRA,-6.71474,-56.2493,False
ICMM00413,primary,gold,gold,False,Brazil,BRA,-6.80681,-56.611005,True
ICMM00416,primary,gold,gold,False,Brazil,BRA,-6.83139,-56.8326,False
ICMM00418,primary,gold,gold,False,Brazil,BRA,-6.87277,-50.155,False
ICMM00419,primary,gold,gold,False,Brazil,BRA,-6.87805,-50.448,False
ICMM00428,primary,gold,gold,False,Brazil,BRA,-7.04805,-56.9159,False
ICMM00432,primary,gold,gold,False,Brazil,BRA,-7.29804,-56.5659,False
ICMM00454,primary,tin,tin,False,Brazil,BRA,-8.01468,-61.8494,False
ICMM00480,primary,gold,gold,False,Brazil,BRA,-9.08129,-58.566,False
ICMM00481,primary,tin,tin,False,Brazil,BRA,-9.11467,-63.1494,False
ICMM00484,primary,tin,tin,False,Brazil,BRA,-9.14797,-62.8994,False
ICMM00488,primary,tin,tin,False,Brazil,BRA,-9.19796,-63.0494,False
ICMM00490,primary,tin,tin,False,Brazil,BRA,-9.21463,-61.416,True
ICMM00510,primary,tin,tin,False,Brazil,BRA,-9.36463,-64.9994,True
ICMM00514,primary,tin,tin,False,Brazil,BRA,-9.38129,-62.9161,False
ICMM00516,primary,tin,tin,False,Brazil,BRA,-9.39796,-63.0661,False
ICMM00519,primary,tin,tin,False,Brazil,BRA,-9.44796,-65.1328,False
ICMM00520,primary,tin,tin,False,Brazil,BRA,-9.44796,-65.0328,False
ICMM00521,primary,tin,tin,False,Brazil,BRA,-9.46463,-65.1661,False
ICMM00537,primary,tin,tin,False,Brazil,BRA,-9.54795,-62.4161,False
ICMM00560,primary,tin,tin,False,Brazil,BRA,-9.79794,-63.0327,False
ICMM00563,primary,gold,gold,False,Brazil,BRA,-9.82877,-65.2792,False
ICMM00566,other,cobalt,cobalt,True,Brazil,BRA,-9.864831575,-39.8674088,True
ICMM00566,other,nickel,nickel,True,Brazil,BRA,-9.864831575,-39.8674088,True
ICMM00566,other,palladium,PGM,True,Brazil,BRA,-9.864831575,-39.8674088,True
ICMM00566,other,silver,silver,True,Brazil,BRA,-9.864831575,-39.8674088,True
ICMM00566,primary,copper,copper,True,Brazil,BRA,-9.864831575,-39.8674088,True
ICMM00566,secondary,gold,gold,False,Brazil,BRA,-9.864831575,-39.8674088,True
ICMM00639,primary,PGE / PGM,PGM,True,Brazil,BRA,-10.771,-53.089,False
ICMM00675,primary,gold,gold,False,Brazil,BRA,-11.45505442,-39.07964863,True
ICMM01072,other,lead,lead,True,Brazil,BRA,-17.20121231,-46.8747858,True
ICMM01072,primary,gold,gold,False,Brazil,BRA,-17.20121231,-46.8747858,True
ICMM01072,secondary,silver,silver,True,Brazil,BRA,-17.20121231,-46.8747858,True
ICMM01103,other,silver,silver,True,Brazil,BRA,-17.4950331,-46.81726535,True
ICMM01103,other,gold,gold,False,Brazil,BRA,-17.4950331,-46.81726535,True
ICMM01103,other,cadmium,cadmium,True,Brazil,BRA,-17.4950331,-46.81726535,True
ICMM01103,primary,zinc,zinc,True,Brazil,BRA,-17.4950331,-46.81726535,True
ICMM01103,secondary,lead,lead,True,Brazil,BRA,-17.4950331,-46.81726535,True
ICMM01120,primary,PGE / PGM,PGM,True,Brazil,BRA,-17.7309,-41.4323,False
ICMM01141,other,silver,silver,True,Brazil,BRA,-17.969545,-46.84419,True
ICMM01141,other,copper,copper,True,Brazil,BRA,-17.969545,-46.84419,True
ICMM01141,other,cadmium,cadmium,True,Brazil,BRA,-17.969545,-46.84419,True
ICMM01141,primary,zinc,zinc,True,Brazil,BRA,-17.969545,-46.84419,True
ICMM01141,secondary,lead,lead,True,Brazil,BRA,-17.969545,-46.84419,True
ICMM01156,other,diamond,diamond,False,Brazil,BRA,-18.13802607,-47.80698541,True
ICMM01156,other,gold,gold,False,Brazil,BRA,-18.13802607,-47.80698541,True
ICMM01156,other,copper,copper,True,Brazil,BRA,-18.13802607,-47.80698541,True
ICMM01156,other,barium,barium,False,Brazil,BRA,-18.13802607,-47.80698541,True
ICMM01156,other,lanthanides,rare earths,True,Brazil,BRA,-18.13802607,-47.80698541,True
ICMM01156,other,silver,silver,True,Brazil,BRA,-18.13802607,-47.80698541,True
ICMM01156,primary,niobium,niobium,True,Brazil,BRA,-18.13802607,-47.80698541,True
ICMM01156,secondary,phosphate,phosphate,False,Brazil,BRA,-18.13802607,-47.80698541,True
ICMM01221,primary,PGE / PGM,PGM,True,Brazil,BRA,-19.2308,-43.3823,False
ICMM01238,primary,iron ore,iron ore,False,Brazil,BRA,-19.60468803,-43.23148358,True
ICMM01238,secondary,gold,gold,False,Brazil,BRA,-19.60468803,-43.23148358,True
ICMM01242,primary,gold,gold,False,Brazil,BRA,-19.6542,-43.2834,False
ICMM01255,primary,gold,gold,False,Brazil,BRA,-19.8614226,-43.7406284,True
ICMM01256,other,platinum,PGM,True,Brazil,BRA,-19.96507857,-43.83218286,True
ICMM01256,other,arsenic,arsenic,True,Brazil,BRA,-19.96507857,-43.83218286,True
ICMM01256,primary,gold,gold,False,Brazil,BRA,-19.96507857,-43.83218286,True
ICMM01256,secondary,silver,silver,True,Brazil,BRA,-19.96507857,-43.83218286,True
ICMM01258,primary,gold,gold,False,Brazil,BRA,-19.966845,-43.474445,True
ICMM01258,secondary,silver,silver,True,Brazil,BRA,-19.966845,-43.474445,True
ICMM01270,primary,gold,gold,False,Brazil,BRA,-20.1739,-43.4084,False
ICMM01276,primary,gold,gold,False,Brazil,BRA,-20.315191,-43.429069,False
ICMM01276,secondary,iron ore,iron ore,False,Brazil,BRA,-20.315191,-43.429069,False
ICMM01308,other,niobium,niobium,True,Brazil,BRA,-21.08632713,-44.60019833,True
ICMM01308,other,tin,tin,False,Brazil,BRA,-21.08632713,-44.60019833,True
ICMM01308,primary,lithium,lithium,True,Brazil,BRA,-21.08632713,-44.60019833,True
ICMM01308,secondary,tantalum,tantalum,True,Brazil,BRA,-21.08632713,-44.60019833,True
ICMM01310,primary,tin,tin,False,Brazil,BRA,-21.1033,-44.5481,False
ICMM01399,primary,zinc,zinc,True,Brazil,BRA,-22.8641,-43.7822,False
ICMM01427,primary,copper,copper,True,Brazil,BRA,-24.0474,-48.8324,False
ICMM01439,primary,zinc,zinc,True,Brazil,BRA,-24.4974,-51.4991,False
ICMM01439,secondary,gold,gold,False,Brazil,BRA,-24.4974,-51.4991,False
ICMM01669,primary,copper,copper,True,Brazil,BRA,-30.914,-53.4324,False
ICMM01669,secondary,gold,gold,False,Brazil,BRA,-30.914,-53.4324,False
ICMM07913,primary,alumina,bauxite / aluminium,False,Brazil,BRA,-1.548143025,-48.73269698,True
ICMM07923,primary,aluminium,bauxite / aluminium,False,Brazil,BRA,-2.707507207,-44.33281215,True
ICMM07925,primary,iron ore,iron ore,False,Brazil,BRA,0.81598929,-51.86866096,True
ICMM07933,primary,gold,gold,False,Brazil,BRA,-7.460555574,-49.81638889,True
ICMM07934,primary,iron ore,iron ore,False,Brazil,BRA,-19.78961169,-43.17997355,True
ICMM07938,other,silver,silver,True,Brazil,BRA,-6.240261221,-49.75298119,True
ICMM07938,primary,copper,copper,True,Brazil,BRA,-6.240261221,-49.75298119,True
ICMM07938,secondary,gold,gold,False,Brazil,BRA,-6.240261221,-49.75298119,True
ICMM07942,primary,phosphate,phosphate,False,Brazil,BRA,-19.8422514,-46.85156163,True
ICMM07943,primary,ferroniobium,niobium,True,Brazil,BRA,-19.66568665,-46.90970839,True
ICMM07949,primary,steel,steel,False,Brazil,BRA,-20.22915884,-40.25436806,True
ICMM07966,primary,manganese,manganese,True,Brazil,BRA,-6.105081598,-50.29913946,True
ICMM07977,primary,ferromanganese,manganese,True,Brazil,BRA,-21.20023707,-43.81558534,True
ICMM07979,other,manganese,manganese,True,Brazil,BRA,-15.07837885,-48.9447367,True
ICMM07979,other,cobalt,cobalt,True,Brazil,BRA,-15.07837885,-48.9447367,True
ICMM07979,primary,ferronickel,nickel,True,Brazil,BRA,-15.07837885,-48.9447367,True
ICMM08058,primary,phosphate,phosphate,False,Brazil,BRA,-24.70513051,-48.12976271,True
ICMM08070,primary,phosphate,phosphate,False,Brazil,BRA,-18.16411497,-47.88082529,True
ICMM08109,other,cobalt,cobalt,True,Brazil,BRA,-14.15685036,-48.339288,True
ICMM08109,other,manganese,manganese,True,Brazil,BRA,-14.15685036,-48.339288,True
ICMM08109,primary,ferronickel,nickel,True,Brazil,BRA,-14.15685036,-48.339288,True
ICMM08109,secondary,copper,copper,True,Brazil,BRA,-14.15685036,-48.339288,True
ICMM08123,primary,iron ore,iron ore,False,Brazil,BRA,-19.21122147,-57.57097668,True
ICMM08126,primary,steel,steel,False,Brazil,BRA,-23.85528147,-46.37971681,True
ICMM08126,secondary,phosphate,phosphate,False,Brazil,BRA,-23.85528147,-46.37971681,True
ICMM08209,primary,iron ore,iron ore,False,Brazil,BRA,-20.18190616,-43.87083785,True
ICMM08222,other,cobalt,cobalt,True,Brazil,BRA,-20.89629934,-46.70947398,True
ICMM08222,other,palladium,PGM,True,Brazil,BRA,-20.89629934,-46.70947398,True
ICMM08222,primary,nickel,nickel,True,Brazil,BRA,-20.89629934,-46.70947398,True
ICMM08222,secondary,copper,copper,True,Brazil,BRA,-20.89629934,-46.70947398,True
ICMM08243,primary,steel,steel,False,Brazil,BRA,-8.07396822,-34.97702611,True
ICMM08244,primary,steel,steel,False,Brazil,BRA,-19.93730051,-43.48008846,True
ICMM08247,primary,steel,steel,False,Brazil,BRA,-3.854267449,-38.60543183,True
ICMM08249,primary,steel,steel,False,Brazil,BRA,-29.95090142,-51.61557997,True
ICMM08249,secondary,coal,coal,False,Brazil,BRA,-29.95090142,-51.61557997,True
ICMM08250,primary,steel,steel,False,Brazil,BRA,-19.96203109,-44.02396963,True
ICMM08251,primary,steel,steel,False,Brazil,BRA,-22.9053272,-43.74567219,True
ICMM08252,primary,steel,steel,False,Brazil,BRA,-20.15320152,-44.87817863,True
ICMM08254,primary,steel,steel,False,Brazil,BRA,-25.56288999,-49.41943406,True
ICMM08259,primary,steel,steel,False,Brazil,BRA,-23.52470799,-46.15767022,True
ICMM08261,primary,steel,steel,False,Brazil,BRA,-20.54131008,-43.75307254,True
ICMM08263,primary,steel,steel,False,Brazil,BRA,-22.90263723,-45.35317516,True
ICMM08264,primary,steel,steel,False,Brazil,BRA,-29.81495022,-51.17505204,True
ICMM08265,primary,steel,steel,False,Brazil,BRA,-23.43840015,-47.08828435,True
ICMM08266,primary,steel,steel,False,Brazil,BRA,-19.52332109,-44.26565064,True
ICMM08268,primary,steel,steel,False,Brazil,BRA,-12.85173003,-38.42855056,True
ICMM08337,primary,steel,steel,False,Brazil,BRA,-19.48644993,-42.54398567,True
ICMM08347,primary,iron ore,iron ore,False,Brazil,BRA,-20.16404974,-44.45241113,True
ICMM08351,other,uranium,uranium,False,Brazil,BRA,-11.25535086,-40.5208686,True
ICMM08351,primary,gold,gold,False,Brazil,BRA,-11.25535086,-40.5208686,True
ICMM08351,secondary,silver,silver,True,Brazil,BRA,-11.25535086,-40.5208686,True
ICMM08358,primary,steel,steel,False,Brazil,BRA,-19.82829202,-43.12900468,True
ICMM08525,primary,iron ore,iron ore,False,Brazil,BRA,-20.44131609,-43.78162227,True
ICMM08533,primary,iron ore,iron ore,False,Brazil,BRA,-19.9382221,-43.19435907,True
ICMM08534,primary,iron ore,iron ore,False,Brazil,BRA,-20.42232002,-43.86743454,True
ICMM08553,primary,manganese,manganese,True,Brazil,BRA,-20.63417642,-43.76923348,True
ICMM08555,primary,gold,gold,False,Brazil,BRA,-24.51499997,-48.8322222,True
ICMM08622,primary,ferronickel,nickel,True,Brazil,BRA,-6.573894069,-51.09312525,True
ICMM08627,primary,ferrosilicon manganese,manganese,True,Brazil,BRA,-20.41962204,-43.55136284,True
ICMM08637,primary,bauxite,bauxite / aluminium,False,Brazil,BRA,-3.267228337,-47.7376609,True
ICMM08639,primary,iron ore,iron ore,False,Brazil,BRA,-20.09429377,-44.09093503,True
ICMM08641,primary,phosphate,phosphate,False,Brazil,BRA,-18.37446735,-46.91427196,True
ICMM08661,primary,alumina,bauxite / aluminium,False,Brazil,BRA,-21.84653632,-46.58988045,True
ICMM08671,other,coal,coal,False,Brazil,BRA,-22.51264486,-44.11331123,True
ICMM08671,primary,steel,steel,False,Brazil,BRA,-22.51264486,-44.11331123,True
ICMM08671,secondary,iron,iron ore,False,Brazil,BRA,-22.51264486,-44.11331123,True
ICMM08747,other,silver,silver,True,Brazil,BRA,-5.795019115,-50.53369543,True
ICMM08747,primary,copper,copper,True,Brazil,BRA,-5.795019115,-50.53369543,True
ICMM08747,secondary,gold,gold,False,Brazil,BRA,-5.795019115,-50.53369543,True
ICMM08749,primary,iron ore,iron ore,False,Brazil,BRA,-20.20101903,-43.49686833,True
ICMM08762,primary,gold,gold,False,Brazil,BRA,-14.84988644,-59.6495942,True
ICMM08763,primary,iron ore,iron ore,False,Brazil,BRA,-2.56297408,-44.34783312,True
ICMM08779,primary,iron ore,iron ore,False,Brazil,BRA,-20.13302159,-44.39235143,True
ICMM08780,primary,gold,gold,False,Brazil,BRA,-14.57432252,-49.96664525,True
ICMM08780,secondary,silver,silver,True,Brazil,BRA,-14.57432252,-49.96664525,True
ICMM08781,primary,iron ore,iron ore,False,Brazil,BRA,-5.971375725,-49.62890693,True
ICMM08782,primary,iron ore,iron ore,False,Brazil,BRA,-6.077084996,-50.14168564,True
ICMM08783,primary,iron ore,iron ore,False,Brazil,BRA,-6.397753919,-50.3308452,True
ICMM08812,primary,ferromanganese,manganese,True,Brazil,BRA,-12.7849316,-38.41485567,True
ICMM08863,primary,potash,potash,False,Brazil,BRA,-10.65188733,-37.03430262,True
ICMM08905,primary,manganese,manganese,True,Brazil,BRA,-19.19055004,-57.61079753,True
ICMM08905,secondary,iron ore,iron ore,False,Brazil,BRA,-19.19055004,-57.61079753,True
ICMM08909,primary,iron ore,iron ore,False,Brazil,BRA,-20.27390218,-40.24333439,True
ICMM08910,primary,aluminium,bauxite / aluminium,False,Brazil,BRA,-22.89944107,-43.65143741,True
ICMM09029,primary,coal,coal,False,Brazil,BRA,-30.015319,-51.532337,True
ICMM09030,primary,coal,coal,False,Brazil,BRA,-30.105667,-51.9396025,True
ICMM09031,primary,coal,coal,False,Brazil,BRA,-31.449159,-53.707527,True
ICMM09917,primary,coal,coal,False,Brazil,BRA,-30.0918155,-51.712267,True
ICMM09918,primary,coal,coal,False,Brazil,BRA,-30.390024,-53.0463,True
ICMM11508,primary,coal,coal,False,Brazil,BRA,-28.487703,-49.461241,True
ICMM11509,primary,coal,coal,False,Brazil,BRA,-28.787832,-49.446599,True
ICMM12808,primary,iron ore,iron ore,False,Brazil,BRA,-19.651946,-43.258657,True
ICMM12810,primary,iron ore,iron ore,False,Brazil,BRA,-18.893909,-43.419568,True
ICMM12811,primary,iron ore,iron ore,False,Brazil,BRA,-19.26005,-57.5327205,True
ICMM12812,primary,iron ore,iron ore,False,Brazil,BRA,-20.1526755,-43.978946,True
ICMM12813,primary,iron ore,iron ore,False,Brazil,BRA,-14.361357,-42.537808,True
ICMM12816,primary,iron ore,iron ore,False,Brazil,BRA,-20.051189,-43.9637895,True
ICMM12817,primary,iron ore,iron ore,False,Brazil,BRA,-19.938707,-43.2315335,True
ICMM12820,primary,iron ore,iron ore,False,Brazil,BRA,0.3998495,-51.755119,True
ICMM12820,secondary,chromite,chromium,True,Brazil,BRA,0.3998495,-51.755119,True
ICMM12821,primary,iron ore,iron ore,False,Brazil,BRA,-20.287618,-43.939659,True
ICMM12823,primary,iron ore,iron ore,False,Brazil,BRA,-20.254464,-43.512377,True
ICMM12828,primary,iron ore,iron ore,False,Brazil,BRA,-20.250236,-43.926911,True
ICMM12829,primary,iron ore,iron ore,False,Brazil,BRA,-20.615637,-44.338004,True
ICMM12830,primary,iron ore,iron ore,False,Brazil,BRA,-20.11527983,-44.2902335,True
ICMM12830,secondary,manganese,manganese,True,Brazil,BRA,-20.11527983,-44.2902335,True
ICMM12831,primary,iron ore,iron ore,False,Brazil,BRA,-9.852373,-42.056227,True
ICMM12843,primary,iron ore,iron ore,False,Brazil,BRA,-20.498308,-43.9185175,True
ICMM12936,primary,iron ore,iron ore,False,Brazil,BRA,-20.11090867,-44.229157,True
ICMM13081,primary,iron ore,iron ore,False,Brazil,BRA,-19.547949,-43.018538,True
ICMM13082,primary,iron ore,iron ore,False,Brazil,BRA,-19.564705,-42.738902,True
ICMM13083,primary,iron ore,iron ore,False,Brazil,BRA,-20.027693,-43.591602,True
ICMM13084,primary,iron ore,iron ore,False,Brazil,BRA,-20.01137,-43.572823,True
ICMM13127,primary,iron ore,iron ore,False,Brazil,BRA,-20.46470067,-43.919336,True
ICMM13129,primary,iron ore,iron ore,False,Brazil,BRA,-19.938825,-43.886341,True
ICMM13135,primary,iron ore,iron ore,False,Brazil,BRA,-19.9607015,-43.599379,True
ICMM13136,primary,iron ore,iron ore,False,Brazil,BRA,-20.122222,-44.102778,True
ICMM13250,primary,iron ore,iron ore,False,Brazil,BRA,-20.070142,-44.111711,True
ICMM13263,primary,iron ore,iron ore,False,Brazil,BRA,-20.301255,-43.910692,True
ICMM13286,primary,gold,gold,False,Brazil,BRA,-11.69904142,-47.16078709,True
ICMM13286,secondary,silver,silver,True,Brazil,BRA,-11.69904142,-47.16078709,True
ICMM13292,primary,alumina,bauxite / aluminium,False,Brazil,BRA,-23.53187667,-47.26779,True
ICMM13302,primary,gold,gold,False,Brazil,BRA,-15.3315357,-59.2766182,True
ICMM13307,other,copper,copper,True,Brazil,BRA,-10.057188,-59.504196,True
ICMM13307,other,silver,silver,True,Brazil,BRA,-10.057188,-59.504196,True
ICMM13307,other,gold,gold,False,Brazil,BRA,-10.057188,-59.504196,True
ICMM13307,primary,zinc,zinc,True,Brazil,BRA,-10.057188,-59.504196,True
ICMM13307,secondary,lead,lead,True,Brazil,BRA,-10.057188,-59.504196,True
ICMM13356,primary,lithium,lithium,True,Brazil,BRA,-16.7765925,-41.90839945,True
ICMM13363,primary,iron ore,iron ore,False,Brazil,BRA,-6.053055,-50.17503,True
ICMM13379,other,silver,silver,True,Brazil,BRA,-14.233307,-49.371417,True
ICMM13379,primary,copper,copper,True,Brazil,BRA,-14.233307,-49.371417,True
ICMM13379,secondary,gold,gold,False,Brazil,BRA,-14.233307,-49.371417,True
ICMM13488,primary,lithium,lithium,True,Brazil,BRA,-16.73566475,-41.90514155,True
ICMM13569,primary,zinc,zinc,True,Brazil,BRA,-21.83908,-43.38179,True
ICMM13569,secondary,cadmium,cadmium,True,Brazil,BRA,-21.83908,-43.38179,True
ICMM13643,primary,iron ore,iron ore,False,Brazil,BRA,-20.205755,-43.4444715,True
ICMM13670,primary,gold,gold,False,Brazil,BRA,-10.78333,-48.0,True
ICMM13720,primary,alumina,bauxite / aluminium,False,Brazil,BRA,-20.39923667,-43.52024667,True
ICMM13727,primary,copper,copper,True,Brazil,BRA,-12.69695,-38.32194,True
ICMM13738,primary,nickel,nickel,True,Brazil,BRA,-8.4729669,-41.97403497,True
ICMM13738,secondary,cobalt,cobalt,True,Brazil,BRA,-8.4729669,-41.97403497,True
ICMM13778,primary,gold,gold,False,Brazil,BRA,-16.0560689,-43.12382735,True
ICMM13778,secondary,silver,silver,True,Brazil,BRA,-16.0560689,-43.12382735,True
ICMM13807,primary,gold,gold,False,Brazil,BRA,-10.99991488,-39.3043278,True
ICMM13809,other,gold,gold,False,Brazil,BRA,-14.1853135,-39.70186365,True
ICMM13809,other,cobalt,cobalt,True,Brazil,BRA,-14.1853135,-39.70186365,True
ICMM13809,other,palladium,PGM,True,Brazil,BRA,-14.1853135,-39.70186365,True
ICMM13809,primary,nickel,nickel,True,Brazil,BRA,-14.1853135,-39.70186365,True
ICMM13809,secondary,copper,copper,True,Brazil,BRA,-14.1853135,-39.70186365,True
ICMM13866,primary,zinc,zinc,True,Brazil,BRA,-18.18938905,-45.2432628,True
ICMM13866,secondary,lead,lead,True,Brazil,BRA,-18.18938905,-45.2432628,True
ICMM13871,other,silver,silver,True,Brazil,BRA,0.852849667,-51.88719833,True
ICMM13871,primary,gold,gold,False,Brazil,BRA,0.852849667,-51.88719833,True
ICMM13871,secondary,iron ore,iron ore,False,Brazil,BRA,0.852849667,-51.88719833,True
ICMM13882,primary,iron ore,iron ore,False,Brazil,BRA,-20.236804,-43.864175,True
ICMM13903,primary,gold,gold,False,Brazil,BRA,-14.63686145,-52.4997991,True
ICMM13903,secondary,silver,silver,True,Brazil,BRA,-14.63686145,-52.4997991,True
ICMM14013,other,silver,silver,True,Brazil,BRA,-5.94481,-49.66632,True
ICMM14013,primary,gold,gold,False,Brazil,BRA,-5.94481,-49.66632,True
ICMM14013,secondary,PGE / PGM,PGM,True,Brazil,BRA,-5.94481,-49.66632,True
ICMM14283,primary,gold,gold,False,Brazil,BRA,-13.97306,-49.18181,True
ICMM14283,secondary,silver,silver,True,Brazil,BRA,-13.97306,-49.18181,True
ICMM14289,other,tantalum,tantalum,True,Brazil,BRA,-0.76095,-60.10624,True
ICMM14289,other,thorium,thorium,False,Brazil,BRA,-0.76095,-60.10624,True
ICMM14289,other,lanthanides,rare earths,True,Brazil,BRA,-0.76095,-60.10624,True
ICMM14289,other,uranium,uranium,False,Brazil,BRA,-0.76095,-60.10624,True
ICMM14289,primary,tin,tin,False,Brazil,BRA,-0.76095,-60.10624,True
ICMM14289,secondary,niobium,niobium,True,Brazil,BRA,-0.76095,-60.10624,True
ICMM14354,other,chromite,chromium,True,Brazil,BRA,-14.41936,-48.43889,True
ICMM14354,primary,nickel,nickel,True,Brazil,BRA,-14.41936,-48.43889,True
ICMM14354,secondary,cobalt,cobalt,True,Brazil,BRA,-14.41936,-48.43889,True
ICMM14621,primary,gold,gold,False,Brazil,BRA,-1.29753,-45.75022,True
ICMM15519,primary,gold,gold,False,Brazil,BRA,-14.74992,-49.60729,True
ICMM16888,primary,bauxite,bauxite / aluminium,False,Brazil,BRA,-1.68,-56.45,True
ICMM17357,primary,bauxite,bauxite / aluminium,False,Brazil,BRA,-2.508,-56.168,True
ICMM17796,primary,chromite,chromium,True,Brazil,BRA,-10.54546,-40.41221,True
ICMM18901,primary,ferrochrome,chromium,True,Brazil,BRA,-12.4,-38.344,True
ICMM18901,secondary,ferrosilicon,silicon,True,Brazil,BRA,-12.4,-38.344,True
ICMM19022,primary,tin,tin,False,Brazil,BRA,-6.85093,-51.99503,True
ICMM19022,secondary,tungsten,tungsten,True,Brazil,BRA,-6.85093,-51.99503,True
ICMM19790,primary,chromite,chromium,True,Brazil,BRA,-10.545,-40.355,True
ICMM19859,primary,chromite,chromium,True,Brazil,BRA,-10.34199,-39.77819,True
ICMM01168,primary,gold,gold,False,Chile,CHL,-18.3029,-69.2779,False
ICMM01168,secondary,lead,lead,True,Chile,CHL,-18.3029,-69.2779,False
ICMM01264,primary,copper,copper,True,Chile,CHL,-20.04767333,-69.26007367,True
ICMM01264,secondary,molybdenum,molybdenum,True,Chile,CHL,-20.04767333,-69.26007367,True
ICMM01268,primary,copper,copper,True,Chile,CHL,-20.18306333,-69.33532333,True
ICMM01296,other,silver,silver,True,Chile,CHL,-20.98009355,-68.71260372,True
ICMM01296,other,gold,gold,False,Chile,CHL,-20.98009355,-68.71260372,True
ICMM01296,primary,copper,copper,True,Chile,CHL,-20.98009355,-68.71260372,True
ICMM01296,secondary,molybdenum,molybdenum,True,Chile,CHL,-20.98009355,-68.71260372,True
ICMM01301,other,rhenium,rhenium,False,Chile,CHL,-21.00208217,-68.8001639,True
ICMM01301,other,silver,silver,True,Chile,CHL,-21.00208217,-68.8001639,True
ICMM01301,primary,copper,copper,True,Chile,CHL,-21.00208217,-68.8001639,True
ICMM01301,secondary,molybdenum,molybdenum,True,Chile,CHL,-21.00208217,-68.8001639,True
ICMM01364,primary,copper,copper,True,Chile,CHL,-22.0776,-70.1829,False
ICMM01364,secondary,cobalt,cobalt,True,Chile,CHL,-22.0776,-70.1829,False
ICMM01372,other,lead,lead,True,Chile,CHL,-22.29680801,-68.90307059,True
ICMM01372,other,molybdenum,molybdenum,True,Chile,CHL,-22.29680801,-68.90307059,True
ICMM01372,other,rhenium,rhenium,False,Chile,CHL,-22.29680801,-68.90307059,True
ICMM01372,other,silver,silver,True,Chile,CHL,-22.29680801,-68.90307059,True
ICMM01372,primary,copper,copper,True,Chile,CHL,-22.29680801,-68.90307059,True
ICMM01372,secondary,gold,gold,False,Chile,CHL,-22.29680801,-68.90307059,True
ICMM01374,primary,chromium,chromium,True,Chile,CHL,-22.3142,-69.6662,False
ICMM01384,primary,copper,copper,True,Chile,CHL,-22.53828,-68.42428,True
ICMM01384,secondary,silver,silver,True,Chile,CHL,-22.53828,-68.42428,True
ICMM01385,primary,copper,copper,True,Chile,CHL,-22.6778872,-70.1724868,True
ICMM01395,other,copper,copper,True,Chile,CHL,-22.80513,-69.38408667,True
ICMM01395,primary,gold,gold,False,Chile,CHL,-22.80513,-69.38408667,True
ICMM01395,secondary,silver,silver,True,Chile,CHL,-22.80513,-69.38408667,True
ICMM01397,other,lead,lead,True,Chile,CHL,-22.851564,-69.341182,True
ICMM01397,other,gold,gold,False,Chile,CHL,-22.851564,-69.341182,True
ICMM01397,other,silver,silver,True,Chile,CHL,-22.851564,-69.341182,True
ICMM01397,primary,copper,copper,True,Chile,CHL,-22.851564,-69.341182,True
ICMM01397,secondary,molybdenum,molybdenum,True,Chile,CHL,-22.851564,-69.341182,True
ICMM01403,other,molybdenum,molybdenum,True,Chile,CHL,-22.958744,-69.0675178,True
ICMM01403,other,silver,silver,True,Chile,CHL,-22.958744,-69.0675178,True
ICMM01403,primary,copper,copper,True,Chile,CHL,-22.958744,-69.0675178,True
ICMM01403,secondary,gold,gold,False,Chile,CHL,-22.958744,-69.0675178,True
ICMM01417,primary,copper,copper,True,Chile,CHL,-23.3309,-69.8329,False
ICMM01419,primary,copper,copper,True,Chile,CHL,-23.4327295,-69.5185335,True
ICMM01419,secondary,molybdenum,molybdenum,True,Chile,CHL,-23.4327295,-69.5185335,True
ICMM01420,primary,copper,copper,True,Chile,CHL,-23.43402728,-70.06580073,True
ICMM01420,secondary,silver,silver,True,Chile,CHL,-23.43402728,-70.06580073,True
ICMM01423,primary,gold,gold,False,Chile,CHL,-23.54855,-69.54505,True
ICMM01423,secondary,silver,silver,True,Chile,CHL,-23.54855,-69.54505,True
ICMM01433,other,silver,silver,True,Chile,CHL,-24.26103939,-69.07896852,True
ICMM01433,primary,copper,copper,True,Chile,CHL,-24.26103939,-69.07896852,True
ICMM01433,secondary,gold,gold,False,Chile,CHL,-24.26103939,-69.07896852,True
ICMM01448,other,iron ore,iron ore,False,Chile,CHL,-24.96389,-70.39357667,True
ICMM01448,primary,copper,copper,True,Chile,CHL,-24.96389,-70.39357667,True
ICMM01448,secondary,gold,gold,False,Chile,CHL,-24.96389,-70.39357667,True
ICMM01452,other,copper,copper,True,Chile,CHL,-25.10466637,-69.53425589,True
ICMM01452,primary,gold,gold,False,Chile,CHL,-25.10466637,-69.53425589,True
ICMM01452,secondary,silver,silver,True,Chile,CHL,-25.10466637,-69.53425589,True
ICMM01453,primary,gold,gold,False,Chile,CHL,-25.1358,-69.6128,False
ICMM01453,secondary,copper,copper,True,Chile,CHL,-25.1358,-69.6128,False
ICMM01456,primary,copper,copper,True,Chile,CHL,-25.3975,-70.2045,False
ICMM01461,other,copper,copper,True,Chile,CHL,-25.6675,-69.4545,False
ICMM01461,primary,silver,silver,True,Chile,CHL,-25.6675,-69.4545,False
ICMM01461,secondary,gold,gold,False,Chile,CHL,-25.6675,-69.4545,False
ICMM01463,primary,gold,gold,False,Chile,CHL,-25.7858,-69.9062,False
ICMM01463,secondary,copper,copper,True,Chile,CHL,-25.7858,-69.9062,False
ICMM01464,primary,gold,gold,False,Chile,CHL,-25.7958,-69.9295,False
ICMM01464,secondary,copper,copper,True,Chile,CHL,-25.7958,-69.9295,False
ICMM01465,primary,copper,copper,True,Chile,CHL,-25.83372649,-69.86534568,True
ICMM01465,secondary,silver,silver,True,Chile,CHL,-25.83372649,-69.86534568,True
ICMM01469,other,molybdenum,molybdenum,True,Chile,CHL,-26.249213,-69.569319,True
ICMM01469,other,silver,silver,True,Chile,CHL,-26.249213,-69.569319,True
ICMM01469,primary,copper,copper,True,Chile,CHL,-26.249213,-69.569319,True
ICMM01469,secondary,gold,gold,False,Chile,CHL,-26.249213,-69.569319,True
ICMM01476,other,silver,silver,True,Chile,CHL,-26.497245,-69.393925,True
ICMM01476,primary,gold,gold,False,Chile,CHL,-26.497245,-69.393925,True
ICMM01476,secondary,copper,copper,True,Chile,CHL,-26.497245,-69.393925,True
ICMM01478,other,gold,gold,False,Chile,CHL,-26.55608357,-70.32006658,True
ICMM01478,primary,copper,copper,True,Chile,CHL,-26.55608357,-70.32006658,True
ICMM01478,secondary,cobalt,cobalt,True,Chile,CHL,-26.55608357,-70.32006658,True
ICMM01483,primary,copper,copper,True,Chile,CHL,-26.7128,-70.0523,False
ICMM01483,secondary,gold,gold,False,Chile,CHL,-26.7128,-70.0523,False
ICMM01484,primary,copper,copper,True,Chile,CHL,-26.73691,-69.82865,True
ICMM01484,secondary,silver,silver,True,Chile,CHL,-26.73691,-69.82865,True
ICMM01489,primary,gold,gold,False,Chile,CHL,-26.82613588,-69.26530212,True
ICMM01489,secondary,silver,silver,True,Chile,CHL,-26.82613588,-69.26530212,True
ICMM01495,primary,copper,copper,True,Chile,CHL,-26.9808,-69.6829,False
ICMM01508,other,silver,silver,True,Chile,CHL,-27.154135,-70.49316,True
ICMM01508,primary,copper,copper,True,Chile,CHL,-27.154135,-70.49316,True
ICMM01508,secondary,gold,gold,False,Chile,CHL,-27.154135,-70.49316,True
ICMM01510,primary,copper,copper,True,Chile,CHL,-27.1703198,-69.02679977,False
ICMM01510,secondary,gold,gold,False,Chile,CHL,-27.1703198,-69.02679977,False
ICMM01533,primary,copper,copper,True,Chile,CHL,-27.3914,-69.8467,False
ICMM01538,primary,copper,copper,True,Chile,CHL,-27.4142,-70.3412,False
ICMM01541,other,iron ore,iron ore,False,Chile,CHL,-27.49401519,-70.2708862,True
ICMM01541,other,silver,silver,True,Chile,CHL,-27.49401519,-70.2708862,True
ICMM01541,primary,copper,copper,True,Chile,CHL,-27.49401519,-70.2708862,True
ICMM01541,secondary,gold,gold,False,Chile,CHL,-27.49401519,-70.2708862,True
ICMM01542,primary,copper,copper,True,Chile,CHL,-27.455,-70.3356,False
ICMM01553,primary,copper,copper,True,Chile,CHL,-27.5516,-70.4329,False
ICMM01554,primary,copper,copper,True,Chile,CHL,-27.578725,-70.37105,False
ICMM01554,secondary,gold,gold,False,Chile,CHL,-27.578725,-70.37105,False
ICMM01557,primary,copper,copper,True,Chile,CHL,-27.6003,-70.3898,False
ICMM01589,other,gold,gold,False,Chile,CHL,-28.08518333,-70.90094,True
ICMM01589,primary,copper,copper,True,Chile,CHL,-28.08518333,-70.90094,True
ICMM01589,secondary,cobalt,cobalt,True,Chile,CHL,-28.08518333,-70.90094,True
ICMM01602,primary,copper,copper,True,Chile,CHL,-28.5641,-70.7829,False
ICMM01611,primary,copper,copper,True,Chile,CHL,-28.84864,-70.8316,True
ICMM01639,primary,copper,copper,True,Chile,CHL,-29.8308,-71.1501,False
ICMM01640,primary,copper,copper,True,Chile,CHL,-29.841515,-71.09435,True
ICMM01652,primary,copper,copper,True,Chile,CHL,-30.19415,-71.0887,False
ICMM01652,secondary,gold,gold,False,Chile,CHL,-30.19415,-71.0887,False
ICMM01656,other,silver,silver,True,Chile,CHL,-30.24429493,-71.09345573,True
ICMM01656,primary,copper,copper,True,Chile,CHL,-30.24429493,-71.09345573,True
ICMM01656,secondary,gold,gold,False,Chile,CHL,-30.24429493,-71.09345573,True
ICMM01657,primary,copper,copper,True,Chile,CHL,-30.2775,-71.149,False
ICMM01657,secondary,silver,silver,True,Chile,CHL,-30.2775,-71.149,False
ICMM01667,other,gold,gold,False,Chile,CHL,-30.84417146,-71.22436328,True
ICMM01667,other,mercury,mercury,False,Chile,CHL,-30.84417146,-71.22436328,True
ICMM01667,primary,copper,copper,True,Chile,CHL,-30.84417146,-71.22436328,True
ICMM01667,secondary,silver,silver,True,Chile,CHL,-30.84417146,-71.22436328,True
ICMM01683,other,molybdenum,molybdenum,True,Chile,CHL,-31.71580183,-70.49244471,True
ICMM01683,other,silver,silver,True,Chile,CHL,-31.71580183,-70.49244471,True
ICMM01683,primary,copper,copper,True,Chile,CHL,-31.71580183,-70.49244471,True
ICMM01683,secondary,gold,gold,False,Chile,CHL,-31.71580183,-70.49244471,True
ICMM01687,primary,gold,gold,False,Chile,CHL,-32.1336,-70.9306,False
ICMM01687,secondary,zinc,zinc,True,Chile,CHL,-32.1336,-70.9306,False
ICMM01688,other,copper,copper,True,Chile,CHL,-32.184995,-70.94028,True
ICMM01688,other,zinc,zinc,True,Chile,CHL,-32.184995,-70.94028,True
ICMM01688,primary,gold,gold,False,Chile,CHL,-32.184995,-70.94028,True
ICMM01688,secondary,silver,silver,True,Chile,CHL,-32.184995,-70.94028,True
ICMM01695,primary,copper,copper,True,Chile,CHL,-32.64791467,-71.11155667,True
ICMM01695,secondary,silver,silver,True,Chile,CHL,-32.64791467,-71.11155667,True
ICMM01705,other,gold,gold,False,Chile,CHL,-33.15078567,-70.27526556,True
ICMM01705,other,silver,silver,True,Chile,CHL,-33.15078567,-70.27526556,True
ICMM01705,primary,copper,copper,True,Chile,CHL,-33.15078567,-70.27526556,True
ICMM01705,secondary,molybdenum,molybdenum,True,Chile,CHL,-33.15078567,-70.27526556,True
ICMM01707,primary,copper,copper,True,Chile,CHL,-33.44480667,-70.93013333,True
ICMM01708,primary,copper,copper,True,Chile,CHL,-33.4591,-70.8229,False
ICMM01708,secondary,gold,gold,False,Chile,CHL,-33.4591,-70.8229,False
ICMM01709,other,gold,gold,False,Chile,CHL,-34.0871945,-70.363541,True
ICMM01709,other,silver,silver,True,Chile,CHL,-34.0871945,-70.363541,True
ICMM01709,primary,copper,copper,True,Chile,CHL,-34.0871945,-70.363541,True
ICMM01709,secondary,molybdenum,molybdenum,True,Chile,CHL,-34.0871945,-70.363541,True
ICMM01750,primary,gold,gold,False,Chile,CHL,-46.53821543,-71.8578645,True
ICMM01750,secondary,silver,silver,True,Chile,CHL,-46.53821543,-71.8578645,True
ICMM07921,primary,copper,copper,True,Chile,CHL,-23.82401405,-70.31515827,True
ICMM07921,secondary,molybdenum,molybdenum,True,Chile,CHL,-23.82401405,-70.31515827,True
ICMM07932,other,silver,silver,True,Chile,CHL,-33.09202028,-70.2548994,True
ICMM07932,primary,copper,copper,True,Chile,CHL,-33.09202028,-70.2548994,True
ICMM07932,secondary,molybdenum,molybdenum,True,Chile,CHL,-33.09202028,-70.2548994,True
ICMM08061,primary,steel,steel,False,Chile,CHL,-36.75030129,-73.12588544,True
ICMM08062,primary,iron ore,iron ore,False,Chile,CHL,-28.47370836,-71.25248947,True
ICMM08084,primary,iron ore,iron ore,False,Chile,CHL,-27.10259136,-70.3396459,True
ICMM08086,primary,copper,copper,True,Chile,CHL,-32.80293856,-70.95771685,True
ICMM08182,other,molybdenum,molybdenum,True,Chile,CHL,-21.92028969,-68.83260873,True
ICMM08182,other,silver,silver,True,Chile,CHL,-21.92028969,-68.83260873,True
ICMM08182,primary,copper,copper,True,Chile,CHL,-21.92028969,-68.83260873,True
ICMM08182,secondary,gold,gold,False,Chile,CHL,-21.92028969,-68.83260873,True
ICMM08183,primary,copper,copper,True,Chile,CHL,-28.81231011,-70.98931621,True
ICMM08183,secondary,iron ore,iron ore,False,Chile,CHL,-28.81231011,-70.98931621,True
ICMM08186,primary,gold,gold,False,Chile,CHL,-24.40976566,-69.4959659,True
ICMM08186,secondary,silver,silver,True,Chile,CHL,-24.40976566,-69.4959659,True
ICMM08187,primary,iron ore,iron ore,False,Chile,CHL,-29.72217542,-71.23403279,True
ICMM08191,other,gold,gold,False,Chile,CHL,-34.10125733,-70.45181263,True
ICMM08191,other,silver,silver,True,Chile,CHL,-34.10125733,-70.45181263,True
ICMM08191,primary,copper,copper,True,Chile,CHL,-34.10125733,-70.45181263,True
ICMM08191,secondary,molybdenum,molybdenum,True,Chile,CHL,-34.10125733,-70.45181263,True
ICMM08232,primary,copper,copper,True,Chile,CHL,-23.41460652,-68.81033735,True
ICMM08232,secondary,molybdenum,molybdenum,True,Chile,CHL,-23.41460652,-68.81033735,True
ICMM08476,primary,copper,copper,True,Chile,CHL,-33.14582757,-70.70110832,True
ICMM08477,primary,iron ore,iron ore,False,Chile,CHL,-28.3006435,-70.81052028,True
ICMM08497,other,copper,copper,True,Chile,CHL,-27.55174019,-69.297631,True
ICMM08497,primary,gold,gold,False,Chile,CHL,-27.55174019,-69.297631,True
ICMM08497,secondary,silver,silver,True,Chile,CHL,-27.55174019,-69.297631,True
ICMM08536,other,zinc,zinc,True,Chile,CHL,-34.03498484,-71.0266908,True
ICMM08536,other,lead,lead,True,Chile,CHL,-34.03498484,-71.0266908,True
ICMM08536,other,coal,coal,False,Chile,CHL,-34.03498484,-71.0266908,True
ICMM08536,primary,gold,gold,False,Chile,CHL,-34.03498484,-71.0266908,True
ICMM08536,secondary,silver,silver,True,Chile,CHL,-34.03498484,-71.0266908,True
ICMM08537,other,silver,silver,True,Chile,CHL,-22.38249654,-68.91599068,True
ICMM08537,other,molybdenum,molybdenum,True,Chile,CHL,-22.38249654,-68.91599068,True
ICMM08537,primary,copper,copper,True,Chile,CHL,-22.38249654,-68.91599068,True
ICMM08537,secondary,gold,gold,False,Chile,CHL,-22.38249654,-68.91599068,True
ICMM08597,primary,gold,gold,False,Chile,CHL,-27.7686263,-69.32007251,True
ICMM08611,other,molybdenum,molybdenum,True,Chile,CHL,-28.51542627,-70.3121915,True
ICMM08611,primary,copper,copper,True,Chile,CHL,-28.51542627,-70.3121915,True
ICMM08611,secondary,gold,gold,False,Chile,CHL,-28.51542627,-70.3121915,True
ICMM08633,other,molybdenum,molybdenum,True,Chile,CHL,-22.79121535,-69.26753829,True
ICMM08633,other,silver,silver,True,Chile,CHL,-22.79121535,-69.26753829,True
ICMM08633,primary,copper,copper,True,Chile,CHL,-22.79121535,-69.26753829,True
ICMM08633,secondary,gold,gold,False,Chile,CHL,-22.79121535,-69.26753829,True
ICMM08653,primary,gold,gold,False,Chile,CHL,-32.21437077,-70.8694316,True
ICMM08653,secondary,silver,silver,True,Chile,CHL,-32.21437077,-70.8694316,True
ICMM08761,primary,copper,copper,True,Chile,CHL,-26.46738495,-70.00746153,True
ICMM08761,secondary,gold,gold,False,Chile,CHL,-26.46738495,-70.00746153,True
ICMM08914,other,silver,silver,True,Chile,CHL,-32.76268047,-71.48180608,True
ICMM08914,primary,copper,copper,True,Chile,CHL,-32.76268047,-71.48180608,True
ICMM08914,secondary,gold,gold,False,Chile,CHL,-32.76268047,-71.48180608,True
ICMM08962,other,silver,silver,True,Chile,CHL,-24.21673763,-69.06281226,True
ICMM08962,primary,copper,copper,True,Chile,CHL,-24.21673763,-69.06281226,True
ICMM08962,secondary,gold,gold,False,Chile,CHL,-24.21673763,-69.06281226,True
ICMM12836,primary,iron ore,iron ore,False,Chile,CHL,-29.236972,-71.077938,True
ICMM12837,primary,iron ore,iron ore,False,Chile,CHL,-27.25712433,-70.40613067,True
ICMM13291,primary,copper,copper,True,Chile,CHL,-23.8,-70.333,True
ICMM13301,primary,copper,copper,True,Chile,CHL,-22.6190099,-69.8646451,True
ICMM13368,primary,copper,copper,True,Chile,CHL,-28.1758,-69.539392,True
ICMM13368,secondary,molybdenum,molybdenum,True,Chile,CHL,-28.1758,-69.539392,True
ICMM13631,primary,copper,copper,True,Chile,CHL,-28.3408,-69.5857,True
ICMM13644,primary,lithium,lithium,True,Chile,CHL,-26.747525,-69.075204,True
ICMM13723,primary,copper,copper,True,Chile,CHL,-27.416115,-70.253515,True
ICMM13792,other,bismuth,bismuth,False,Chile,CHL,-23.63398355,-70.261734,True
ICMM13792,primary,lithium,lithium,True,Chile,CHL,-23.63398355,-70.261734,True
ICMM13792,secondary,potassium oxide,potash,False,Chile,CHL,-23.63398355,-70.261734,True
ICMM13793,primary,gold,gold,False,Chile,CHL,-26.01555984,-68.88759578,True
ICMM13793,secondary,silver,silver,True,Chile,CHL,-26.01555984,-68.88759578,True
ICMM13867,primary,copper,copper,True,Chile,CHL,-31.7,-70.9167,True
ICMM13880,primary,copper,copper,True,Chile,CHL,-34.242225,-70.6795115,True
ICMM13880,secondary,molybdenum,molybdenum,True,Chile,CHL,-34.242225,-70.6795115,True
ICMM14021,other,lead,lead,True,Chile,CHL,-45.0364,-71.94305,True
ICMM14021,other,silver,silver,True,Chile,CHL,-45.0364,-71.94305,True
ICMM14021,other,zinc,zinc,True,Chile,CHL,-45.0364,-71.94305,True
ICMM14021,primary,copper,copper,True,Chile,CHL,-45.0364,-71.94305,True
ICMM14021,secondary,gold,gold,False,Chile,CHL,-45.0364,-71.94305,True
ICMM14288,other,silver,silver,True,Chile,CHL,-25.69735,-70.49892,True
ICMM14288,primary,copper,copper,True,Chile,CHL,-25.69735,-70.49892,True
ICMM14288,secondary,molybdenum,molybdenum,True,Chile,CHL,-25.69735,-70.49892,True
ICMM14402,primary,copper,copper,True,Chile,CHL,-25.07417,-70.36287,True
ICMM14402,secondary,silver,silver,True,Chile,CHL,-25.07417,-70.36287,True
ICMM14622,other,copper,copper,True,Chile,CHL,-29.7403,-69.9669,True
ICMM14622,other,lead,lead,True,Chile,CHL,-29.7403,-69.9669,True
ICMM14622,other,arsenic,arsenic,True,Chile,CHL,-29.7403,-69.9669,True
ICMM14622,primary,gold,gold,False,Chile,CHL,-29.7403,-69.9669,True
ICMM14622,secondary,silver,silver,True,Chile,CHL,-29.7403,-69.9669,True
ICMM15667,other,magnesium,magnesium,True,Chile,CHL,-23.548055,-68.392085,True
ICMM15667,primary,lithium,lithium,True,Chile,CHL,-23.548055,-68.392085,True
ICMM15667,secondary,potassium sulfate,potash,False,Chile,CHL,-23.548055,-68.392085,True
ICMM18877,primary,copper,copper,True,Chile,CHL,-26.43798,-69.4798,True
ICMM18877,secondary,gold,gold,False,Chile,CHL,-26.43798,-69.4798,True
ICMM00026,primary,gold,gold,False,Colombia,COL,7.60535,-74.8011,False
ICMM00026,secondary,silver,silver,True,Colombia,COL,7.60535,-74.8011,False
ICMM00027,primary,gold,gold,False,Colombia,COL,7.6087,-74.8547,False
ICMM00027,secondary,silver,silver,True,Colombia,COL,7.6087,-74.8547,False
ICMM00065,primary,gold,gold,False,Colombia,COL,7.10123,-74.683,False
ICMM00065,secondary,zinc,zinc,True,Colombia,COL,7.10123,-74.683,False
ICMM00165,primary,gold,gold,False,Colombia,COL,6.08461,-75.7664,False
ICMM00182,other,zinc,zinc,True,Colombia,COL,5.47427685,-75.60808593,True
ICMM00182,primary,gold,gold,False,Colombia,COL,5.47427685,-75.60808593,True
ICMM00182,secondary,silver,silver,True,Colombia,COL,5.47427685,-75.60808593,True
ICMM08081,primary,ferronickel,nickel,True,Colombia,COL,7.921406387,-75.55032887,True
ICMM08158,primary,coal,coal,False,Colombia,COL,9.705296432,-73.52294591,True
ICMM08185,primary,coal,coal,False,Colombia,COL,9.631862569,-73.55885154,True
ICMM09270,primary,coal,coal,False,Colombia,COL,11.033429,-72.666128,True
ICMM09271,primary,coal,coal,False,Colombia,COL,9.5729285,-73.486207,True
ICMM09272,primary,coal,coal,False,Colombia,COL,9.647043005,-73.478276,True
ICMM10053,primary,coal,coal,False,Colombia,COL,6.039247,-75.690915,True
ICMM11148,primary,coal,coal,False,Colombia,COL,9.496821,-73.49205,True
ICMM11207,primary,coal,coal,False,Colombia,COL,7.882676,-75.699816,True
ICMM11208,primary,coal,coal,False,Colombia,COL,9.652258,-73.534805,True
ICMM11209,primary,coal,coal,False,Colombia,COL,6.69674,-73.516186,True
ICMM12214,primary,coal,coal,False,Colombia,COL,9.57381151,-73.30075889,True
ICMM12947,primary,iron ore,iron ore,False,Colombia,COL,4.763838,-73.478375,True
ICMM12973,primary,iron ore,iron ore,False,Colombia,COL,6.017545,-72.655117,True
ICMM13351,other,lead,lead,True,Colombia,COL,6.7005364,-75.8950365,True
ICMM13351,other,zinc,zinc,True,Colombia,COL,6.7005364,-75.8950365,True
ICMM13351,primary,gold,gold,False,Colombia,COL,6.7005364,-75.8950365,True
ICMM13351,secondary,silver,silver,True,Colombia,COL,6.7005364,-75.8950365,True
ICMM13661,primary,gold,gold,False,Colombia,COL,7.8676557,-74.8390888,True
ICMM13816,other,zinc,zinc,True,Colombia,COL,7.0844573,-74.7116215,True
ICMM13816,other,lead,lead,True,Colombia,COL,7.0844573,-74.7116215,True
ICMM13816,primary,gold,gold,False,Colombia,COL,7.0844573,-74.7116215,True
ICMM13816,secondary,silver,silver,True,Colombia,COL,7.0844573,-74.7116215,True
ICMM14121,primary,gold,gold,False,Colombia,COL,7.53906,-74.80675,True
ICMM14121,secondary,silver,silver,True,Colombia,COL,7.53906,-74.80675,True
ICMM15989,primary,gold,gold,False,Colombia,COL,6.61379,-75.36962,True
ICMM15989,secondary,silver,silver,True,Colombia,COL,6.61379,-75.36962,True
ICMM01881,primary,copper,copper,True,Cuba,CUB,20.051425,-75.95401,True
ICMM01890,primary,cobalt,cobalt,True,Cuba,CUB,20.5839,-74.7997,False
ICMM01894,primary,nickel,nickel,True,Cuba,CUB,20.69518,-75.54769667,True
ICMM01894,secondary,cobalt,cobalt,True,Cuba,CUB,20.69518,-75.54769667,True
ICMM01902,primary,gold,gold,False,Cuba,CUB,20.96025,-76.26985,False
ICMM01924,other,copper,copper,True,Cuba,CUB,22.64179818,-83.9754232,True
ICMM01924,other,gold,gold,False,Cuba,CUB,22.64179818,-83.9754232,True
ICMM01924,primary,zinc,zinc,True,Cuba,CUB,22.64179818,-83.9754232,True
ICMM01924,secondary,lead,lead,True,Cuba,CUB,22.64179818,-83.9754232,True
ICMM13760,primary,nickel,nickel,True,Cuba,CUB,20.6334224,-74.87240845,True
ICMM13760,secondary,cobalt,cobalt,True,Cuba,CUB,20.6334224,-74.87240845,True
ICMM14463,other,iron ore,iron ore,False,Cuba,CUB,20.60979,-74.93079,True
ICMM14463,primary,nickel,nickel,True,Cuba,CUB,20.60979,-74.93079,True
ICMM14463,secondary,cobalt,cobalt,True,Cuba,CUB,20.60979,-74.93079,True
ICMM01869,primary,nickel,nickel,True,Dominican Republic,DOM,18.9173,-70.4163,False
ICMM01870,other,copper,copper,True,Dominican Republic,DOM,18.93663721,-70.1780262,True
ICMM01870,other,zinc,zinc,True,Dominican Republic,DOM,18.93663721,-70.1780262,True
ICMM01870,primary,gold,gold,False,Dominican Republic,DOM,18.93663721,-70.1780262,True
ICMM01870,secondary,silver,silver,True,Dominican Republic,DOM,18.93663721,-70.1780262,True
ICMM01874,other,platinum,PGM,True,Dominican Republic,DOM,19.35185,-70.71885,False
ICMM01874,primary,gold,gold,False,Dominican Republic,DOM,19.35185,-70.71885,False
ICMM01874,secondary,copper,copper,True,Dominican Republic,DOM,19.35185,-70.71885,False
ICMM08211,other,cobalt,cobalt,True,Dominican Republic,DOM,18.92885543,-70.35568137,True
ICMM08211,primary,ferronickel,nickel,True,Dominican Republic,DOM,18.92885543,-70.35568137,True
ICMM00317,primary,gold,gold,False,Ecuador,ECU,-3.00773,-79.63055,True
ICMM00324,primary,barium,barium,False,Ecuador,ECU,-3.37324,-78.5831,False
ICMM00330,other,lead,lead,True,Ecuador,ECU,-3.701568333,-79.61761833,True
ICMM00330,other,copper,copper,True,Ecuador,ECU,-3.701568333,-79.61761833,True
ICMM00330,other,zinc,zinc,True,Ecuador,ECU,-3.701568333,-79.61761833,True
ICMM00330,primary,gold,gold,False,Ecuador,ECU,-3.701568333,-79.61761833,True
ICMM00330,secondary,silver,silver,True,Ecuador,ECU,-3.701568333,-79.61761833,True
ICMM00334,primary,copper,copper,True,Ecuador,ECU,-4.04752,-78.79144333,True
ICMM00334,secondary,gold,gold,False,Ecuador,ECU,-4.04752,-78.79144333,True
ICMM13459,primary,gold,gold,False,Ecuador,ECU,-3.762791,-78.500692,True
ICMM13459,secondary,silver,silver,True,Ecuador,ECU,-3.762791,-78.500692,True
ICMM13665,other,silver,silver,True,Ecuador,ECU,-3.579135,-78.43336,True
ICMM13665,primary,copper,copper,True,Ecuador,ECU,-3.579135,-78.43336,True
ICMM13665,secondary,gold,gold,False,Ecuador,ECU,-3.579135,-78.43336,True
ICMM00211,primary,gold,gold,False,French Guiana,GUF,4.83105,-53.29,False
ICMM00214,primary,gold,gold,False,French Guiana,GUF,4.73161,-53.7795,False
ICMM00241,primary,gold,gold,False,French Guiana,GUF,3.88096,-53.37075,False
ICMM08202,other,silver,silver,True,Guatemala,GTM,14.45848159,-90.16420531,True
ICMM08202,other,zinc,zinc,True,Guatemala,GTM,14.45848159,-90.16420531,True
ICMM08202,primary,gold,gold,False,Guatemala,GTM,14.45848159,-90.16420531,True
ICMM08202,secondary,lead,lead,True,Guatemala,GTM,14.45848159,-90.16420531,True
ICMM08498,primary,gold,gold,False,Guatemala,GTM,15.23329777,-91.69270655,True
ICMM08498,secondary,silver,silver,True,Guatemala,GTM,15.23329777,-91.69270655,True
ICMM13664,primary,gold,gold,False,Guatemala,GTM,15.26667,-89.56667,True
ICMM14397,other,cobalt,cobalt,True,Guatemala,GTM,15.5196,-89.38648,True
ICMM14397,other,gold,gold,False,Guatemala,GTM,15.5196,-89.38648,True
ICMM14397,other,silver,silver,True,Guatemala,GTM,15.5196,-89.38648,True
ICMM14397,primary,ferronickel,nickel,True,Guatemala,GTM,15.5196,-89.38648,True
ICMM00175,primary,gold,gold,False,Guyana,GUY,5.60185,-59.0418,False
ICMM00183,primary,gold,gold,False,Guyana,GUY,5.446248369,-58.75444986,True
ICMM07985,primary,bauxite,bauxite / aluminium,False,Guyana,GUY,5.985258442,-58.27363353,True
ICMM13312,primary,gold,gold,False,Guyana,GUY,6.7882458,-59.7499552,True
ICMM01821,primary,gold,gold,False,Honduras,HND,13.284925,-87.02441,True
ICMM01821,secondary,silver,silver,True,Honduras,HND,13.284925,-87.02441,True
ICMM01841,primary,gold,gold,False,Honduras,HND,14.76324597,-88.94174459,True
ICMM01841,secondary,silver,silver,True,Honduras,HND,14.76324597,-88.94174459,True
ICMM01843,other,silver,silver,True,Honduras,HND,14.86019825,-88.078281,True
ICMM01843,other,copper,copper,True,Honduras,HND,14.86019825,-88.078281,True
ICMM01843,other,gold,gold,False,Honduras,HND,14.86019825,-88.078281,True
ICMM01843,other,iron ore,iron ore,False,Honduras,HND,14.86019825,-88.078281,True
ICMM01843,primary,zinc,zinc,True,Honduras,HND,14.86019825,-88.078281,True
ICMM01843,secondary,lead,lead,True,Honduras,HND,14.86019825,-88.078281,True
ICMM08757,primary,gold,gold,False,Honduras,HND,14.69636177,-87.09268936,True
ICMM07918,primary,alumina,bauxite / aluminium,False,Jamaica,JAM,17.96772183,-77.60862266,True
ICMM08352,primary,alumina,bauxite / aluminium,False,Jamaica,JAM,17.93606323,-77.41374092,True
ICMM08943,primary,alumina,bauxite / aluminium,False,Jamaica,JAM,18.17231741,-77.06198874,True
ICMM01866,other,copper,copper,True,Mexico,MEX,18.850615,-99.983025,True
ICMM01866,other,zinc,zinc,True,Mexico,MEX,18.850615,-99.983025,True
ICMM01866,primary,gold,gold,False,Mexico,MEX,18.850615,-99.983025,True
ICMM01866,secondary,silver,silver,True,Mexico,MEX,18.850615,-99.983025,True
ICMM01868,primary,barium,barium,False,Mexico,MEX,18.8815,-101.641,False
ICMM01884,other,lead,lead,True,Mexico,MEX,20.37425,-105.113,False
ICMM01884,primary,copper,copper,True,Mexico,MEX,20.37425,-105.113,False
ICMM01884,secondary,gold,gold,False,Mexico,MEX,20.37425,-105.113,False
ICMM01903,other,lead,lead,True,Mexico,MEX,20.99122617,-101.2198733,True
ICMM01903,other,copper,copper,True,Mexico,MEX,20.99122617,-101.2198733,True
ICMM01903,primary,silver,silver,True,Mexico,MEX,20.99122617,-101.2198733,True
ICMM01903,secondary,gold,gold,False,Mexico,MEX,20.99122617,-101.2198733,True
ICMM01905,other,lead,lead,True,Mexico,MEX,21.02168333,-101.18919,True
ICMM01905,other,zinc,zinc,True,Mexico,MEX,21.02168333,-101.18919,True
ICMM01905,primary,gold,gold,False,Mexico,MEX,21.02168333,-101.18919,True
ICMM01905,secondary,silver,silver,True,Mexico,MEX,21.02168333,-101.18919,True
ICMM01907,other,lead,lead,True,Mexico,MEX,21.05287924,-101.3292587,True
ICMM01907,other,zinc,zinc,True,Mexico,MEX,21.05287924,-101.3292587,True
ICMM01907,primary,gold,gold,False,Mexico,MEX,21.05287924,-101.3292587,True
ICMM01907,secondary,silver,silver,True,Mexico,MEX,21.05287924,-101.3292587,True
ICMM01914,primary,silver,silver,True,Mexico,MEX,21.6838,-103.784,False
ICMM01919,other,zinc,zinc,True,Mexico,MEX,22.417195,-101.9002,True
ICMM01919,primary,silver,silver,True,Mexico,MEX,22.417195,-101.9002,True
ICMM01919,secondary,lead,lead,True,Mexico,MEX,22.417195,-101.9002,True
ICMM01921,primary,tin,tin,False,Mexico,MEX,22.5005,-100.5,False
ICMM01932,other,lead,lead,True,Mexico,MEX,23.16532419,-102.8767678,True
ICMM01932,other,zinc,zinc,True,Mexico,MEX,23.16532419,-102.8767678,True
ICMM01932,other,copper,copper,True,Mexico,MEX,23.16532419,-102.8767678,True
ICMM01932,other,arsenic,arsenic,True,Mexico,MEX,23.16532419,-102.8767678,True
ICMM01932,primary,silver,silver,True,Mexico,MEX,23.16532419,-102.8767678,True
ICMM01932,secondary,gold,gold,False,Mexico,MEX,23.16532419,-102.8767678,True
ICMM01934,other,lead,lead,True,Mexico,MEX,23.383335,-103.7625537,True
ICMM01934,other,zinc,zinc,True,Mexico,MEX,23.383335,-103.7625537,True
ICMM01934,other,copper,copper,True,Mexico,MEX,23.383335,-103.7625537,True
ICMM01934,primary,silver,silver,True,Mexico,MEX,23.383335,-103.7625537,True
ICMM01934,secondary,gold,gold,False,Mexico,MEX,23.383335,-103.7625537,True
ICMM01939,primary,silver,silver,True,Mexico,MEX,23.5004,-103.0,False
ICMM01949,other,gold,gold,False,Mexico,MEX,24.10564304,-105.9269156,True
ICMM01949,primary,silver,silver,True,Mexico,MEX,24.10564304,-105.9269156,True
ICMM01949,secondary,copper,copper,True,Mexico,MEX,24.10564304,-105.9269156,True
ICMM01959,other,silver,silver,True,Mexico,MEX,24.6136618,-101.4246727,True
ICMM01959,primary,copper,copper,True,Mexico,MEX,24.6136618,-101.4246727,True
ICMM01959,secondary,gold,gold,False,Mexico,MEX,24.6136618,-101.4246727,True
ICMM01962,primary,barium,barium,False,Mexico,MEX,24.8671,-99.567,False
ICMM01968,other,lead,lead,True,Mexico,MEX,25.0622734,-103.734558,True
ICMM01968,other,silver,silver,True,Mexico,MEX,25.0622734,-103.734558,True
ICMM01968,other,copper,copper,True,Mexico,MEX,25.0622734,-103.734558,True
ICMM01968,primary,zinc,zinc,True,Mexico,MEX,25.0622734,-103.734558,True
ICMM01968,secondary,gold,gold,False,Mexico,MEX,25.0622734,-103.734558,True
ICMM01970,other,lead,lead,True,Mexico,MEX,25.2137,-106.5691767,True
ICMM01970,other,zinc,zinc,True,Mexico,MEX,25.2137,-106.5691767,True
ICMM01970,other,copper,copper,True,Mexico,MEX,25.2137,-106.5691767,True
ICMM01970,primary,silver,silver,True,Mexico,MEX,25.2137,-106.5691767,True
ICMM01970,secondary,gold,gold,False,Mexico,MEX,25.2137,-106.5691767,True
ICMM01992,primary,barium,barium,False,Mexico,MEX,27.0503,-108.967,False
ICMM01993,primary,silver,silver,True,Mexico,MEX,27.267,-103.659,False
ICMM01993,secondary,zinc,zinc,True,Mexico,MEX,27.267,-103.659,False
ICMM02011,other,silver,silver,True,Mexico,MEX,27.86120333,-105.5010733,True
ICMM02011,other,copper,copper,True,Mexico,MEX,27.86120333,-105.5010733,True
ICMM02011,other,gold,gold,False,Mexico,MEX,27.86120333,-105.5010733,True
ICMM02011,other,tungsten,tungsten,True,Mexico,MEX,27.86120333,-105.5010733,True
ICMM02011,other,cadmiuum,cadmium,True,Mexico,MEX,27.86120333,-105.5010733,True
ICMM02011,primary,lead,lead,True,Mexico,MEX,27.86120333,-105.5010733,True
ICMM02011,secondary,zinc,zinc,True,Mexico,MEX,27.86120333,-105.5010733,True
ICMM02033,other,copper,copper,True,Mexico,MEX,28.60599896,-105.8147393,True
ICMM02033,other,zinc,zinc,True,Mexico,MEX,28.60599896,-105.8147393,True
ICMM02033,other,tin,tin,False,Mexico,MEX,28.60599896,-105.8147393,True
ICMM02033,primary,lead,lead,True,Mexico,MEX,28.60599896,-105.8147393,True
ICMM02033,secondary,silver,silver,True,Mexico,MEX,28.60599896,-105.8147393,True
ICMM02043,other,copper,copper,True,Mexico,MEX,28.80003578,-110.5723068,True
ICMM02043,other,lead,lead,True,Mexico,MEX,28.80003578,-110.5723068,True
ICMM02043,other,zinc,zinc,True,Mexico,MEX,28.80003578,-110.5723068,True
ICMM02043,primary,gold,gold,False,Mexico,MEX,28.80003578,-110.5723068,True
ICMM02043,secondary,silver,silver,True,Mexico,MEX,28.80003578,-110.5723068,True
ICMM02088,primary,gold,gold,False,Mexico,MEX,30.229945,-111.828,True
ICMM02088,secondary,silver,silver,True,Mexico,MEX,30.229945,-111.828,True
ICMM02091,other,silver,silver,True,Mexico,MEX,30.33328204,-109.6326762,True
ICMM02091,other,gold,gold,False,Mexico,MEX,30.33328204,-109.6326762,True
ICMM02091,other,barium,barium,False,Mexico,MEX,30.33328204,-109.6326762,True
ICMM02091,primary,copper,copper,True,Mexico,MEX,30.33328204,-109.6326762,True
ICMM02091,secondary,molybdenum,molybdenum,True,Mexico,MEX,30.33328204,-109.6326762,True
ICMM02098,primary,gold,gold,False,Mexico,MEX,30.62333333,-110.5643333,False
ICMM02104,other,gold,gold,False,Mexico,MEX,30.96540194,-110.319047,True
ICMM02104,other,silver,silver,True,Mexico,MEX,30.96540194,-110.319047,True
ICMM02104,other,zinc,zinc,True,Mexico,MEX,30.96540194,-110.319047,True
ICMM02104,primary,copper,copper,True,Mexico,MEX,30.96540194,-110.319047,True
ICMM02104,secondary,molybdenum,molybdenum,True,Mexico,MEX,30.96540194,-110.319047,True
ICMM02108,other,zinc,zinc,True,Mexico,MEX,31.234045,-107.5876325,True
ICMM02108,other,antimony,antimony,False,Mexico,MEX,31.234045,-107.5876325,True
ICMM02108,other,silver,silver,True,Mexico,MEX,31.234045,-107.5876325,True
ICMM02108,other,gold,gold,False,Mexico,MEX,31.234045,-107.5876325,True
ICMM02108,primary,copper,copper,True,Mexico,MEX,31.234045,-107.5876325,True
ICMM02108,secondary,lead,lead,True,Mexico,MEX,31.234045,-107.5876325,True
ICMM07904,other,tin,tin,False,Mexico,MEX,26.87683329,-101.4142327,True
ICMM07904,primary,steel,steel,False,Mexico,MEX,26.87683329,-101.4142327,True
ICMM07904,secondary,chromium,chromium,True,Mexico,MEX,26.87683329,-101.4142327,True
ICMM07912,other,silver,silver,True,Mexico,MEX,26.75124777,-108.664364,True
ICMM07912,primary,copper,copper,True,Mexico,MEX,26.75124777,-108.664364,True
ICMM07912,secondary,gold,gold,False,Mexico,MEX,26.75124777,-108.664364,True
ICMM08027,other,iron ore,iron ore,False,Mexico,MEX,27.09380293,-107.9893172,True
ICMM08027,other,lead,lead,True,Mexico,MEX,27.09380293,-107.9893172,True
ICMM08027,other,silver,silver,True,Mexico,MEX,27.09380293,-107.9893172,True
ICMM08027,other,zinc,zinc,True,Mexico,MEX,27.09380293,-107.9893172,True
ICMM08027,primary,copper,copper,True,Mexico,MEX,27.09380293,-107.9893172,True
ICMM08027,secondary,gold,gold,False,Mexico,MEX,27.09380293,-107.9893172,True
ICMM08076,primary,iron ore,iron ore,False,Mexico,MEX,24.05108334,-104.6718492,True
ICMM08076,secondary,gold,gold,False,Mexico,MEX,24.05108334,-104.6718492,True
ICMM08097,other,lead,lead,True,Mexico,MEX,25.04701991,-106.342237,True
ICMM08097,other,zinc,zinc,True,Mexico,MEX,25.04701991,-106.342237,True
ICMM08097,primary,gold,gold,False,Mexico,MEX,25.04701991,-106.342237,True
ICMM08097,secondary,silver,silver,True,Mexico,MEX,25.04701991,-106.342237,True
ICMM08125,other,lead,lead,True,Mexico,MEX,22.81353865,-102.5705489,True
ICMM08125,other,gold,gold,False,Mexico,MEX,22.81353865,-102.5705489,True
ICMM08125,other,zinc,zinc,True,Mexico,MEX,22.81353865,-102.5705489,True
ICMM08125,primary,copper,copper,True,Mexico,MEX,22.81353865,-102.5705489,True
ICMM08125,secondary,silver,silver,True,Mexico,MEX,22.81353865,-102.5705489,True
ICMM08130,other,lead,lead,True,Mexico,MEX,28.24517519,-106.8411238,True
ICMM08130,other,silver,silver,True,Mexico,MEX,28.24517519,-106.8411238,True
ICMM08130,other,zinc,zinc,True,Mexico,MEX,28.24517519,-106.8411238,True
ICMM08130,primary,copper,copper,True,Mexico,MEX,28.24517519,-106.8411238,True
ICMM08130,secondary,gold,gold,False,Mexico,MEX,28.24517519,-106.8411238,True
ICMM08153,primary,gold,gold,False,Mexico,MEX,28.99621118,-108.5343256,True
ICMM08153,secondary,silver,silver,True,Mexico,MEX,28.99621118,-108.5343256,True
ICMM08184,primary,copper,copper,True,Mexico,MEX,28.02917863,-113.3994241,True
ICMM08188,other,silver,silver,True,Mexico,MEX,26.99877795,-107.8866668,True
ICMM08188,primary,copper,copper,True,Mexico,MEX,26.99877795,-107.8866668,True
ICMM08188,secondary,gold,gold,False,Mexico,MEX,26.99877795,-107.8866668,True
ICMM08192,primary,iron ore,iron ore,False,Mexico,MEX,27.73966712,-109.3060632,True
ICMM08305,primary,iron ore,iron ore,False,Mexico,MEX,28.03761493,-103.7662332,True
ICMM08306,primary,gold,gold,False,Mexico,MEX,31.14410511,-112.8653062,True
ICMM08306,secondary,silver,silver,True,Mexico,MEX,31.14410511,-112.8653062,True
ICMM08325,other,zinc,zinc,True,Mexico,MEX,23.13467763,-101.1512942,True
ICMM08325,primary,copper,copper,True,Mexico,MEX,23.13467763,-101.1512942,True
ICMM08325,secondary,lead,lead,True,Mexico,MEX,23.13467763,-101.1512942,True
ICMM08326,other,copper,copper,True,Mexico,MEX,23.65799768,-103.7491545,True
ICMM08326,other,silver,silver,True,Mexico,MEX,23.65799768,-103.7491545,True
ICMM08326,primary,zinc,zinc,True,Mexico,MEX,23.65799768,-103.7491545,True
ICMM08326,secondary,lead,lead,True,Mexico,MEX,23.65799768,-103.7491545,True
ICMM08327,other,lead,lead,True,Mexico,MEX,26.82140107,-105.8066159,True
ICMM08327,other,silver,silver,True,Mexico,MEX,26.82140107,-105.8066159,True
ICMM08327,other,tin,tin,False,Mexico,MEX,26.82140107,-105.8066159,True
ICMM08327,other,vanadium,vanadium,True,Mexico,MEX,26.82140107,-105.8066159,True
ICMM08327,other,zinc,zinc,True,Mexico,MEX,26.82140107,-105.8066159,True
ICMM08327,primary,copper,copper,True,Mexico,MEX,26.82140107,-105.8066159,True
ICMM08327,secondary,gold,gold,False,Mexico,MEX,26.82140107,-105.8066159,True
ICMM08328,primary,lead,lead,True,Mexico,MEX,19.16798068,-99.58917256,True
ICMM08328,secondary,zinc,zinc,True,Mexico,MEX,19.16798068,-99.58917256,True
ICMM08439,other,gold,gold,False,Mexico,MEX,30.49148563,-109.6344847,True
ICMM08439,other,silver,silver,True,Mexico,MEX,30.49148563,-109.6344847,True
ICMM08439,primary,copper,copper,True,Mexico,MEX,30.49148563,-109.6344847,True
ICMM08439,secondary,molybdenum,molybdenum,True,Mexico,MEX,30.49148563,-109.6344847,True
ICMM08440,primary,gold,gold,False,Mexico,MEX,28.70430828,-108.8866946,True
ICMM08440,secondary,silver,silver,True,Mexico,MEX,28.70430828,-108.8866946,True
ICMM08441,primary,iron ore,iron ore,False,Mexico,MEX,28.31429663,-104.5591252,True
ICMM08449,primary,iron ore,iron ore,False,Mexico,MEX,18.05970309,-102.3606145,True
ICMM08452,primary,steel,steel,False,Mexico,MEX,17.94020842,-102.2086537,True
ICMM08478,primary,gold,gold,False,Mexico,MEX,17.88976608,-99.68293518,True
ICMM08478,secondary,silver,silver,True,Mexico,MEX,17.88976608,-99.68293518,True
ICMM08509,primary,gold,gold,False,Mexico,MEX,30.33197474,-110.4909751,True
ICMM08509,secondary,silver,silver,True,Mexico,MEX,30.33197474,-110.4909751,True
ICMM08519,primary,coal,coal,False,Mexico,MEX,28.495918,-100.6795884,True
ICMM08532,primary,coal,coal,False,Mexico,MEX,27.92346746,-101.3596899,True
ICMM08594,primary,gold,gold,False,Mexico,MEX,31.02693011,-112.6470787,True
ICMM08594,secondary,silver,silver,True,Mexico,MEX,31.02693011,-112.6470787,True
ICMM08610,primary,coal,coal,False,Mexico,MEX,27.92150066,-101.2249755,True
ICMM08632,other,molybdenum,molybdenum,True,Mexico,MEX,27.38684508,-108.4099486,True
ICMM08632,primary,gold,gold,False,Mexico,MEX,27.38684508,-108.4099486,True
ICMM08632,secondary,silver,silver,True,Mexico,MEX,27.38684508,-108.4099486,True
ICMM08646,primary,iron ore,iron ore,False,Mexico,MEX,19.37718521,-104.0972202,True
ICMM08659,primary,gold,gold,False,Mexico,MEX,28.27231301,-108.3059017,True
ICMM08659,secondary,silver,silver,True,Mexico,MEX,28.27231301,-108.3059017,True
ICMM08752,primary,iron ore,iron ore,False,Mexico,MEX,24.64843381,-107.0983496,True
ICMM08755,other,lead,lead,True,Mexico,MEX,26.03345625,-106.5046832,True
ICMM08755,other,zinc,zinc,True,Mexico,MEX,26.03345625,-106.5046832,True
ICMM08755,primary,silver,silver,True,Mexico,MEX,26.03345625,-106.5046832,True
ICMM08755,secondary,gold,gold,False,Mexico,MEX,26.03345625,-106.5046832,True
ICMM08756,other,copper,copper,True,Mexico,MEX,22.16787939,-101.033294,True
ICMM08756,other,gold,gold,False,Mexico,MEX,22.16787939,-101.033294,True
ICMM08756,other,cadmium,cadmium,True,Mexico,MEX,22.16787939,-101.033294,True
ICMM08756,primary,zinc,zinc,True,Mexico,MEX,22.16787939,-101.033294,True
ICMM08756,secondary,silver,silver,True,Mexico,MEX,22.16787939,-101.033294,True
ICMM08767,other,lead,lead,True,Mexico,MEX,23.12801387,-102.9259646,True
ICMM08767,other,zinc,zinc,True,Mexico,MEX,23.12801387,-102.9259646,True
ICMM08767,primary,silver,silver,True,Mexico,MEX,23.12801387,-102.9259646,True
ICMM08767,secondary,gold,gold,False,Mexico,MEX,23.12801387,-102.9259646,True
ICMM08821,primary,gold,gold,False,Mexico,MEX,31.22301802,-112.9079663,True
ICMM08821,secondary,silver,silver,True,Mexico,MEX,31.22301802,-112.9079663,True
ICMM09731,primary,coal,coal,False,Mexico,MEX,27.61847087,-101.2426857,True
ICMM10475,primary,coal,coal,False,Mexico,MEX,27.571572,-101.339567,True
ICMM10613,primary,coal,coal,False,Mexico,MEX,27.628135,-101.45497,True
ICMM10615,primary,coal,coal,False,Mexico,MEX,27.958252,-101.20577,True
ICMM12162,primary,coal,coal,False,Mexico,MEX,27.73917,-101.3826,True
ICMM13092,primary,iron ore,iron ore,False,Mexico,MEX,19.254386,-103.532353,True
ICMM13313,other,lead,lead,True,Mexico,MEX,24.52888345,-104.3090577,True
ICMM13313,other,gold,gold,False,Mexico,MEX,24.52888345,-104.3090577,True
ICMM13313,other,zinc,zinc,True,Mexico,MEX,24.52888345,-104.3090577,True
ICMM13313,primary,silver,silver,True,Mexico,MEX,24.52888345,-104.3090577,True
ICMM13313,secondary,copper,copper,True,Mexico,MEX,24.52888345,-104.3090577,True
ICMM13341,other,manganese,manganese,True,Mexico,MEX,27.36861,-112.297423,True
ICMM13341,other,zinc,zinc,True,Mexico,MEX,27.36861,-112.297423,True
ICMM13341,primary,copper,copper,True,Mexico,MEX,27.36861,-112.297423,True
ICMM13341,secondary,cobalt,cobalt,True,Mexico,MEX,27.36861,-112.297423,True
ICMM13359,other,lead,lead,True,Mexico,MEX,24.17082955,-101.51272,True
ICMM13359,other,copper,copper,True,Mexico,MEX,24.17082955,-101.51272,True
ICMM13359,other,zinc,zinc,True,Mexico,MEX,24.17082955,-101.51272,True
ICMM13359,primary,gold,gold,False,Mexico,MEX,24.17082955,-101.51272,True
ICMM13359,secondary,silver,silver,True,Mexico,MEX,24.17082955,-101.51272,True
ICMM13360,other,gold,gold,False,Mexico,MEX,18.2009357,-100.156935,True
ICMM13360,other,silver,silver,True,Mexico,MEX,18.2009357,-100.156935,True
ICMM13360,other,lead,lead,True,Mexico,MEX,18.2009357,-100.156935,True
ICMM13360,other,iron ore,iron ore,False,Mexico,MEX,18.2009357,-100.156935,True
ICMM13360,primary,zinc,zinc,True,Mexico,MEX,18.2009357,-100.156935,True
ICMM13360,secondary,copper,copper,True,Mexico,MEX,18.2009357,-100.156935,True
ICMM13361,other,silver,silver,True,Mexico,MEX,18.30719115,-99.93130715,True
ICMM13361,other,copper,copper,True,Mexico,MEX,18.30719115,-99.93130715,True
ICMM13361,other,gold,gold,False,Mexico,MEX,18.30719115,-99.93130715,True
ICMM13361,primary,zinc,zinc,True,Mexico,MEX,18.30719115,-99.93130715,True
ICMM13361,secondary,lead,lead,True,Mexico,MEX,18.30719115,-99.93130715,True
ICMM13373,primary,zinc,zinc,True,Mexico,MEX,27.5219394,-106.2811989,True
ICMM13374,other,lead,lead,True,Mexico,MEX,22.2202625,-100.803575,True
ICMM13374,other,zinc,zinc,True,Mexico,MEX,22.2202625,-100.803575,True
ICMM13374,primary,gold,gold,False,Mexico,MEX,22.2202625,-100.803575,True
ICMM13374,secondary,silver,silver,True,Mexico,MEX,22.2202625,-100.803575,True
ICMM13402,other,lead,lead,True,Mexico,MEX,24.49040565,-106.6408646,True
ICMM13402,other,copper,copper,True,Mexico,MEX,24.49040565,-106.6408646,True
ICMM13402,other,gold,gold,False,Mexico,MEX,24.49040565,-106.6408646,True
ICMM13402,primary,silver,silver,True,Mexico,MEX,24.49040565,-106.6408646,True
ICMM13402,secondary,zinc,zinc,True,Mexico,MEX,24.49040565,-106.6408646,True
ICMM13430,primary,gold,gold,False,Mexico,MEX,24.875074,-104.529646,True
ICMM13430,secondary,silver,silver,True,Mexico,MEX,24.875074,-104.529646,True
ICMM13431,primary,gold,gold,False,Mexico,MEX,30.7919273,-111.9264481,True
ICMM13431,secondary,silver,silver,True,Mexico,MEX,30.7919273,-111.9264481,True
ICMM13432,primary,gold,gold,False,Mexico,MEX,22.72717265,-102.5954358,True
ICMM13432,secondary,silver,silver,True,Mexico,MEX,22.72717265,-102.5954358,True
ICMM13433,primary,gold,gold,False,Mexico,MEX,25.630855,-107.83914,True
ICMM13433,secondary,silver,silver,True,Mexico,MEX,25.630855,-107.83914,True
ICMM13457,other,lead,lead,True,Mexico,MEX,22.81902985,-102.7335212,True
ICMM13457,other,copper,copper,True,Mexico,MEX,22.81902985,-102.7335212,True
ICMM13457,other,gold,gold,False,Mexico,MEX,22.81902985,-102.7335212,True
ICMM13457,primary,zinc,zinc,True,Mexico,MEX,22.81902985,-102.7335212,True
ICMM13457,secondary,silver,silver,True,Mexico,MEX,22.81902985,-102.7335212,True
ICMM13489,other,lead,lead,True,Mexico,MEX,25.91147345,-105.9864643,True
ICMM13489,other,zinc,zinc,True,Mexico,MEX,25.91147345,-105.9864643,True
ICMM13489,primary,silver,silver,True,Mexico,MEX,25.91147345,-105.9864643,True
ICMM13489,secondary,gold,gold,False,Mexico,MEX,25.91147345,-105.9864643,True
ICMM13568,other,lead,lead,True,Mexico,MEX,23.13057265,-102.9523436,True
ICMM13568,other,zinc,zinc,True,Mexico,MEX,23.13057265,-102.9523436,True
ICMM13568,other,copper,copper,True,Mexico,MEX,23.13057265,-102.9523436,True
ICMM13568,primary,silver,silver,True,Mexico,MEX,23.13057265,-102.9523436,True
ICMM13568,secondary,gold,gold,False,Mexico,MEX,23.13057265,-102.9523436,True
ICMM13611,other,lead,lead,True,Mexico,MEX,28.3626004,-102.5660949,True
ICMM13611,other,zinc,zinc,True,Mexico,MEX,28.3626004,-102.5660949,True
ICMM13611,other,iron ore,iron ore,False,Mexico,MEX,28.3626004,-102.5660949,True
ICMM13611,primary,silver,silver,True,Mexico,MEX,28.3626004,-102.5660949,True
ICMM13611,secondary,gold,gold,False,Mexico,MEX,28.3626004,-102.5660949,True
ICMM13613,other,zinc,zinc,True,Mexico,MEX,23.73758195,-104.1099258,True
ICMM13613,other,gold,gold,False,Mexico,MEX,23.73758195,-104.1099258,True
ICMM13613,other,copper,copper,True,Mexico,MEX,23.73758195,-104.1099258,True
ICMM13613,primary,silver,silver,True,Mexico,MEX,23.73758195,-104.1099258,True
ICMM13613,secondary,lead,lead,True,Mexico,MEX,23.73758195,-104.1099258,True
ICMM13671,primary,gold,gold,False,Mexico,MEX,18.007454,-99.738616,True
ICMM13682,primary,gold,gold,False,Mexico,MEX,28.64757,-108.74173,True
ICMM13682,secondary,silver,silver,True,Mexico,MEX,28.64757,-108.74173,True
ICMM13728,other,lead,lead,True,Mexico,MEX,26.93142308,-105.5935552,True
ICMM13728,other,copper,copper,True,Mexico,MEX,26.93142308,-105.5935552,True
ICMM13728,other,zinc,zinc,True,Mexico,MEX,26.93142308,-105.5935552,True
ICMM13728,primary,silver,silver,True,Mexico,MEX,26.93142308,-105.5935552,True
ICMM13728,secondary,gold,gold,False,Mexico,MEX,26.93142308,-105.5935552,True
ICMM13734,other,lead,lead,True,Mexico,MEX,24.6509595,-101.6789715,True
ICMM13734,other,zinc,zinc,True,Mexico,MEX,24.6509595,-101.6789715,True
ICMM13734,other,copper,copper,True,Mexico,MEX,24.6509595,-101.6789715,True
ICMM13734,primary,gold,gold,False,Mexico,MEX,24.6509595,-101.6789715,True
ICMM13734,secondary,silver,silver,True,Mexico,MEX,24.6509595,-101.6789715,True
ICMM13739,primary,copper,copper,True,Mexico,MEX,27.16371355,-109.0192816,True
ICMM13795,other,zinc,zinc,True,Mexico,MEX,24.787594,-104.601291,True
ICMM13795,other,lead,lead,True,Mexico,MEX,24.787594,-104.601291,True
ICMM13795,primary,gold,gold,False,Mexico,MEX,24.787594,-104.601291,True
ICMM13795,secondary,silver,silver,True,Mexico,MEX,24.787594,-104.601291,True
ICMM13801,other,lead,lead,True,Mexico,MEX,16.6908405,-96.704013,True
ICMM13801,other,copper,copper,True,Mexico,MEX,16.6908405,-96.704013,True
ICMM13801,other,zinc,zinc,True,Mexico,MEX,16.6908405,-96.704013,True
ICMM13801,primary,silver,silver,True,Mexico,MEX,16.6908405,-96.704013,True
ICMM13801,secondary,gold,gold,False,Mexico,MEX,16.6908405,-96.704013,True
ICMM13802,primary,silver,silver,True,Mexico,MEX,24.4227591,-103.8074036,True
ICMM13805,primary,gold,gold,False,Mexico,MEX,30.0219455,-110.1594515,True
ICMM13805,secondary,silver,silver,True,Mexico,MEX,30.0219455,-110.1594515,True
ICMM13806,other,lead,lead,True,Mexico,MEX,22.229786,-102.11127,True
ICMM13806,other,copper,copper,True,Mexico,MEX,22.229786,-102.11127,True
ICMM13806,other,silver,silver,True,Mexico,MEX,22.229786,-102.11127,True
ICMM13806,primary,zinc,zinc,True,Mexico,MEX,22.229786,-102.11127,True
ICMM13806,secondary,gold,gold,False,Mexico,MEX,22.229786,-102.11127,True
ICMM13808,other,gold,gold,False,Mexico,MEX,23.675745,-100.706899,True
ICMM13808,other,silver,silver,True,Mexico,MEX,23.675745,-100.706899,True
ICMM13808,other,arsenic,arsenic,True,Mexico,MEX,23.675745,-100.706899,True
ICMM13808,primary,copper,copper,True,Mexico,MEX,23.675745,-100.706899,True
ICMM13808,secondary,zinc,zinc,True,Mexico,MEX,23.675745,-100.706899,True
ICMM13810,other,copper,copper,True,Mexico,MEX,28.366735,-109.211055,True
ICMM13810,other,tungsten,tungsten,True,Mexico,MEX,28.366735,-109.211055,True
ICMM13810,primary,gold,gold,False,Mexico,MEX,28.366735,-109.211055,True
ICMM13810,secondary,silver,silver,True,Mexico,MEX,28.366735,-109.211055,True
ICMM13851,other,copper,copper,True,Mexico,MEX,24.6955415,-101.4661815,True
ICMM13851,other,silver,silver,True,Mexico,MEX,24.6955415,-101.4661815,True
ICMM13851,other,gold,gold,False,Mexico,MEX,24.6955415,-101.4661815,True
ICMM13851,primary,zinc,zinc,True,Mexico,MEX,24.6955415,-101.4661815,True
ICMM13851,secondary,lead,lead,True,Mexico,MEX,24.6955415,-101.4661815,True
ICMM13859,other,lead,lead,True,Mexico,MEX,19.037557,-100.2316625,True
ICMM13859,other,zinc,zinc,True,Mexico,MEX,19.037557,-100.2316625,True
ICMM13859,other,copper,copper,True,Mexico,MEX,19.037557,-100.2316625,True
ICMM13859,primary,silver,silver,True,Mexico,MEX,19.037557,-100.2316625,True
ICMM13859,secondary,gold,gold,False,Mexico,MEX,19.037557,-100.2316625,True
ICMM13863,other,copper,copper,True,Mexico,MEX,25.52584594,-103.4429097,True
ICMM13863,other,bismuth,bismuth,False,Mexico,MEX,25.52584594,-103.4429097,True
ICMM13863,other,silver,silver,True,Mexico,MEX,25.52584594,-103.4429097,True
ICMM13863,other,cadmium,cadmium,True,Mexico,MEX,25.52584594,-103.4429097,True
ICMM13863,other,zinc,zinc,True,Mexico,MEX,25.52584594,-103.4429097,True
ICMM13863,primary,lead,lead,True,Mexico,MEX,25.52584594,-103.4429097,True
ICMM13863,secondary,gold,gold,False,Mexico,MEX,25.52584594,-103.4429097,True
ICMM14111,primary,copper,copper,True,Mexico,MEX,31.048165,-110.422055,True
ICMM14111,secondary,molybdenum,molybdenum,True,Mexico,MEX,31.048165,-110.422055,True
ICMM14273,other,lead,lead,True,Mexico,MEX,30.31865,-109.55788,True
ICMM14273,other,gold,gold,False,Mexico,MEX,30.31865,-109.55788,True
ICMM14273,other,rhenium,rhenium,False,Mexico,MEX,30.31865,-109.55788,True
ICMM14273,other,selenium,selenium,True,Mexico,MEX,30.31865,-109.55788,True
ICMM14273,other,silver,silver,True,Mexico,MEX,30.31865,-109.55788,True
ICMM14273,other,zinc,zinc,True,Mexico,MEX,30.31865,-109.55788,True
ICMM14273,primary,copper,copper,True,Mexico,MEX,30.31865,-109.55788,True
ICMM14273,secondary,molybdenum,molybdenum,True,Mexico,MEX,30.31865,-109.55788,True
ICMM14416,other,lead,lead,True,Mexico,MEX,20.79495,-99.44867,True
ICMM14416,other,silver,silver,True,Mexico,MEX,20.79495,-99.44867,True
ICMM14416,other,zinc,zinc,True,Mexico,MEX,20.79495,-99.44867,True
ICMM14416,primary,copper,copper,True,Mexico,MEX,20.79495,-99.44867,True
ICMM14416,secondary,gold,gold,False,Mexico,MEX,20.79495,-99.44867,True
ICMM14439,primary,gold,gold,False,Mexico,MEX,28.19444,-108.52444,True
ICMM14439,secondary,silver,silver,True,Mexico,MEX,28.19444,-108.52444,True
ICMM14456,other,lead,lead,True,Mexico,MEX,26.84594,-105.86283,True
ICMM14456,other,copper,copper,True,Mexico,MEX,26.84594,-105.86283,True
ICMM14456,other,gold,gold,False,Mexico,MEX,26.84594,-105.86283,True
ICMM14456,primary,zinc,zinc,True,Mexico,MEX,26.84594,-105.86283,True
ICMM14456,secondary,silver,silver,True,Mexico,MEX,26.84594,-105.86283,True
ICMM14647,primary,copper,copper,True,Mexico,MEX,31.10886,-110.42448,True
ICMM16120,other,lead,lead,True,Mexico,MEX,23.04889,-101.21306,True
ICMM16120,other,zinc,zinc,True,Mexico,MEX,23.04889,-101.21306,True
ICMM16120,primary,silver,silver,True,Mexico,MEX,23.04889,-101.21306,True
ICMM16120,secondary,gold,gold,False,Mexico,MEX,23.04889,-101.21306,True
ICMM19800,other,lead,lead,True,Mexico,MEX,29.07868,-105.24404,True
ICMM19800,other,silver,silver,True,Mexico,MEX,29.07868,-105.24404,True
ICMM19800,other,zinc,zinc,True,Mexico,MEX,29.07868,-105.24404,True
ICMM19800,primary,copper,copper,True,Mexico,MEX,29.07868,-105.24404,True
ICMM19800,secondary,gold,gold,False,Mexico,MEX,29.07868,-105.24404,True
ICMM01818,other,lead,lead,True,Nicaragua,NIC,12.7532,-86.737,True
ICMM01818,primary,gold,gold,False,Nicaragua,NIC,12.7532,-86.737,True
ICMM01818,secondary,silver,silver,True,Nicaragua,NIC,12.7532,-86.737,True
ICMM01836,primary,gold,gold,False,Nicaragua,NIC,14.0270075,-84.5860795,True
ICMM01836,secondary,zinc,zinc,True,Nicaragua,NIC,14.0270075,-84.5860795,True
ICMM13612,other,zinc,zinc,True,Nicaragua,NIC,12.237789,-85.190252,True
ICMM13612,primary,gold,gold,False,Nicaragua,NIC,12.237789,-85.190252,True
ICMM13612,secondary,silver,silver,True,Nicaragua,NIC,12.237789,-85.190252,True
ICMM01810,primary,gold,gold,False,Panama,PAN,9.11085,-79.4559,False
ICMM08107,other,molybdenum,molybdenum,True,Panama,PAN,8.843434344,-80.65541101,True
ICMM08107,other,silver,silver,True,Panama,PAN,8.843434344,-80.65541101,True
ICMM08107,primary,copper,copper,True,Panama,PAN,8.843434344,-80.65541101,True
ICMM08107,secondary,gold,gold,False,Panama,PAN,8.843434344,-80.65541101,True
ICMM00410,other,lead,lead,True,Peru,PER,-6.757830917,-78.61678817,True
ICMM00410,other,silver,silver,True,Peru,PER,-6.757830917,-78.61678817,True
ICMM00410,other,zinc,zinc,True,Peru,PER,-6.757830917,-78.61678817,True
ICMM00410,primary,gold,gold,False,Peru,PER,-6.757830917,-78.61678817,True
ICMM00410,secondary,copper,copper,True,Peru,PER,-6.757830917,-78.61678817,True
ICMM00442,other,gold,gold,False,Peru,PER,-7.599296667,-78.47237333,True
ICMM00442,other,lead,lead,True,Peru,PER,-7.599296667,-78.47237333,True
ICMM00442,other,antimony,antimony,False,Peru,PER,-7.599296667,-78.47237333,True
ICMM00442,other,zinc,zinc,True,Peru,PER,-7.599296667,-78.47237333,True
ICMM00442,primary,copper,copper,True,Peru,PER,-7.599296667,-78.47237333,True
ICMM00442,secondary,silver,silver,True,Peru,PER,-7.599296667,-78.47237333,True
ICMM00443,primary,silver,silver,True,Peru,PER,-7.61475,-78.0498,False
ICMM00445,primary,gold,gold,False,Peru,PER,-7.77582,-77.5998,False
ICMM00445,secondary,copper,copper,True,Peru,PER,-7.77582,-77.5998,False
ICMM00452,primary,gold,gold,False,Peru,PER,-7.989900034,-78.59269286,False
ICMM00452,secondary,zinc,zinc,True,Peru,PER,-7.989900034,-78.59269286,False
ICMM00453,other,lead,lead,True,Peru,PER,-8.006873563,-78.31863284,True
ICMM00453,other,silver,silver,True,Peru,PER,-8.006873563,-78.31863284,True
ICMM00453,other,zinc,zinc,True,Peru,PER,-8.006873563,-78.31863284,True
ICMM00453,primary,gold,gold,False,Peru,PER,-8.006873563,-78.31863284,True
ICMM00453,secondary,copper,copper,True,Peru,PER,-8.006873563,-78.31863284,True
ICMM00459,other,lead,lead,True,Peru,PER,-8.05067,-77.969845,True
ICMM00459,other,molybdenum,molybdenum,True,Peru,PER,-8.05067,-77.969845,True
ICMM00459,other,silver,silver,True,Peru,PER,-8.05067,-77.969845,True
ICMM00459,other,tungsten,tungsten,True,Peru,PER,-8.05067,-77.969845,True
ICMM00459,other,zinc,zinc,True,Peru,PER,-8.05067,-77.969845,True
ICMM00459,primary,copper,copper,True,Peru,PER,-8.05067,-77.969845,True
ICMM00459,secondary,gold,gold,False,Peru,PER,-8.05067,-77.969845,True
ICMM00479,primary,silver,silver,True,Peru,PER,-9.07299,-77.4581,False
ICMM00497,primary,silver,silver,True,Peru,PER,-9.26465,-77.9164,False
ICMM00500,primary,silver,silver,True,Peru,PER,-9.29923,-77.78195,False
ICMM00508,primary,silver,silver,True,Peru,PER,-9.3313,-77.1664,False
ICMM00512,primary,silver,silver,True,Peru,PER,-9.36464,-77.5498,False
ICMM00517,primary,silver,silver,True,Peru,PER,-9.39797,-77.5664,False
ICMM00522,primary,silver,silver,True,Peru,PER,-9.46464,-77.4664,False
ICMM00523,primary,silver,silver,True,Peru,PER,-9.46464,-77.2331,False
ICMM00524,other,lead,lead,True,Peru,PER,-9.463057033,-77.58471134,True
ICMM00524,other,copper,copper,True,Peru,PER,-9.463057033,-77.58471134,True
ICMM00524,primary,gold,gold,False,Peru,PER,-9.463057033,-77.58471134,True
ICMM00524,secondary,silver,silver,True,Peru,PER,-9.463057033,-77.58471134,True
ICMM00525,primary,silver,silver,True,Peru,PER,-9.4813,-77.6998,False
ICMM00531,primary,tungsten,tungsten,True,Peru,PER,-9.50797,-77.1198,False
ICMM00538,other,silver,silver,True,Peru,PER,-9.548430146,-77.0551033,True
ICMM00538,other,molybdenum,molybdenum,True,Peru,PER,-9.548430146,-77.0551033,True
ICMM00538,other,lead,lead,True,Peru,PER,-9.548430146,-77.0551033,True
ICMM00538,primary,copper,copper,True,Peru,PER,-9.548430146,-77.0551033,True
ICMM00538,secondary,zinc,zinc,True,Peru,PER,-9.548430146,-77.0551033,True
ICMM00542,primary,silver,silver,True,Peru,PER,-9.58129,-77.497,False
ICMM00543,primary,gold,gold,False,Peru,PER,-9.58129,-74.843,False
ICMM00546,primary,silver,silver,True,Peru,PER,-9.64796,-77.1664,False
ICMM00549,primary,silver,silver,True,Peru,PER,-9.68129,-77.8414,False
ICMM00557,other,gold,gold,False,Peru,PER,-9.764975278,-77.53752564,True
ICMM00557,other,copper,copper,True,Peru,PER,-9.764975278,-77.53752564,True
ICMM00557,other,antimony,antimony,False,Peru,PER,-9.764975278,-77.53752564,True
ICMM00557,other,zinc,zinc,True,Peru,PER,-9.764975278,-77.53752564,True
ICMM00557,primary,lead,lead,True,Peru,PER,-9.764975278,-77.53752564,True
ICMM00557,secondary,silver,silver,True,Peru,PER,-9.764975278,-77.53752564,True
ICMM00568,other,copper,copper,True,Peru,PER,-9.873557139,-76.99470062,True
ICMM00568,other,silver,silver,True,Peru,PER,-9.873557139,-76.99470062,True
ICMM00568,other,gold,gold,False,Peru,PER,-9.873557139,-76.99470062,True
ICMM00568,primary,zinc,zinc,True,Peru,PER,-9.873557139,-76.99470062,True
ICMM00568,secondary,lead,lead,True,Peru,PER,-9.873557139,-76.99470062,True
ICMM00591,other,antimony,antimony,False,Peru,PER,-10.19799333,-76.96199667,True
ICMM00591,primary,lead,lead,True,Peru,PER,-10.19799333,-76.96199667,True
ICMM00591,secondary,zinc,zinc,True,Peru,PER,-10.19799333,-76.96199667,True
ICMM00604,other,copper,copper,True,Peru,PER,-10.44295257,-76.27845306,True
ICMM00604,other,zinc,zinc,True,Peru,PER,-10.44295257,-76.27845306,True
ICMM00604,primary,silver,silver,True,Peru,PER,-10.44295257,-76.27845306,True
ICMM00604,secondary,lead,lead,True,Peru,PER,-10.44295257,-76.27845306,True
ICMM00623,other,silver,silver,True,Peru,PER,-10.56885238,-76.18748222,False
ICMM00623,other,copper,copper,True,Peru,PER,-10.56885238,-76.18748222,False
ICMM00623,primary,zinc,zinc,True,Peru,PER,-10.56885238,-76.18748222,False
ICMM00623,secondary,lead,lead,True,Peru,PER,-10.56885238,-76.18748222,False
ICMM00628,other,copper,copper,True,Peru,PER,-10.59990109,-76.20962215,True
ICMM00628,other,silver,silver,True,Peru,PER,-10.59990109,-76.20962215,True
ICMM00628,other,gold,gold,False,Peru,PER,-10.59990109,-76.20962215,True
ICMM00628,primary,zinc,zinc,True,Peru,PER,-10.59990109,-76.20962215,True
ICMM00628,secondary,lead,lead,True,Peru,PER,-10.59990109,-76.20962215,True
ICMM00632,other,lead,lead,True,Peru,PER,-10.67252514,-76.25736157,True
ICMM00632,other,copper,copper,True,Peru,PER,-10.67252514,-76.25736157,True
ICMM00632,other,gold,gold,False,Peru,PER,-10.67252514,-76.25736157,True
ICMM00632,other,tin,tin,False,Peru,PER,-10.67252514,-76.25736157,True
ICMM00632,primary,silver,silver,True,Peru,PER,-10.67252514,-76.25736157,True
ICMM00632,secondary,zinc,zinc,True,Peru,PER,-10.67252514,-76.25736157,True
ICMM00637,other,silver,silver,True,Peru,PER,-10.68523526,-76.8632394,True
ICMM00637,other,copper,copper,True,Peru,PER,-10.68523526,-76.8632394,True
ICMM00637,primary,lead,lead,True,Peru,PER,-10.68523526,-76.8632394,True
ICMM00637,secondary,zinc,zinc,True,Peru,PER,-10.68523526,-76.8632394,True
ICMM00638,other,silver,silver,True,Peru,PER,-10.75328153,-76.26704665,True
ICMM00638,other,copper,copper,True,Peru,PER,-10.75328153,-76.26704665,True
ICMM00638,other,gold,gold,False,Peru,PER,-10.75328153,-76.26704665,True
ICMM00638,primary,zinc,zinc,True,Peru,PER,-10.75328153,-76.26704665,True
ICMM00638,secondary,lead,lead,True,Peru,PER,-10.75328153,-76.26704665,True
ICMM00649,other,lead,lead,True,Peru,PER,-11.0146,-76.4497,False
ICMM00649,other,copper,copper,True,Peru,PER,-11.0146,-76.4497,False
ICMM00649,other,antimony,antimony,False,Peru,PER,-11.0146,-76.4497,False
ICMM00649,primary,silver,silver,True,Peru,PER,-11.0146,-76.4497,False
ICMM00649,secondary,zinc,zinc,True,Peru,PER,-11.0146,-76.4497,False
ICMM00652,other,copper,copper,True,Peru,PER,-11.03657579,-76.41728425,True
ICMM00652,other,silver,silver,True,Peru,PER,-11.03657579,-76.41728425,True
ICMM00652,other,gold,gold,False,Peru,PER,-11.03657579,-76.41728425,True
ICMM00652,primary,zinc,zinc,True,Peru,PER,-11.03657579,-76.41728425,True
ICMM00652,secondary,lead,lead,True,Peru,PER,-11.03657579,-76.41728425,True
ICMM00655,primary,silver,silver,True,Peru,PER,-11.114,-76.352,False
ICMM00656,other,copper,copper,True,Peru,PER,-11.1223861,-76.5323824,True
ICMM00656,other,silver,silver,True,Peru,PER,-11.1223861,-76.5323824,True
ICMM00656,other,gold,gold,False,Peru,PER,-11.1223861,-76.5323824,True
ICMM00656,primary,zinc,zinc,True,Peru,PER,-11.1223861,-76.5323824,True
ICMM00656,secondary,lead,lead,True,Peru,PER,-11.1223861,-76.5323824,True
ICMM00662,other,copper,copper,True,Peru,PER,-11.19465,-76.51065,True
ICMM00662,primary,zinc,zinc,True,Peru,PER,-11.19465,-76.51065,True
ICMM00662,secondary,lead,lead,True,Peru,PER,-11.19465,-76.51065,True
ICMM00673,primary,gold,gold,False,Peru,PER,-11.3812,-75.783,False
ICMM00673,secondary,zinc,zinc,True,Peru,PER,-11.3812,-75.783,False
ICMM00676,other,zinc,zinc,True,Peru,PER,-11.4922134,-77.26940444,True
ICMM00676,other,barium,barium,False,Peru,PER,-11.4922134,-77.26940444,True
ICMM00676,other,copper,copper,True,Peru,PER,-11.4922134,-77.26940444,True
ICMM00676,primary,silver,silver,True,Peru,PER,-11.4922134,-77.26940444,True
ICMM00676,secondary,lead,lead,True,Peru,PER,-11.4922134,-77.26940444,True
ICMM00685,primary,lead,lead,True,Peru,PER,-11.5993,-76.3306,False
ICMM00686,other,lead,lead,True,Peru,PER,-11.60393996,-76.14208568,True
ICMM00686,other,gold,gold,False,Peru,PER,-11.60393996,-76.14208568,True
ICMM00686,other,silver,silver,True,Peru,PER,-11.60393996,-76.14208568,True
ICMM00686,other,zinc,zinc,True,Peru,PER,-11.60393996,-76.14208568,True
ICMM00686,primary,copper,copper,True,Peru,PER,-11.60393996,-76.14208568,True
ICMM00686,secondary,molybdenum,molybdenum,True,Peru,PER,-11.60393996,-76.14208568,True
ICMM00690,primary,silver,silver,True,Peru,PER,-11.6429,-76.2619,False
ICMM00692,other,silver,silver,True,Peru,PER,-11.66692565,-76.23136844,True
ICMM00692,other,copper,copper,True,Peru,PER,-11.66692565,-76.23136844,True
ICMM00692,other,tungsten,tungsten,True,Peru,PER,-11.66692565,-76.23136844,True
ICMM00692,other,arsenic,arsenic,True,Peru,PER,-11.66692565,-76.23136844,True
ICMM00692,primary,zinc,zinc,True,Peru,PER,-11.66692565,-76.23136844,True
ICMM00692,secondary,lead,lead,True,Peru,PER,-11.66692565,-76.23136844,True
ICMM00695,other,silver,silver,True,Peru,PER,-11.68096297,-76.08856795,True
ICMM00695,other,copper,copper,True,Peru,PER,-11.68096297,-76.08856795,True
ICMM00695,primary,zinc,zinc,True,Peru,PER,-11.68096297,-76.08856795,True
ICMM00695,secondary,lead,lead,True,Peru,PER,-11.68096297,-76.08856795,True
ICMM00698,other,gold,gold,False,Peru,PER,-11.72738019,-76.06763315,True
ICMM00698,other,lead,lead,True,Peru,PER,-11.72738019,-76.06763315,True
ICMM00698,other,nickel,nickel,True,Peru,PER,-11.72738019,-76.06763315,True
ICMM00698,other,silver,silver,True,Peru,PER,-11.72738019,-76.06763315,True
ICMM00698,other,zinc,zinc,True,Peru,PER,-11.72738019,-76.06763315,True
ICMM00698,primary,copper,copper,True,Peru,PER,-11.72738019,-76.06763315,True
ICMM00698,secondary,cobalt,cobalt,True,Peru,PER,-11.72738019,-76.06763315,True
ICMM00705,other,gold,gold,False,Peru,PER,-11.84233333,-76.24413333,False
ICMM00705,other,copper,copper,True,Peru,PER,-11.84233333,-76.24413333,False
ICMM00705,other,cadmium,cadmium,True,Peru,PER,-11.84233333,-76.24413333,False
ICMM00705,primary,lead,lead,True,Peru,PER,-11.84233333,-76.24413333,False
ICMM00705,secondary,silver,silver,True,Peru,PER,-11.84233333,-76.24413333,False
ICMM00707,primary,silver,silver,True,Peru,PER,-11.877,-76.2505,False
ICMM00713,other,lead,lead,True,Peru,PER,-12.06240512,-75.6661436,True
ICMM00713,other,manganese,manganese,True,Peru,PER,-12.06240512,-75.6661436,True
ICMM00713,other,silver,silver,True,Peru,PER,-12.06240512,-75.6661436,True
ICMM00713,other,zinc,zinc,True,Peru,PER,-12.06240512,-75.6661436,True
ICMM00713,primary,copper,copper,True,Peru,PER,-12.06240512,-75.6661436,True
ICMM00713,secondary,gold,gold,False,Peru,PER,-12.06240512,-75.6661436,True
ICMM00720,other,lead,lead,True,Peru,PER,-12.31351398,-75.72066821,True
ICMM00720,other,zinc,zinc,True,Peru,PER,-12.31351398,-75.72066821,True
ICMM00720,other,gold,gold,False,Peru,PER,-12.31351398,-75.72066821,True
ICMM00720,other,arsenic,arsenic,True,Peru,PER,-12.31351398,-75.72066821,True
ICMM00720,other,iron ore,iron ore,False,Peru,PER,-12.31351398,-75.72066821,True
ICMM00720,primary,silver,silver,True,Peru,PER,-12.31351398,-75.72066821,True
ICMM00720,secondary,copper,copper,True,Peru,PER,-12.31351398,-75.72066821,True
ICMM00734,other,gold,gold,False,Peru,PER,-12.5978,-74.4414,False
ICMM00734,primary,lead,lead,True,Peru,PER,-12.5978,-74.4414,False
ICMM00734,secondary,zinc,zinc,True,Peru,PER,-12.5978,-74.4414,False
ICMM00739,primary,gold,gold,False,Peru,PER,-12.6809,-69.7404,False
ICMM00740,other,lead,lead,True,Peru,PER,-12.69618148,-76.58778999,True
ICMM00740,other,silver,silver,True,Peru,PER,-12.69618148,-76.58778999,True
ICMM00740,other,zinc,zinc,True,Peru,PER,-12.69618148,-76.58778999,True
ICMM00740,primary,copper,copper,True,Peru,PER,-12.69618148,-76.58778999,True
ICMM00740,secondary,gold,gold,False,Peru,PER,-12.69618148,-76.58778999,True
ICMM00756,other,copper,copper,True,Peru,PER,-12.94967699,-74.80569434,True
ICMM00756,other,gold,gold,False,Peru,PER,-12.94967699,-74.80569434,True
ICMM00756,other,antimony,antimony,False,Peru,PER,-12.94967699,-74.80569434,True
ICMM00756,other,zinc,zinc,True,Peru,PER,-12.94967699,-74.80569434,True
ICMM00756,primary,silver,silver,True,Peru,PER,-12.94967699,-74.80569434,True
ICMM00756,secondary,lead,lead,True,Peru,PER,-12.94967699,-74.80569434,True
ICMM00782,primary,silver,silver,True,Peru,PER,-13.2034,-75.2303,False
ICMM00823,other,silver,silver,True,Peru,PER,-13.981447,-73.93594233,True
ICMM00823,other,copper,copper,True,Peru,PER,-13.981447,-73.93594233,True
ICMM00823,primary,zinc,zinc,True,Peru,PER,-13.981447,-73.93594233,True
ICMM00823,secondary,lead,lead,True,Peru,PER,-13.981447,-73.93594233,True
ICMM00832,other,silver,silver,True,Peru,PER,-14.22987844,-70.33092543,True
ICMM00832,other,tin,tin,False,Peru,PER,-14.22987844,-70.33092543,True
ICMM00832,other,zinc,zinc,True,Peru,PER,-14.22987844,-70.33092543,True
ICMM00832,primary,copper,copper,True,Peru,PER,-14.22987844,-70.33092543,True
ICMM00832,secondary,lead,lead,True,Peru,PER,-14.22987844,-70.33092543,True
ICMM00833,primary,silver,silver,True,Peru,PER,-14.2289,-75.4197,False
ICMM00848,other,silver,silver,True,Peru,PER,-14.454841,-71.758418,True
ICMM00848,other,gold,gold,False,Peru,PER,-14.454841,-71.758418,True
ICMM00848,primary,copper,copper,True,Peru,PER,-14.454841,-71.758418,True
ICMM00848,secondary,molybdenum,molybdenum,True,Peru,PER,-14.454841,-71.758418,True
ICMM00860,primary,silver,silver,True,Peru,PER,-14.6636,-74.2036,False
ICMM00861,other,zinc,zinc,True,Peru,PER,-14.6644,-69.4995,True
ICMM00861,primary,gold,gold,False,Peru,PER,-14.6644,-69.4995,True
ICMM00861,secondary,silver,silver,True,Peru,PER,-14.6644,-69.4995,True
ICMM00863,primary,tin,tin,False,Peru,PER,-14.70953848,-69.68036537,False
ICMM00863,secondary,tungsten,tungsten,True,Peru,PER,-14.70953848,-69.68036537,False
ICMM00866,primary,silver,silver,True,Peru,PER,-14.7522,-74.0322,False
ICMM00867,primary,silver,silver,True,Peru,PER,-14.7847,-73.8469,False
ICMM00911,primary,zinc,zinc,True,Peru,PER,-15.3177,-73.9858,False
ICMM00951,primary,gold,gold,False,Peru,PER,-15.741835,-73.800315,True
ICMM00998,other,molybdenum,molybdenum,True,Peru,PER,-16.53144398,-71.59119733,True
ICMM00998,other,silver,silver,True,Peru,PER,-16.53144398,-71.59119733,True
ICMM00998,primary,copper,copper,True,Peru,PER,-16.53144398,-71.59119733,True
ICMM00998,secondary,gold,gold,False,Peru,PER,-16.53144398,-71.59119733,True
ICMM01048,other,gold,gold,False,Peru,PER,-17.04096984,-70.70661801,True
ICMM01048,other,silver,silver,True,Peru,PER,-17.04096984,-70.70661801,True
ICMM01048,other,zinc,zinc,True,Peru,PER,-17.04096984,-70.70661801,True
ICMM01048,primary,copper,copper,True,Peru,PER,-17.04096984,-70.70661801,True
ICMM01048,secondary,molybdenum,molybdenum,True,Peru,PER,-17.04096984,-70.70661801,True
ICMM01055,other,silver,silver,True,Peru,PER,-17.10102727,-70.61645749,True
ICMM01055,primary,copper,copper,True,Peru,PER,-17.10102727,-70.61645749,True
ICMM01055,secondary,molybdenum,molybdenum,True,Peru,PER,-17.10102727,-70.61645749,True
ICMM01075,other,silver,silver,True,Peru,PER,-17.25408926,-70.61252327,True
ICMM01075,other,rhenium,rhenium,False,Peru,PER,-17.25408926,-70.61252327,True
ICMM01075,other,gold,gold,False,Peru,PER,-17.25408926,-70.61252327,True
ICMM01075,other,zinc,zinc,True,Peru,PER,-17.25408926,-70.61252327,True
ICMM01075,primary,copper,copper,True,Peru,PER,-17.25408926,-70.61252327,True
ICMM01075,secondary,molybdenum,molybdenum,True,Peru,PER,-17.25408926,-70.61252327,True
ICMM01754,primary,copper,copper,True,Peru,PER,-15.307193,-74.58133838,True
ICMM01754,secondary,gold,gold,False,Peru,PER,-15.307193,-74.58133838,True
ICMM01755,primary,gold,gold,False,Peru,PER,-7.947921247,-78.24468529,True
ICMM01755,secondary,silver,silver,True,Peru,PER,-7.947921247,-78.24468529,True
ICMM01757,primary,gold,gold,False,Peru,PER,-13.9767112,-75.06767943,True
ICMM01757,secondary,silver,silver,True,Peru,PER,-13.9767112,-75.06767943,True
ICMM01758,primary,gold,gold,False,Peru,PER,-15.24274192,-70.85094156,True
ICMM01759,other,lead,lead,True,Peru,PER,-14.97941653,-72.31053856,True
ICMM01759,other,gold,gold,False,Peru,PER,-14.97941653,-72.31053856,True
ICMM01759,other,antimony,antimony,False,Peru,PER,-14.97941653,-72.31053856,True
ICMM01759,other,copper,copper,True,Peru,PER,-14.97941653,-72.31053856,True
ICMM01759,primary,silver,silver,True,Peru,PER,-14.97941653,-72.31053856,True
ICMM01759,secondary,zinc,zinc,True,Peru,PER,-14.97941653,-72.31053856,True
ICMM01761,primary,gold,gold,False,Peru,PER,-15.66502,-72.93815,True
ICMM01764,other,copper,copper,True,Peru,PER,-13.07813229,-75.98943903,True
ICMM01764,other,silver,silver,True,Peru,PER,-13.07813229,-75.98943903,True
ICMM01764,other,gold,gold,False,Peru,PER,-13.07813229,-75.98943903,True
ICMM01764,primary,lead,lead,True,Peru,PER,-13.07813229,-75.98943903,True
ICMM01764,secondary,zinc,zinc,True,Peru,PER,-13.07813229,-75.98943903,True
ICMM01765,other,copper,copper,True,Peru,PER,-6.976986355,-78.51118088,True
ICMM01765,primary,gold,gold,False,Peru,PER,-6.976986355,-78.51118088,True
ICMM01765,secondary,silver,silver,True,Peru,PER,-6.976986355,-78.51118088,True
ICMM01766,other,zinc,zinc,True,Peru,PER,-12.58954992,-74.3724092,True
ICMM01766,other,silver,silver,True,Peru,PER,-12.58954992,-74.3724092,True
ICMM01766,primary,copper,copper,True,Peru,PER,-12.58954992,-74.3724092,True
ICMM01766,secondary,antimony,antimony,False,Peru,PER,-12.58954992,-74.3724092,True
ICMM01767,primary,gold,gold,False,Peru,PER,-6.73644714,-78.64551936,False
ICMM01768,other,copper,copper,True,Peru,PER,-9.49940886,-77.0756206,True
ICMM01768,other,zinc,zinc,True,Peru,PER,-9.49940886,-77.0756206,True
ICMM01768,primary,lead,lead,True,Peru,PER,-9.49940886,-77.0756206,True
ICMM01768,secondary,silver,silver,True,Peru,PER,-9.49940886,-77.0756206,True
ICMM01769,primary,gold,gold,False,Peru,PER,-7.981852795,-77.49877883,False
ICMM01771,other,lead,lead,True,Peru,PER,-11.00502014,-76.40838368,True
ICMM01771,other,copper,copper,True,Peru,PER,-11.00502014,-76.40838368,True
ICMM01771,other,gold,gold,False,Peru,PER,-11.00502014,-76.40838368,True
ICMM01771,primary,silver,silver,True,Peru,PER,-11.00502014,-76.40838368,True
ICMM01771,secondary,zinc,zinc,True,Peru,PER,-11.00502014,-76.40838368,True
ICMM01772,other,silver,silver,True,Peru,PER,-10.77994849,-76.72858743,True
ICMM01772,other,copper,copper,True,Peru,PER,-10.77994849,-76.72858743,True
ICMM01772,primary,zinc,zinc,True,Peru,PER,-10.77994849,-76.72858743,True
ICMM01772,secondary,lead,lead,True,Peru,PER,-10.77994849,-76.72858743,True
ICMM01773,other,silver,silver,True,Peru,PER,-15.79048982,-73.33136146,True
ICMM01773,other,lead,lead,True,Peru,PER,-15.79048982,-73.33136146,True
ICMM01773,other,zinc,zinc,True,Peru,PER,-15.79048982,-73.33136146,True
ICMM01773,primary,gold,gold,False,Peru,PER,-15.79048982,-73.33136146,True
ICMM01773,secondary,copper,copper,True,Peru,PER,-15.79048982,-73.33136146,True
ICMM01774,primary,copper,copper,True,Peru,PER,-15.15392889,-75.06649124,True
ICMM01774,secondary,gold,gold,False,Peru,PER,-15.15392889,-75.06649124,True
ICMM01775,primary,gold,gold,False,Peru,PER,-8.115781796,-77.41235874,False
ICMM01776,other,gold,gold,False,Peru,PER,-7.978172529,-78.07577427,True
ICMM01776,primary,silver,silver,True,Peru,PER,-7.978172529,-78.07577427,True
ICMM01776,secondary,copper,copper,True,Peru,PER,-7.978172529,-78.07577427,True
ICMM01780,other,copper,copper,True,Peru,PER,-15.27644889,-72.33413293,True
ICMM01780,primary,gold,gold,False,Peru,PER,-15.27644889,-72.33413293,True
ICMM01780,secondary,silver,silver,True,Peru,PER,-15.27644889,-72.33413293,True
ICMM01787,other,copper,copper,True,Peru,PER,-10.69584123,-76.38701737,True
ICMM01787,primary,gold,gold,False,Peru,PER,-10.69584123,-76.38701737,True
ICMM01787,secondary,silver,silver,True,Peru,PER,-10.69584123,-76.38701737,True
ICMM01788,primary,gold,gold,False,Peru,PER,-8.064590404,-77.42570737,True
ICMM01788,secondary,silver,silver,True,Peru,PER,-8.064590404,-77.42570737,True
ICMM01790,other,copper,copper,True,Peru,PER,-13.19386932,-75.1494733,True
ICMM01790,other,gold,gold,False,Peru,PER,-13.19386932,-75.1494733,True
ICMM01790,other,zinc,zinc,True,Peru,PER,-13.19386932,-75.1494733,True
ICMM01790,primary,silver,silver,True,Peru,PER,-13.19386932,-75.1494733,True
ICMM01790,secondary,lead,lead,True,Peru,PER,-13.19386932,-75.1494733,True
ICMM01791,other,molybdenum,molybdenum,True,Peru,PER,-15.90022206,-73.04995922,True
ICMM01791,other,silver,silver,True,Peru,PER,-15.90022206,-73.04995922,True
ICMM01791,primary,gold,gold,False,Peru,PER,-15.90022206,-73.04995922,True
ICMM01791,secondary,copper,copper,True,Peru,PER,-15.90022206,-73.04995922,True
ICMM01792,other,silver,silver,True,Peru,PER,-11.22984615,-75.37594168,True
ICMM01792,primary,zinc,zinc,True,Peru,PER,-11.22984615,-75.37594168,True
ICMM01792,secondary,lead,lead,True,Peru,PER,-11.22984615,-75.37594168,True
ICMM01793,primary,gold,gold,False,Peru,PER,-16.6422625,-70.04088637,False
ICMM01793,secondary,silver,silver,True,Peru,PER,-16.6422625,-70.04088637,False
ICMM01797,primary,gold,gold,False,Peru,PER,-6.913669567,-78.78542841,True
ICMM01797,secondary,silver,silver,True,Peru,PER,-6.913669567,-78.78542841,True
ICMM01798,other,molybdenum,molybdenum,True,Peru,PER,-14.87772244,-71.31572798,True
ICMM01798,other,silver,silver,True,Peru,PER,-14.87772244,-71.31572798,True
ICMM01798,primary,copper,copper,True,Peru,PER,-14.87772244,-71.31572798,True
ICMM01798,secondary,gold,gold,False,Peru,PER,-14.87772244,-71.31572798,True
ICMM01800,other,lead,lead,True,Peru,PER,-10.62208722,-76.68913822,True
ICMM01800,other,manganese,manganese,True,Peru,PER,-10.62208722,-76.68913822,True
ICMM01800,other,gold,gold,False,Peru,PER,-10.62208722,-76.68913822,True
ICMM01800,primary,silver,silver,True,Peru,PER,-10.62208722,-76.68913822,True
ICMM01800,secondary,zinc,zinc,True,Peru,PER,-10.62208722,-76.68913822,True
ICMM07917,other,gold,gold,False,Peru,PER,-11.22346249,-76.4555203,True
ICMM07917,other,antimony,antimony,False,Peru,PER,-11.22346249,-76.4555203,True
ICMM07917,other,zinc,zinc,True,Peru,PER,-11.22346249,-76.4555203,True
ICMM07917,other,copper,copper,True,Peru,PER,-11.22346249,-76.4555203,True
ICMM07917,primary,silver,silver,True,Peru,PER,-11.22346249,-76.4555203,True
ICMM07917,secondary,lead,lead,True,Peru,PER,-11.22346249,-76.4555203,True
ICMM07986,primary,phosphate,phosphate,False,Peru,PER,-6.01218405,-80.83219531,True
ICMM08037,primary,gold,gold,False,Peru,PER,-15.07325374,-73.669948,True
ICMM08037,secondary,silver,silver,True,Peru,PER,-15.07325374,-73.669948,True
ICMM08115,other,silver,silver,True,Peru,PER,-6.921429687,-78.3788857,True
ICMM08115,primary,copper,copper,True,Peru,PER,-6.921429687,-78.3788857,True
ICMM08115,secondary,gold,gold,False,Peru,PER,-6.921429687,-78.3788857,True
ICMM08300,other,molybdenum,molybdenum,True,Peru,PER,-14.16535867,-72.3579542,True
ICMM08300,other,silver,silver,True,Peru,PER,-14.16535867,-72.3579542,True
ICMM08300,primary,copper,copper,True,Peru,PER,-14.16535867,-72.3579542,True
ICMM08300,secondary,gold,gold,False,Peru,PER,-14.16535867,-72.3579542,True
ICMM08321,other,selenium,selenium,True,Peru,PER,-17.49842772,-71.36055324,True
ICMM08321,other,silver,silver,True,Peru,PER,-17.49842772,-71.36055324,True
ICMM08321,primary,copper,copper,True,Peru,PER,-17.49842772,-71.36055324,True
ICMM08321,secondary,gold,gold,False,Peru,PER,-17.49842772,-71.36055324,True
ICMM08438,other,molybdenum,molybdenum,True,Peru,PER,-7.892866636,-78.13317822,True
ICMM08438,other,silver,silver,True,Peru,PER,-7.892866636,-78.13317822,True
ICMM08438,primary,gold,gold,False,Peru,PER,-7.892866636,-78.13317822,True
ICMM08438,secondary,copper,copper,True,Peru,PER,-7.892866636,-78.13317822,True
ICMM08442,other,molybdenum,molybdenum,True,Peru,PER,-6.832427037,-78.89137675,True
ICMM08442,other,silver,silver,True,Peru,PER,-6.832427037,-78.89137675,True
ICMM08442,primary,copper,copper,True,Peru,PER,-6.832427037,-78.89137675,True
ICMM08442,secondary,gold,gold,False,Peru,PER,-6.832427037,-78.89137675,True
ICMM08495,other,silver,silver,True,Peru,PER,-10.79421657,-76.29437668,True
ICMM08495,primary,copper,copper,True,Peru,PER,-10.79421657,-76.29437668,True
ICMM08495,secondary,gold,gold,False,Peru,PER,-10.79421657,-76.29437668,True
ICMM08711,other,silver,silver,True,Peru,PER,-9.817246953,-77.1014316,True
ICMM08711,primary,zinc,zinc,True,Peru,PER,-9.817246953,-77.1014316,True
ICMM08711,secondary,lead,lead,True,Peru,PER,-9.817246953,-77.1014316,True
ICMM08720,other,lead,lead,True,Peru,PER,-13.0945825,-74.94979881,True
ICMM08720,other,copper,copper,True,Peru,PER,-13.0945825,-74.94979881,True
ICMM08720,other,zinc,zinc,True,Peru,PER,-13.0945825,-74.94979881,True
ICMM08720,primary,silver,silver,True,Peru,PER,-13.0945825,-74.94979881,True
ICMM08720,secondary,gold,gold,False,Peru,PER,-13.0945825,-74.94979881,True
ICMM08786,primary,gold,gold,False,Peru,PER,-7.622057097,-78.20950673,True
ICMM08786,secondary,silver,silver,True,Peru,PER,-7.622057097,-78.20950673,True
ICMM08860,other,lead,lead,True,Peru,PER,-15.46924689,-71.91326053,True
ICMM08860,other,zinc,zinc,True,Peru,PER,-15.46924689,-71.91326053,True
ICMM08860,primary,gold,gold,False,Peru,PER,-15.46924689,-71.91326053,True
ICMM08860,secondary,silver,silver,True,Peru,PER,-15.46924689,-71.91326053,True
ICMM08862,primary,gold,gold,False,Peru,PER,-6.740413174,-78.6972852,True
ICMM08862,secondary,silver,silver,True,Peru,PER,-6.740413174,-78.6972852,True
ICMM08875,primary,copper,copper,True,Peru,PER,-17.01345917,-71.7685043,True
ICMM08961,primary,copper,copper,True,Peru,PER,-16.04594225,-72.24691825,True
ICMM08961,secondary,gold,gold,False,Peru,PER,-16.04594225,-72.24691825,True
ICMM09926,primary,coal,coal,False,Peru,PER,-10.6981443,-76.72691979,True
ICMM13112,primary,iron ore,iron ore,False,Peru,PER,-13.707625,-73.3397975,True
ICMM13130,other,gold,gold,False,Peru,PER,-15.20593067,-75.11568133,True
ICMM13130,primary,iron ore,iron ore,False,Peru,PER,-15.20593067,-75.11568133,True
ICMM13130,secondary,copper,copper,True,Peru,PER,-15.20593067,-75.11568133,True
ICMM13294,other,silver,silver,True,Peru,PER,-11.7430363,-76.01399815,True
ICMM13294,other,copper,copper,True,Peru,PER,-11.7430363,-76.01399815,True
ICMM13294,primary,zinc,zinc,True,Peru,PER,-11.7430363,-76.01399815,True
ICMM13294,secondary,lead,lead,True,Peru,PER,-11.7430363,-76.01399815,True
ICMM13299,other,molybdenum,molybdenum,True,Peru,PER,-14.961631,-71.383065,True
ICMM13299,other,silver,silver,True,Peru,PER,-14.961631,-71.383065,True
ICMM13299,primary,copper,copper,True,Peru,PER,-14.961631,-71.383065,True
ICMM13299,secondary,gold,gold,False,Peru,PER,-14.961631,-71.383065,True
ICMM13358,primary,zinc,zinc,True,Peru,PER,-11.970159,-76.8877373,True
ICMM13370,other,lead,lead,True,Peru,PER,-15.204368,-71.861789,True
ICMM13370,other,zinc,zinc,True,Peru,PER,-15.204368,-71.861789,True
ICMM13370,other,copper,copper,True,Peru,PER,-15.204368,-71.861789,True
ICMM13370,primary,silver,silver,True,Peru,PER,-15.204368,-71.861789,True
ICMM13370,secondary,gold,gold,False,Peru,PER,-15.204368,-71.861789,True
ICMM13542,primary,gold,gold,False,Peru,PER,-14.94987,-73.240459,True
ICMM13542,secondary,silver,silver,True,Peru,PER,-14.94987,-73.240459,True
ICMM13619,other,molybdenum,molybdenum,True,Peru,PER,-14.09415,-72.283245,True
ICMM13619,other,silver,silver,True,Peru,PER,-14.09415,-72.283245,True
ICMM13619,primary,copper,copper,True,Peru,PER,-14.09415,-72.283245,True
ICMM13619,secondary,gold,gold,False,Peru,PER,-14.09415,-72.283245,True
ICMM13642,primary,zinc,zinc,True,Peru,PER,-15.272121,-75.209303,True
ICMM13755,primary,gold,gold,False,Peru,PER,-17.816919,-69.806476,True
ICMM13755,secondary,silver,silver,True,Peru,PER,-17.816919,-69.806476,True
ICMM14011,other,lead,lead,True,Peru,PER,-15.45924,-72.096595,True
ICMM14011,primary,gold,gold,False,Peru,PER,-15.45924,-72.096595,True
ICMM14011,secondary,silver,silver,True,Peru,PER,-15.45924,-72.096595,True
ICMM14012,other,zinc,zinc,True,Peru,PER,-7.7169,-77.66265,True
ICMM14012,primary,gold,gold,False,Peru,PER,-7.7169,-77.66265,True
ICMM14012,secondary,silver,silver,True,Peru,PER,-7.7169,-77.66265,True
ICMM14613,other,silver,silver,True,Peru,PER,-16.7773,-71.35529,True
ICMM14613,primary,copper,copper,True,Peru,PER,-16.7773,-71.35529,True
ICMM14613,secondary,gold,gold,False,Peru,PER,-16.7773,-71.35529,True
ICMM15140,primary,silver,silver,True,Peru,PER,-14.74322,-73.17936,True
ICMM15140,secondary,gold,gold,False,Peru,PER,-14.74322,-73.17936,True
ICMM17388,other,silver,silver,True,Peru,PER,-8.141,-77.85451,True
ICMM17388,other,tungsten,tungsten,True,Peru,PER,-8.141,-77.85451,True
ICMM17388,other,zinc,zinc,True,Peru,PER,-8.141,-77.85451,True
ICMM17388,primary,copper,copper,True,Peru,PER,-8.141,-77.85451,True
ICMM17388,secondary,lead,lead,True,Peru,PER,-8.141,-77.85451,True
ICMM00233,primary,gold,gold,False,Suriname,SUR,4.40135,-54.6992,False
ICMM00249,primary,gold,gold,False,Suriname,SUR,3.65139,-54.0992,False
ICMM08110,primary,bauxite,bauxite / aluminium,False,Suriname,SUR,5.571676978,-54.30554385,True
ICMM08510,primary,gold,gold,False,Suriname,SUR,5.125568809,-54.54871957,True
ICMM08638,primary,alumina,bauxite / aluminium,False,Suriname,SUR,5.592362055,-55.1021545,True
ICMM14162,primary,gold,gold,False,Suriname,SUR,5.07889,-55.15556,True
ICMM14162,secondary,silver,silver,True,Suriname,SUR,5.07889,-55.15556,True
ICMM08663,primary,steel,steel,False,Trinidad and Tobago,TTO,10.403811,-61.48250096,True
ICMM08663,secondary,iron,iron ore,False,Trinidad and Tobago,TTO,10.403811,-61.48250096,True
ICMM00034,primary,gold,gold,False,Venezuela,VEN,7.44314,-61.7558,False
ICMM00038,primary,gold,gold,False,Venezuela,VEN,7.405424,-61.81622,False
ICMM00047,primary,gold,gold,False,Venezuela,VEN,7.315074,-61.840254,True
ICMM00047,secondary,tungsten,tungsten,True,Venezuela,VEN,7.315074,-61.840254,True
ICMM00048,primary,gold,gold,False,Venezuela,VEN,7.317466,-61.799958,True
ICMM00048,secondary,arsenic,arsenic,True,Venezuela,VEN,7.317466,-61.799958,True
ICMM00056,primary,copper,copper,True,Venezuela,VEN,7.18927,-60.6905,False
ICMM00056,secondary,gold,gold,False,Venezuela,VEN,7.18927,-60.6905,False
ICMM00086,primary,gold,gold,False,Venezuela,VEN,6.81984,-61.7472,False
ICMM00097,primary,gold,gold,False,Venezuela,VEN,6.761365,-61.545855,True
ICMM00151,primary,gold,gold,False,Venezuela,VEN,6.2882,-61.8485,False
ICMM00164,primary,gold,gold,False,Venezuela,VEN,6.09097,-61.5716,False
ICMM00252,primary,gold,gold,False,Venezuela,VEN,3.56113,-66.5573,False
ICMM08064,primary,coal,coal,False,Venezuela,VEN,11.03965839,-72.27058893,True
ICMM08470,other,iron ore,iron ore,False,Venezuela,VEN,10.15055558,-67.12418593,True
ICMM08470,primary,ferronickel,nickel,True,Venezuela,VEN,10.15055558,-67.12418593,True
ICMM12964,other,titanium,titanium,True,Venezuela,VEN,7.456472,-63.386113,True
ICMM12964,primary,iron ore,iron ore,False,Venezuela,VEN,7.456472,-63.386113,True
ICMM12964,secondary,manganese,manganese,True,Venezuela,VEN,7.456472,-63.386113,True
ICMM12965,primary,iron ore,iron ore,False,Venezuela,VEN,7.4756045,-63.236589,True
ICMM12966,primary,iron ore,iron ore,False,Venezuela,VEN,7.389203667,-63.22817133,True
ICMM12967,primary,iron ore,iron ore,False,Venezuela,VEN,7.408491,-63.172576,True
ICMM13283,primary,aluminium,bauxite / aluminium,False,Venezuela,VEN,8.17,-62.44,True
ICMM13757,primary,alumina,bauxite / aluminium,False,Venezuela,VEN,8.28333,-62.73333,True
ICMM18493,primary,alumina,bauxite / aluminium,False,Venezuela,VEN,8.27966,-62.8213525,True
